X1,X2,Y
-1.0,-1.0,-0.20985509191010276
-0.9797979797979798,-1.0,0.08780862003026321
-0.9595959595959596,-1.0,0.05152944783428601
-0.9393939393939394,-1.0,-0.3593588462056473
-0.9191919191919192,-1.0,-0.16618807109618897
-0.898989898989899,-1.0,-0.0550249906472422
-0.8787878787878788,-1.0,-0.40310886954240693
-0.8585858585858586,-1.0,-0.10338218186068487
-0.8383838383838383,-1.0,-0.725033274864163
-0.8181818181818181,-1.0,-0.11804955363508746
-0.797979797979798,-1.0,-0.4288124594544913
-0.7777777777777778,-1.0,-0.325657925036548
-0.7575757575757576,-1.0,-0.5072549814197066
-0.7373737373737373,-1.0,-0.7215736041706251
-0.7171717171717171,-1.0,-0.18143459394295836
-0.696969696969697,-1.0,-0.36359612382178763
-0.6767676767676767,-1.0,-0.5793210697431255
-0.6565656565656566,-1.0,-0.5299908205877866
-0.6363636363636364,-1.0,-0.7971327058338735
-0.6161616161616161,-1.0,-0.48351582511346947
-0.5959595959595959,-1.0,-0.38391224796449525
-0.5757575757575757,-1.0,-0.6737386483866507
-0.5555555555555556,-1.0,-0.9330209588110929
-0.5353535353535352,-1.0,-0.9991275372483663
-0.5151515151515151,-1.0,-0.5046189865415529
-0.4949494949494949,-1.0,-0.7657022854870217
-0.4747474747474747,-1.0,-1.0736290536487367
-0.4545454545454545,-1.0,-0.8074714522897424
-0.43434343434343425,-1.0,-0.4922472279394088
-0.41414141414141414,-1.0,-0.929105592061747
-0.3939393939393939,-1.0,-0.9924114360004219
-0.3737373737373737,-1.0,-0.7371178740272742
-0.3535353535353535,-1.0,-0.700129635625735
-0.33333333333333326,-1.0,-0.8625942082928271
-0.31313131313131304,-1.0,-0.8037059435677922
-0.2929292929292928,-1.0,-0.9344004445107565
-0.2727272727272727,-1.0,-0.9416863254250923
-0.2525252525252525,-1.0,-0.7036104565372747
-0.23232323232323226,-1.0,-0.6830558515511425
-0.21212121212121204,-1.0,-1.1838190036745992
-0.19191919191919182,-1.0,-0.8098928584528379
-0.1717171717171716,-1.0,-0.7578977557777429
-0.1515151515151515,-1.0,-0.9703412725370548
-0.13131313131313127,-1.0,-0.5753633578803009
-0.11111111111111105,-1.0,-1.1463559073153795
-0.09090909090909083,-1.0,-1.0743461295592402
-0.07070707070707061,-1.0,-0.6611241649123691
-0.050505050505050386,-1.0,-0.7734341997290657
-0.030303030303030276,-1.0,-0.8354918509354319
-0.010101010101010055,-1.0,-0.9944940154289219
0.010101010101010166,-1.0,-1.454827797818889
0.030303030303030498,-1.0,-1.272684233651838
0.05050505050505061,-1.0,-1.1641260327337113
0.07070707070707072,-1.0,-1.0598320034814337
0.09090909090909105,-1.0,-1.0104835291634604
0.11111111111111116,-1.0,-1.344499058216344
0.1313131313131315,-1.0,-0.9705279380927303
0.1515151515151516,-1.0,-1.0717054668370718
0.1717171717171717,-1.0,-0.746119764893034
0.19191919191919204,-1.0,-1.090339400029891
0.21212121212121215,-1.0,-0.9956843026877071
0.2323232323232325,-1.0,-1.046406769592415
0.2525252525252526,-1.0,-1.1057144554082776
0.27272727272727293,-1.0,-0.7004288963408369
0.29292929292929304,-1.0,-0.6971741247210325
0.31313131313131315,-1.0,-1.217997854169796
0.3333333333333335,-1.0,-0.727635484544009
0.3535353535353536,-1.0,-0.87047848067516
0.3737373737373739,-1.0,-0.7769637520403931
0.39393939393939403,-1.0,-0.6650662599762429
0.41414141414141437,-1.0,-0.8158475500937806
0.4343434343434345,-1.0,-0.7389952958494038
0.4545454545454546,-1.0,-0.9482556496779628
0.4747474747474749,-1.0,-0.8748368916775103
0.49494949494949503,-1.0,-1.0255818470785587
0.5151515151515154,-1.0,-0.7048421037603302
0.5353535353535355,-1.0,-0.3897885516181574
0.5555555555555556,-1.0,-0.6483324834658164
0.5757575757575759,-1.0,-1.0243903884768617
0.595959595959596,-1.0,-0.7021029787243
0.6161616161616164,-1.0,-0.616623277746267
0.6363636363636365,-1.0,-0.6357714787315157
0.6565656565656568,-1.0,-0.8085582817545681
0.6767676767676769,-1.0,-0.5318834977933442
0.696969696969697,-1.0,-0.8206999506158099
0.7171717171717173,-1.0,-0.8547729265092121
0.7373737373737375,-1.0,-0.48085080176057937
0.7575757575757578,-1.0,-0.6884737436066928
0.7777777777777779,-1.0,-0.5463510775287638
0.7979797979797982,-1.0,-0.1832761916061501
0.8181818181818183,-1.0,-0.10797304681817457
0.8383838383838385,-1.0,-0.4128926305072792
0.8585858585858588,-1.0,-0.34791781190855253
0.8787878787878789,-1.0,-0.27018824065079833
0.8989898989898992,-1.0,-0.16199924928684512
0.9191919191919193,-1.0,-0.32265305522013166
0.9393939393939394,-1.0,-0.4934953891337534
0.9595959595959598,-1.0,-0.16006327399074372
0.9797979797979799,-1.0,0.05111378792916699
1.0,-1.0,0.00904791257233504
-1.0,-0.9797979797979798,-0.09211644278458433
-0.9797979797979798,-0.9797979797979798,-0.2261908573496422
-0.9595959595959596,-0.9797979797979798,-0.23907208054153697
-0.9393939393939394,-0.9797979797979798,-0.13144457075654414
-0.9191919191919192,-0.9797979797979798,-0.2052898891616351
-0.898989898989899,-0.9797979797979798,-0.1491140264905888
-0.8787878787878788,-0.9797979797979798,-0.07099820419196713
-0.8585858585858586,-0.9797979797979798,-0.1266162236083394
-0.8383838383838383,-0.9797979797979798,-0.5646749551579711
-0.8181818181818181,-0.9797979797979798,-0.2244200500986278
-0.797979797979798,-0.9797979797979798,0.010227844301937405
-0.7777777777777778,-0.9797979797979798,-0.28374485863080423
-0.7575757575757576,-0.9797979797979798,-0.16126151224067778
-0.7373737373737373,-0.9797979797979798,-0.4328001029372057
-0.7171717171717171,-0.9797979797979798,-0.3814876518152742
-0.696969696969697,-0.9797979797979798,-0.49021061255554654
-0.6767676767676767,-0.9797979797979798,-0.7019771392684432
-0.6565656565656566,-0.9797979797979798,-0.7888653083945105
-0.6363636363636364,-0.9797979797979798,-0.7037101121071536
-0.6161616161616161,-0.9797979797979798,-0.390279386657515
-0.5959595959595959,-0.9797979797979798,-0.6130296561019182
-0.5757575757575757,-0.9797979797979798,-0.6260195797613531
-0.5555555555555556,-0.9797979797979798,-0.6043997771129076
-0.5353535353535352,-0.9797979797979798,-0.627567334791499
-0.5151515151515151,-0.9797979797979798,-0.4951985045754881
-0.4949494949494949,-0.9797979797979798,-0.9345365033311854
-0.4747474747474747,-0.9797979797979798,-0.9904784826648128
-0.4545454545454545,-0.9797979797979798,-0.8218757870037616
-0.43434343434343425,-0.9797979797979798,-0.831823718742095
-0.41414141414141414,-0.9797979797979798,-0.6803784090671894
-0.3939393939393939,-0.9797979797979798,-0.742712278754657
-0.3737373737373737,-0.9797979797979798,-0.8039659091761927
-0.3535353535353535,-0.9797979797979798,-0.617830446856865
-0.33333333333333326,-0.9797979797979798,-0.9482769322842025
-0.31313131313131304,-0.9797979797979798,-0.777909344246442
-0.2929292929292928,-0.9797979797979798,-0.8379314651584132
-0.2727272727272727,-0.9797979797979798,-0.9743216463791623
-0.2525252525252525,-0.9797979797979798,-1.4420096751846303
-0.23232323232323226,-0.9797979797979798,-1.0073921500005267
-0.21212121212121204,-0.9797979797979798,-0.9804336157994936
-0.19191919191919182,-0.9797979797979798,-1.1663501513757881
-0.1717171717171716,-0.9797979797979798,-0.697456646425354
-0.1515151515151515,-0.9797979797979798,-0.5768486303755618
-0.13131313131313127,-0.9797979797979798,-0.9469200574837738
-0.11111111111111105,-0.9797979797979798,-1.007161983042354
-0.09090909090909083,-0.9797979797979798,-0.8831965574256204
-0.07070707070707061,-0.9797979797979798,-1.0539190626505586
-0.050505050505050386,-0.9797979797979798,-1.155830944331634
-0.030303030303030276,-0.9797979797979798,-0.8477158064588848
-0.010101010101010055,-0.9797979797979798,-0.8842053471042373
0.010101010101010166,-0.9797979797979798,-0.8672839752975394
0.030303030303030498,-0.9797979797979798,-0.9425384313285747
0.05050505050505061,-0.9797979797979798,-1.1070608680168161
0.07070707070707072,-0.9797979797979798,-0.9109977183282839
0.09090909090909105,-0.9797979797979798,-0.8217098157759268
0.11111111111111116,-0.9797979797979798,-0.8891488570784418
0.1313131313131315,-0.9797979797979798,-0.9817495304752634
0.1515151515151516,-0.9797979797979798,-1.0291773541592004
0.1717171717171717,-0.9797979797979798,-0.9917252438863882
0.19191919191919204,-0.9797979797979798,-0.8432437301390738
0.21212121212121215,-0.9797979797979798,-0.8011084207928032
0.2323232323232325,-0.9797979797979798,-0.9507576426772409
0.2525252525252526,-0.9797979797979798,-0.8966026081568131
0.27272727272727293,-0.9797979797979798,-1.0208627189104784
0.29292929292929304,-0.9797979797979798,-0.8658671451955471
0.31313131313131315,-0.9797979797979798,-0.6721354659120274
0.3333333333333335,-0.9797979797979798,-0.8528341715941385
0.3535353535353536,-0.9797979797979798,-0.8590931782704654
0.3737373737373739,-0.9797979797979798,-0.7984207020916844
0.39393939393939403,-0.9797979797979798,-0.6068066583890633
0.41414141414141437,-0.9797979797979798,-0.5738843116869524
0.4343434343434345,-0.9797979797979798,-0.9110318042462111
0.4545454545454546,-0.9797979797979798,-0.6889767342195949
0.4747474747474749,-0.9797979797979798,-1.1764706897569515
0.49494949494949503,-0.9797979797979798,-0.6872742974508553
0.5151515151515154,-0.9797979797979798,-0.5155541800070604
0.5353535353535355,-0.9797979797979798,-0.5759714767336853
0.5555555555555556,-0.9797979797979798,-0.4106199712943245
0.5757575757575759,-0.9797979797979798,-0.710570126325271
0.595959595959596,-0.9797979797979798,-0.4484199414596971
0.6161616161616164,-0.9797979797979798,-0.8083825900062152
0.6363636363636365,-0.9797979797979798,-1.14033645943248
0.6565656565656568,-0.9797979797979798,-0.5545204980118428
0.6767676767676769,-0.9797979797979798,-0.4447142747635678
0.696969696969697,-0.9797979797979798,-0.7440634433455837
0.7171717171717173,-0.9797979797979798,-0.8120637080932611
0.7373737373737375,-0.9797979797979798,-0.3902049329032782
0.7575757575757578,-0.9797979797979798,-0.6061802268426424
0.7777777777777779,-0.9797979797979798,-0.41996900264699516
0.7979797979797982,-0.9797979797979798,-0.5567143050089962
0.8181818181818183,-0.9797979797979798,-0.2728127128619971
0.8383838383838385,-0.9797979797979798,-0.0792575882049783
0.8585858585858588,-0.9797979797979798,-0.26201368823688587
0.8787878787878789,-0.9797979797979798,-0.1614990152644055
0.8989898989898992,-0.9797979797979798,0.0404111290405173
0.9191919191919193,-0.9797979797979798,-0.5713122537947115
0.9393939393939394,-0.9797979797979798,0.009790628249768174
0.9595959595959598,-0.9797979797979798,0.05502507412297657
0.9797979797979799,-0.9797979797979798,-0.06379086261452722
1.0,-0.9797979797979798,0.06689106986380049
-1.0,-0.9595959595959596,0.16020066185285725
-0.9797979797979798,-0.9595959595959596,0.0014883893246006585
-0.9595959595959596,-0.9595959595959596,-0.07110152881310391
-0.9393939393939394,-0.9595959595959596,-0.20201164215636447
-0.9191919191919192,-0.9595959595959596,-0.08977051680273547
-0.898989898989899,-0.9595959595959596,-0.2783573681467283
-0.8787878787878788,-0.9595959595959596,-0.26022137738192797
-0.8585858585858586,-0.9595959595959596,-0.1485087736807671
-0.8383838383838383,-0.9595959595959596,-0.45206573263194716
-0.8181818181818181,-0.9595959595959596,-0.1574808679174517
-0.797979797979798,-0.9595959595959596,-0.4641024519615065
-0.7777777777777778,-0.9595959595959596,-0.10924603725232504
-0.7575757575757576,-0.9595959595959596,-0.020844148289759
-0.7373737373737373,-0.9595959595959596,-0.1886188311228475
-0.7171717171717171,-0.9595959595959596,-0.25059193326417717
-0.696969696969697,-0.9595959595959596,-0.43176482499405455
-0.6767676767676767,-0.9595959595959596,-0.7934595465263234
-0.6565656565656566,-0.9595959595959596,-0.3683487251076857
-0.6363636363636364,-0.9595959595959596,-0.641779037269804
-0.6161616161616161,-0.9595959595959596,-0.297845283900054
-0.5959595959595959,-0.9595959595959596,-0.38882478243646645
-0.5757575757575757,-0.9595959595959596,-0.6582456067762437
-0.5555555555555556,-0.9595959595959596,-0.5609225704643171
-0.5353535353535352,-0.9595959595959596,-0.7377903005304202
-0.5151515151515151,-0.9595959595959596,-0.8998525404373575
-0.4949494949494949,-0.9595959595959596,-0.5330394200760342
-0.4747474747474747,-0.9595959595959596,-0.8454657944659663
-0.4545454545454545,-0.9595959595959596,-0.8727072729192931
-0.43434343434343425,-0.9595959595959596,-0.7733317874226883
-0.41414141414141414,-0.9595959595959596,-0.760166040102152
-0.3939393939393939,-0.9595959595959596,-0.8273636594787575
-0.3737373737373737,-0.9595959595959596,-0.40712090217332836
-0.3535353535353535,-0.9595959595959596,-1.1328197013756673
-0.33333333333333326,-0.9595959595959596,-1.029889534351591
-0.31313131313131304,-0.9595959595959596,-0.9547821879869074
-0.2929292929292928,-0.9595959595959596,-0.9756425996452015
-0.2727272727272727,-0.9595959595959596,-0.4307025593244046
-0.2525252525252525,-0.9595959595959596,-0.8566058071378186
-0.23232323232323226,-0.9595959595959596,-0.5558233322843997
-0.21212121212121204,-0.9595959595959596,-0.8646247004076459
-0.19191919191919182,-0.9595959595959596,-0.9942526593920261
-0.1717171717171716,-0.9595959595959596,-0.8279809302900832
-0.1515151515151515,-0.9595959595959596,-0.5852954007109917
-0.13131313131313127,-0.9595959595959596,-0.8470950915242684
-0.11111111111111105,-0.9595959595959596,-0.6840754834574786
-0.09090909090909083,-0.9595959595959596,-0.6370977702331091
-0.07070707070707061,-0.9595959595959596,-1.0136867069234339
-0.050505050505050386,-0.9595959595959596,-0.7423816023498171
-0.030303030303030276,-0.9595959595959596,-1.1951816795926051
-0.010101010101010055,-0.9595959595959596,-0.9133224703277288
0.010101010101010166,-0.9595959595959596,-0.9808669560612983
0.030303030303030498,-0.9595959595959596,-0.5187129577414048
0.05050505050505061,-0.9595959595959596,-0.8484598103966244
0.07070707070707072,-0.9595959595959596,-0.8706282859026535
0.09090909090909105,-0.9595959595959596,-0.9711935644722711
0.11111111111111116,-0.9595959595959596,-0.9656675179052693
0.1313131313131315,-0.9595959595959596,-0.7020717234176433
0.1515151515151516,-0.9595959595959596,-0.500195874331284
0.1717171717171717,-0.9595959595959596,-0.6769459598053316
0.19191919191919204,-0.9595959595959596,-0.677006531288161
0.21212121212121215,-0.9595959595959596,-1.1841759959716367
0.2323232323232325,-0.9595959595959596,-0.5935183137368456
0.2525252525252526,-0.9595959595959596,-0.8708740159965292
0.27272727272727293,-0.9595959595959596,-0.8020262715874839
0.29292929292929304,-0.9595959595959596,-0.9530086566141607
0.31313131313131315,-0.9595959595959596,-0.7871212199922355
0.3333333333333335,-0.9595959595959596,-0.5227133586938539
0.3535353535353536,-0.9595959595959596,-0.8384044925632882
0.3737373737373739,-0.9595959595959596,-0.6860741344237584
0.39393939393939403,-0.9595959595959596,-1.1018213424492278
0.41414141414141437,-0.9595959595959596,-0.7018620947484114
0.4343434343434345,-0.9595959595959596,-0.8590166705249549
0.4545454545454546,-0.9595959595959596,-0.5245543944130773
0.4747474747474749,-0.9595959595959596,-0.6557533436087062
0.49494949494949503,-0.9595959595959596,-0.7871176520692915
0.5151515151515154,-0.9595959595959596,-0.870229538512414
0.5353535353535355,-0.9595959595959596,-0.4773824747327794
0.5555555555555556,-0.9595959595959596,-1.0903667012960672
0.5757575757575759,-0.9595959595959596,-0.5812596711623685
0.595959595959596,-0.9595959595959596,-0.21862204070483593
0.6161616161616164,-0.9595959595959596,-0.7585262088648154
0.6363636363636365,-0.9595959595959596,-0.7524668581072582
0.6565656565656568,-0.9595959595959596,-0.3512217515203458
0.6767676767676769,-0.9595959595959596,-0.38574588839190826
0.696969696969697,-0.9595959595959596,-0.2598291041719685
0.7171717171717173,-0.9595959595959596,-0.5174256738025702
0.7373737373737375,-0.9595959595959596,-0.39358501233229387
0.7575757575757578,-0.9595959595959596,-0.41206108020468785
0.7777777777777779,-0.9595959595959596,-0.11628455317019482
0.7979797979797982,-0.9595959595959596,-0.24219261718957408
0.8181818181818183,-0.9595959595959596,-0.1995859323243823
0.8383838383838385,-0.9595959595959596,-0.41519630758397885
0.8585858585858588,-0.9595959595959596,-0.32534985401915884
0.8787878787878789,-0.9595959595959596,-0.17587940059967494
0.8989898989898992,-0.9595959595959596,0.07075178912207311
0.9191919191919193,-0.9595959595959596,0.05879630221881735
0.9393939393939394,-0.9595959595959596,0.07521073992374244
0.9595959595959598,-0.9595959595959596,-0.2059974481523726
0.9797979797979799,-0.9595959595959596,-0.3032625357648339
1.0,-0.9595959595959596,-0.1728681417635532
-1.0,-0.9393939393939394,0.31484357543999586
-0.9797979797979798,-0.9393939393939394,0.0030349453308143176
-0.9595959595959596,-0.9393939393939394,0.5357536783427355
-0.9393939393939394,-0.9393939393939394,0.07366032254668146
-0.9191919191919192,-0.9393939393939394,-0.1896274027728368
-0.898989898989899,-0.9393939393939394,0.20818450375780773
-0.8787878787878788,-0.9393939393939394,-0.09907109440308413
-0.8585858585858586,-0.9393939393939394,-0.4354672430478378
-0.8383838383838383,-0.9393939393939394,-0.02714628967338273
-0.8181818181818181,-0.9393939393939394,-0.05417962245673591
-0.797979797979798,-0.9393939393939394,-0.3064661210662523
-0.7777777777777778,-0.9393939393939394,-0.3557842493998799
-0.7575757575757576,-0.9393939393939394,-0.337663944277251
-0.7373737373737373,-0.9393939393939394,-0.27008338827247697
-0.7171717171717171,-0.9393939393939394,-0.6251462866634094
-0.696969696969697,-0.9393939393939394,-0.04368742068454173
-0.6767676767676767,-0.9393939393939394,-0.3769456675730182
-0.6565656565656566,-0.9393939393939394,-0.8669574968081548
-0.6363636363636364,-0.9393939393939394,-0.6039211116116943
-0.6161616161616161,-0.9393939393939394,-0.8089996104910502
-0.5959595959595959,-0.9393939393939394,-0.42433218977029896
-0.5757575757575757,-0.9393939393939394,-0.09138050723159147
-0.5555555555555556,-0.9393939393939394,-0.5077552604076347
-0.5353535353535352,-0.9393939393939394,-0.7097895678413999
-0.5151515151515151,-0.9393939393939394,-0.7912526248746037
-0.4949494949494949,-0.9393939393939394,-0.6471660084980289
-0.4747474747474747,-0.9393939393939394,-0.5659083929257132
-0.4545454545454545,-0.9393939393939394,-0.13025058783511978
-0.43434343434343425,-0.9393939393939394,-0.8436471348498739
-0.41414141414141414,-0.9393939393939394,-0.850385505228887
-0.3939393939393939,-0.9393939393939394,-0.5299344007300105
-0.3737373737373737,-0.9393939393939394,-0.9321217316605619
-0.3535353535353535,-0.9393939393939394,-1.0499031536987429
-0.33333333333333326,-0.9393939393939394,-0.7911389997488049
-0.31313131313131304,-0.9393939393939394,-0.73015875308165
-0.2929292929292928,-0.9393939393939394,-0.7002221592151834
-0.2727272727272727,-0.9393939393939394,-0.8964096711238285
-0.2525252525252525,-0.9393939393939394,-0.6802042573153184
-0.23232323232323226,-0.9393939393939394,-0.7837728722126197
-0.21212121212121204,-0.9393939393939394,-0.8619942867944909
-0.19191919191919182,-0.9393939393939394,-0.5582316723804241
-0.1717171717171716,-0.9393939393939394,-0.5544824584180178
-0.1515151515151515,-0.9393939393939394,-1.0488854471816982
-0.13131313131313127,-0.9393939393939394,-0.6742244163055364
-0.11111111111111105,-0.9393939393939394,-1.1967417209524482
-0.09090909090909083,-0.9393939393939394,-0.6581997546501208
-0.07070707070707061,-0.9393939393939394,-0.9974783018859296
-0.050505050505050386,-0.9393939393939394,-1.0416152144587807
-0.030303030303030276,-0.9393939393939394,-0.6975434972543089
-0.010101010101010055,-0.9393939393939394,-0.6646013777946072
0.010101010101010166,-0.9393939393939394,-0.7541982172040023
0.030303030303030498,-0.9393939393939394,-0.9969021392318014
0.05050505050505061,-0.9393939393939394,-0.940024606412153
0.07070707070707072,-0.9393939393939394,-0.950679684457282
0.09090909090909105,-0.9393939393939394,-0.8361550841135965
0.11111111111111116,-0.9393939393939394,-0.8916347407846076
0.1313131313131315,-0.9393939393939394,-0.9917732528937
0.1515151515151516,-0.9393939393939394,-0.92566399352864
0.1717171717171717,-0.9393939393939394,-0.7966501432477556
0.19191919191919204,-0.9393939393939394,-0.7423717167073884
0.21212121212121215,-0.9393939393939394,-0.7747223795853304
0.2323232323232325,-0.9393939393939394,-0.6106180253647577
0.2525252525252526,-0.9393939393939394,-0.9532551357049807
0.27272727272727293,-0.9393939393939394,-0.995442085832201
0.29292929292929304,-0.9393939393939394,-0.6801133167859144
0.31313131313131315,-0.9393939393939394,-0.9438539074026646
0.3333333333333335,-0.9393939393939394,-0.5004456778966323
0.3535353535353536,-0.9393939393939394,-0.888603015768881
0.3737373737373739,-0.9393939393939394,-0.6619515803037346
0.39393939393939403,-0.9393939393939394,-0.8449392593569659
0.41414141414141437,-0.9393939393939394,-0.49307028399568015
0.4343434343434345,-0.9393939393939394,-0.8908984810815268
0.4545454545454546,-0.9393939393939394,-1.090344775180017
0.4747474747474749,-0.9393939393939394,-0.2820229544100326
0.49494949494949503,-0.9393939393939394,-0.5371364242175287
0.5151515151515154,-0.9393939393939394,-0.5981441576426759
0.5353535353535355,-0.9393939393939394,-0.5712347063092265
0.5555555555555556,-0.9393939393939394,-0.4124169267475909
0.5757575757575759,-0.9393939393939394,-0.5608563749215726
0.595959595959596,-0.9393939393939394,-0.6751402898881362
0.6161616161616164,-0.9393939393939394,-0.40560664247876554
0.6363636363636365,-0.9393939393939394,-0.44160185998117013
0.6565656565656568,-0.9393939393939394,-0.28723736331384475
0.6767676767676769,-0.9393939393939394,-0.285615793177799
0.696969696969697,-0.9393939393939394,-0.27651729561129407
0.7171717171717173,-0.9393939393939394,-0.2595589283288516
0.7373737373737375,-0.9393939393939394,-0.12100411603423583
0.7575757575757578,-0.9393939393939394,-0.10826297573625765
0.7777777777777779,-0.9393939393939394,-0.479029494874436
0.7979797979797982,-0.9393939393939394,-0.17093743044143858
0.8181818181818183,-0.9393939393939394,-0.26098156608395584
0.8383838383838385,-0.9393939393939394,-0.16232062437398379
0.8585858585858588,-0.9393939393939394,-0.11097339536964292
0.8787878787878789,-0.9393939393939394,-0.41394411684985943
0.8989898989898992,-0.9393939393939394,-0.1414024447336294
0.9191919191919193,-0.9393939393939394,-0.07300445629895953
0.9393939393939394,-0.9393939393939394,0.07944444481296192
0.9595959595959598,-0.9393939393939394,0.22769992870344943
0.9797979797979799,-0.9393939393939394,-0.23925821741064596
1.0,-0.9393939393939394,0.0767027633535984
-1.0,-0.9191919191919192,0.09966099818588606
-0.9797979797979798,-0.9191919191919192,0.3408219987083878
-0.9595959595959596,-0.9191919191919192,-0.22989589708966762
-0.9393939393939394,-0.9191919191919192,0.23738123161643687
-0.9191919191919192,-0.9191919191919192,0.01446221986273817
-0.898989898989899,-0.9191919191919192,0.12874647671274791
-0.8787878787878788,-0.9191919191919192,-0.08274248590150886
-0.8585858585858586,-0.9191919191919192,0.44357812030910515
-0.8383838383838383,-0.9191919191919192,-0.22348070320881896
-0.8181818181818181,-0.9191919191919192,-0.21983265636736188
-0.797979797979798,-0.9191919191919192,-0.3162614507773789
-0.7777777777777778,-0.9191919191919192,0.07212840675049031
-0.7575757575757576,-0.9191919191919192,-0.3367782407025309
-0.7373737373737373,-0.9191919191919192,-0.5383927616997154
-0.7171717171717171,-0.9191919191919192,-0.3456736556545457
-0.696969696969697,-0.9191919191919192,-0.6011694712722506
-0.6767676767676767,-0.9191919191919192,-0.5191400007934343
-0.6565656565656566,-0.9191919191919192,-0.3475059236460003
-0.6363636363636364,-0.9191919191919192,-0.5450110224043327
-0.6161616161616161,-0.9191919191919192,-0.5276542946575711
-0.5959595959595959,-0.9191919191919192,-0.4072799286869578
-0.5757575757575757,-0.9191919191919192,-0.10966774605605761
-0.5555555555555556,-0.9191919191919192,-0.5932181658872789
-0.5353535353535352,-0.9191919191919192,-0.803465779617624
-0.5151515151515151,-0.9191919191919192,-0.8068436297480421
-0.4949494949494949,-0.9191919191919192,-0.7616280547049177
-0.4747474747474747,-0.9191919191919192,-0.7109252605185402
-0.4545454545454545,-0.9191919191919192,-0.7301271040041935
-0.43434343434343425,-0.9191919191919192,-0.9209921684859925
-0.41414141414141414,-0.9191919191919192,-0.3175894575539595
-0.3939393939393939,-0.9191919191919192,-0.7269452778522558
-0.3737373737373737,-0.9191919191919192,-0.7322600365211845
-0.3535353535353535,-0.9191919191919192,-0.6791661977962453
-0.33333333333333326,-0.9191919191919192,-0.47459041185847395
-0.31313131313131304,-0.9191919191919192,-0.9017422111618457
-0.2929292929292928,-0.9191919191919192,-0.8451097920776701
-0.2727272727272727,-0.9191919191919192,-0.5993025661165247
-0.2525252525252525,-0.9191919191919192,-0.597034846289132
-0.23232323232323226,-0.9191919191919192,-0.8109527309398302
-0.21212121212121204,-0.9191919191919192,-0.43725573567009157
-0.19191919191919182,-0.9191919191919192,-1.0646963463658894
-0.1717171717171716,-0.9191919191919192,-0.9526502347037795
-0.1515151515151515,-0.9191919191919192,-1.2438760681535084
-0.13131313131313127,-0.9191919191919192,-0.6598597005708571
-0.11111111111111105,-0.9191919191919192,-0.9810451674057263
-0.09090909090909083,-0.9191919191919192,-1.0276288984100053
-0.07070707070707061,-0.9191919191919192,-1.0845981048433837
-0.050505050505050386,-0.9191919191919192,-0.9851219528100325
-0.030303030303030276,-0.9191919191919192,-0.425893859893688
-0.010101010101010055,-0.9191919191919192,-0.9382310836105924
0.010101010101010166,-0.9191919191919192,-0.8005240686280378
0.030303030303030498,-0.9191919191919192,-0.817608293529298
0.05050505050505061,-0.9191919191919192,-0.7368444366013751
0.07070707070707072,-0.9191919191919192,-0.9616710878578827
0.09090909090909105,-0.9191919191919192,-0.6444569787565061
0.11111111111111116,-0.9191919191919192,-1.1293744514621185
0.1313131313131315,-0.9191919191919192,-0.7420586731950897
0.1515151515151516,-0.9191919191919192,-1.0543451844924148
0.1717171717171717,-0.9191919191919192,-0.7485458738030346
0.19191919191919204,-0.9191919191919192,-0.7493953670844734
0.21212121212121215,-0.9191919191919192,-0.6733406475496125
0.2323232323232325,-0.9191919191919192,-0.598517997918825
0.2525252525252526,-0.9191919191919192,-0.537716141567117
0.27272727272727293,-0.9191919191919192,-0.6576346593540864
0.29292929292929304,-0.9191919191919192,-0.47575088228646495
0.31313131313131315,-0.9191919191919192,-0.6606704676576315
0.3333333333333335,-0.9191919191919192,-0.7070655521139412
0.3535353535353536,-0.9191919191919192,-0.8099317047334821
0.3737373737373739,-0.9191919191919192,-0.5684365401193141
0.39393939393939403,-0.9191919191919192,-1.2185068530884782
0.41414141414141437,-0.9191919191919192,-0.6600988979696008
0.4343434343434345,-0.9191919191919192,-0.499492584659073
0.4545454545454546,-0.9191919191919192,-0.5831235727638022
0.4747474747474749,-0.9191919191919192,-0.8034240499229418
0.49494949494949503,-0.9191919191919192,-0.9135237118729475
0.5151515151515154,-0.9191919191919192,-0.8039543203432908
0.5353535353535355,-0.9191919191919192,-0.312375060404078
0.5555555555555556,-0.9191919191919192,-0.25278585419455635
0.5757575757575759,-0.9191919191919192,-0.10645509841868533
0.595959595959596,-0.9191919191919192,-0.8118813353544969
0.6161616161616164,-0.9191919191919192,-0.33460742270069754
0.6363636363636365,-0.9191919191919192,-0.24695833093575895
0.6565656565656568,-0.9191919191919192,-0.32264165255664373
0.6767676767676769,-0.9191919191919192,-0.3512314910795168
0.696969696969697,-0.9191919191919192,-0.14454248190758967
0.7171717171717173,-0.9191919191919192,-0.18285662676185271
0.7373737373737375,-0.9191919191919192,0.12743861130363776
0.7575757575757578,-0.9191919191919192,-0.2214364246620599
0.7777777777777779,-0.9191919191919192,-0.19850621725477186
0.7979797979797982,-0.9191919191919192,-0.514139924026604
0.8181818181818183,-0.9191919191919192,-0.05364340076324914
0.8383838383838385,-0.9191919191919192,-0.04627049428670377
0.8585858585858588,-0.9191919191919192,-0.1513945032032661
0.8787878787878789,-0.9191919191919192,-0.009407382848205123
0.8989898989898992,-0.9191919191919192,0.04935065654888361
0.9191919191919193,-0.9191919191919192,0.09392347793792892
0.9393939393939394,-0.9191919191919192,0.011639665675814401
0.9595959595959598,-0.9191919191919192,0.21618566382489113
0.9797979797979799,-0.9191919191919192,-0.2267446237551361
1.0,-0.9191919191919192,0.05300736385615647
-1.0,-0.898989898989899,0.5433104963811723
-0.9797979797979798,-0.898989898989899,-0.3034885295077181
-0.9595959595959596,-0.898989898989899,0.20689953898933533
-0.9393939393939394,-0.898989898989899,-0.2039176626060239
-0.9191919191919192,-0.898989898989899,-0.3304502281943408
-0.898989898989899,-0.898989898989899,-0.005262654525707038
-0.8787878787878788,-0.898989898989899,0.17437571428535745
-0.8585858585858586,-0.898989898989899,-0.11141374500075041
-0.8383838383838383,-0.898989898989899,-0.045232752028710896
-0.8181818181818181,-0.898989898989899,-0.16540230119775573
-0.797979797979798,-0.898989898989899,-0.26312680521984644
-0.7777777777777778,-0.898989898989899,-0.20563308386284113
-0.7575757575757576,-0.898989898989899,-0.4073601541353453
-0.7373737373737373,-0.898989898989899,-0.3874318800911422
-0.7171717171717171,-0.898989898989899,0.03871739284670228
-0.696969696969697,-0.898989898989899,-0.7262422955996167
-0.6767676767676767,-0.898989898989899,-0.4254395927732888
-0.6565656565656566,-0.898989898989899,-0.34256608006635786
-0.6363636363636364,-0.898989898989899,-0.6202866427332433
-0.6161616161616161,-0.898989898989899,-0.5068381512180934
-0.5959595959595959,-0.898989898989899,-0.1523735966812741
-0.5757575757575757,-0.898989898989899,-0.722670814404418
-0.5555555555555556,-0.898989898989899,-0.6617273326206781
-0.5353535353535352,-0.898989898989899,-0.27165524061505286
-0.5151515151515151,-0.898989898989899,-0.7821467483870026
-0.4949494949494949,-0.898989898989899,-0.3493685049915024
-0.4747474747474747,-0.898989898989899,-0.6299454580486549
-0.4545454545454545,-0.898989898989899,-0.3760680442508205
-0.43434343434343425,-0.898989898989899,-0.48918833004226536
-0.41414141414141414,-0.898989898989899,-0.8309271234613774
-0.3939393939393939,-0.898989898989899,-0.7461143443103043
-0.3737373737373737,-0.898989898989899,-0.5454164135608363
-0.3535353535353535,-0.898989898989899,-0.8259201384307804
-0.33333333333333326,-0.898989898989899,-0.3773473607123313
-0.31313131313131304,-0.898989898989899,-0.4845876296242243
-0.2929292929292928,-0.898989898989899,-0.9401794113013675
-0.2727272727272727,-0.898989898989899,-0.7311639998553574
-0.2525252525252525,-0.898989898989899,-1.1666321454577209
-0.23232323232323226,-0.898989898989899,-0.6745344462579801
-0.21212121212121204,-0.898989898989899,-0.7790290063411429
-0.19191919191919182,-0.898989898989899,-0.5390307408282704
-0.1717171717171716,-0.898989898989899,-0.4507570764880104
-0.1515151515151515,-0.898989898989899,-0.6810529646532537
-0.13131313131313127,-0.898989898989899,-0.661215059374552
-0.11111111111111105,-0.898989898989899,-0.7633557660675847
-0.09090909090909083,-0.898989898989899,-0.6037825922930702
-0.07070707070707061,-0.898989898989899,-0.6112063280568535
-0.050505050505050386,-0.898989898989899,-0.6982869832558407
-0.030303030303030276,-0.898989898989899,-1.0217844435754515
-0.010101010101010055,-0.898989898989899,-0.384435368662498
0.010101010101010166,-0.898989898989899,-0.7585391569857456
0.030303030303030498,-0.898989898989899,-0.8161487677342681
0.05050505050505061,-0.898989898989899,-0.5129773078841895
0.07070707070707072,-0.898989898989899,-0.5063247399468429
0.09090909090909105,-0.898989898989899,-0.7028771287732831
0.11111111111111116,-0.898989898989899,-0.5403433068560717
0.1313131313131315,-0.898989898989899,-1.007244374796034
0.1515151515151516,-0.898989898989899,-0.8720964124442253
0.1717171717171717,-0.898989898989899,-0.9706007211613605
0.19191919191919204,-0.898989898989899,-0.519267516469792
0.21212121212121215,-0.898989898989899,-0.5426362326462263
0.2323232323232325,-0.898989898989899,-0.3063690551979072
0.2525252525252526,-0.898989898989899,-0.46762513596026456
0.27272727272727293,-0.898989898989899,-0.957287059599017
0.29292929292929304,-0.898989898989899,-0.40885879059901276
0.31313131313131315,-0.898989898989899,-1.0789364375687303
0.3333333333333335,-0.898989898989899,-0.696635498594243
0.3535353535353536,-0.898989898989899,-0.9138383213171989
0.3737373737373739,-0.898989898989899,-0.28441852134706425
0.39393939393939403,-0.898989898989899,-0.39120423944623056
0.41414141414141437,-0.898989898989899,-0.9938797735216922
0.4343434343434345,-0.898989898989899,-0.7266018928629667
0.4545454545454546,-0.898989898989899,-0.3417283263131019
0.4747474747474749,-0.898989898989899,-0.48747041046319545
0.49494949494949503,-0.898989898989899,-0.2706254205019608
0.5151515151515154,-0.898989898989899,-0.6535817016988096
0.5353535353535355,-0.898989898989899,-0.7118567867419763
0.5555555555555556,-0.898989898989899,-0.1671295052011904
0.5757575757575759,-0.898989898989899,-0.3174307029230211
0.595959595959596,-0.898989898989899,-0.6741866361217231
0.6161616161616164,-0.898989898989899,-0.2622725785327308
0.6363636363636365,-0.898989898989899,-0.49566026320911905
0.6565656565656568,-0.898989898989899,-0.6239765389738524
0.6767676767676769,-0.898989898989899,-0.4159975689914705
0.696969696969697,-0.898989898989899,-0.5597860483340474
0.7171717171717173,-0.898989898989899,-0.13187855948818075
0.7373737373737375,-0.898989898989899,-0.6135710672002068
0.7575757575757578,-0.898989898989899,-0.3974301511563697
0.7777777777777779,-0.898989898989899,0.18134428483727488
0.7979797979797982,-0.898989898989899,-0.2779120936557221
0.8181818181818183,-0.898989898989899,-0.33141153081028385
0.8383838383838385,-0.898989898989899,-0.1909430339182419
0.8585858585858588,-0.898989898989899,-0.0434905067131274
0.8787878787878789,-0.898989898989899,-0.12036966503256603
0.8989898989898992,-0.898989898989899,-0.40834210195328624
0.9191919191919193,-0.898989898989899,-0.38017036356024575
0.9393939393939394,-0.898989898989899,0.3287551977690051
0.9595959595959598,-0.898989898989899,0.144775560978811
0.9797979797979799,-0.898989898989899,0.306729161478205
1.0,-0.898989898989899,0.008172499483643292
-1.0,-0.8787878787878788,0.4998410153085315
-0.9797979797979798,-0.8787878787878788,0.156610388964138
-0.9595959595959596,-0.8787878787878788,0.33831620392941275
-0.9393939393939394,-0.8787878787878788,0.20810303426990887
-0.9191919191919192,-0.8787878787878788,0.2127401946637918
-0.898989898989899,-0.8787878787878788,0.24544099378797135
-0.8787878787878788,-0.8787878787878788,0.10771088146616675
-0.8585858585858586,-0.8787878787878788,-0.1396576497499727
-0.8383838383838383,-0.8787878787878788,-0.17835549551185137
-0.8181818181818181,-0.8787878787878788,0.0011615635553546833
-0.797979797979798,-0.8787878787878788,-0.1358049923598032
-0.7777777777777778,-0.8787878787878788,0.08857555545784862
-0.7575757575757576,-0.8787878787878788,-0.3097502865839423
-0.7373737373737373,-0.8787878787878788,-0.12601143937261783
-0.7171717171717171,-0.8787878787878788,-0.5061329480836307
-0.696969696969697,-0.8787878787878788,-0.17722463473525824
-0.6767676767676767,-0.8787878787878788,-0.5441869178219916
-0.6565656565656566,-0.8787878787878788,-0.13407858182099083
-0.6363636363636364,-0.8787878787878788,-0.6065888739228347
-0.6161616161616161,-0.8787878787878788,-0.40940212284851824
-0.5959595959595959,-0.8787878787878788,-0.4475618018577859
-0.5757575757575757,-0.8787878787878788,-0.5998647609146721
-0.5555555555555556,-0.8787878787878788,-0.6806375718941824
-0.5353535353535352,-0.8787878787878788,-0.5546212548895355
-0.5151515151515151,-0.8787878787878788,-0.5652424723033851
-0.4949494949494949,-0.8787878787878788,-0.4353824527084086
-0.4747474747474747,-0.8787878787878788,-0.6772933889550932
-0.4545454545454545,-0.8787878787878788,-0.6957934149742678
-0.43434343434343425,-0.8787878787878788,-0.73673606770438
-0.41414141414141414,-0.8787878787878788,-0.635457105994773
-0.3939393939393939,-0.8787878787878788,-0.8520219731046291
-0.3737373737373737,-0.8787878787878788,-0.03385735457125827
-0.3535353535353535,-0.8787878787878788,-0.9274535793375591
-0.33333333333333326,-0.8787878787878788,-0.7451299922810211
-0.31313131313131304,-0.8787878787878788,-0.7270919092083166
-0.2929292929292928,-0.8787878787878788,-0.740894138600273
-0.2727272727272727,-0.8787878787878788,-0.8184564827727139
-0.2525252525252525,-0.8787878787878788,-0.7691795186157218
-0.23232323232323226,-0.8787878787878788,-0.6933312440201789
-0.21212121212121204,-0.8787878787878788,-0.5826617504307026
-0.19191919191919182,-0.8787878787878788,-0.5833698165126491
-0.1717171717171716,-0.8787878787878788,-0.5431252157915196
-0.1515151515151515,-0.8787878787878788,-0.8501976856095294
-0.13131313131313127,-0.8787878787878788,-1.0237520698500482
-0.11111111111111105,-0.8787878787878788,-0.5133893320884367
-0.09090909090909083,-0.8787878787878788,-1.2515230228992578
-0.07070707070707061,-0.8787878787878788,-1.01674440162187
-0.050505050505050386,-0.8787878787878788,-0.7729407931333176
-0.030303030303030276,-0.8787878787878788,-0.6960420620235949
-0.010101010101010055,-0.8787878787878788,-0.5619568635625312
0.010101010101010166,-0.8787878787878788,-0.9820797344524902
0.030303030303030498,-0.8787878787878788,-1.0858151528157653
0.05050505050505061,-0.8787878787878788,-0.6445645666519797
0.07070707070707072,-0.8787878787878788,-0.7099397131767248
0.09090909090909105,-0.8787878787878788,-0.9576227346812719
0.11111111111111116,-0.8787878787878788,-0.8753127818620947
0.1313131313131315,-0.8787878787878788,-0.7755186617686235
0.1515151515151516,-0.8787878787878788,-0.7977509553426503
0.1717171717171717,-0.8787878787878788,-0.8211607630132791
0.19191919191919204,-0.8787878787878788,-0.5036042150507846
0.21212121212121215,-0.8787878787878788,-0.8598938392430542
0.2323232323232325,-0.8787878787878788,-1.0791931241965087
0.2525252525252526,-0.8787878787878788,-0.9801306486667342
0.27272727272727293,-0.8787878787878788,-0.5583495205914967
0.29292929292929304,-0.8787878787878788,-0.5864808161175372
0.31313131313131315,-0.8787878787878788,-0.8055547713485722
0.3333333333333335,-0.8787878787878788,-0.6544710400334128
0.3535353535353536,-0.8787878787878788,-0.735578051110231
0.3737373737373739,-0.8787878787878788,-1.079424939925592
0.39393939393939403,-0.8787878787878788,-0.8532058960115274
0.41414141414141437,-0.8787878787878788,-0.271340383339936
0.4343434343434345,-0.8787878787878788,-0.6370810710362544
0.4545454545454546,-0.8787878787878788,-0.7489879391450732
0.4747474747474749,-0.8787878787878788,-0.5029477509580303
0.49494949494949503,-0.8787878787878788,-0.19951051369063272
0.5151515151515154,-0.8787878787878788,-0.47740785820569276
0.5353535353535355,-0.8787878787878788,-0.6454990077187249
0.5555555555555556,-0.8787878787878788,-0.5752995291655362
0.5757575757575759,-0.8787878787878788,-0.515750917620669
0.595959595959596,-0.8787878787878788,-0.5711221450476226
0.6161616161616164,-0.8787878787878788,-0.3170624550010001
0.6363636363636365,-0.8787878787878788,-0.6969439897910734
0.6565656565656568,-0.8787878787878788,-0.25990582751206337
0.6767676767676769,-0.8787878787878788,-0.1988401514092821
0.696969696969697,-0.8787878787878788,-0.36309116890301735
0.7171717171717173,-0.8787878787878788,-0.20797596883499916
0.7373737373737375,-0.8787878787878788,-0.7751712182279196
0.7575757575757578,-0.8787878787878788,-0.12315443371275894
0.7777777777777779,-0.8787878787878788,-0.3510138966763257
0.7979797979797982,-0.8787878787878788,-0.03760128054140069
0.8181818181818183,-0.8787878787878788,-0.2791456649445656
0.8383838383838385,-0.8787878787878788,0.03462450697175182
0.8585858585858588,-0.8787878787878788,-0.22992956061711756
0.8787878787878789,-0.8787878787878788,0.15775417576692996
0.8989898989898992,-0.8787878787878788,0.09923169103692944
0.9191919191919193,-0.8787878787878788,0.37403827078445295
0.9393939393939394,-0.8787878787878788,-0.21074814376765327
0.9595959595959598,-0.8787878787878788,0.19287433190241923
0.9797979797979799,-0.8787878787878788,0.28354519644840664
1.0,-0.8787878787878788,0.19610276614783034
-1.0,-0.8585858585858586,-0.29936661880213344
-0.9797979797979798,-0.8585858585858586,0.1274780271024915
-0.9595959595959596,-0.8585858585858586,0.20462224065983586
-0.9393939393939394,-0.8585858585858586,0.06357056272070616
-0.9191919191919192,-0.8585858585858586,-0.02696205523135306
-0.898989898989899,-0.8585858585858586,-0.1426702254344829
-0.8787878787878788,-0.8585858585858586,0.1706506039032074
-0.8585858585858586,-0.8585858585858586,-0.050642309233773844
-0.8383838383838383,-0.8585858585858586,-0.08676020971383075
-0.8181818181818181,-0.8585858585858586,-0.2071970226657847
-0.797979797979798,-0.8585858585858586,-0.06389339560189952
-0.7777777777777778,-0.8585858585858586,-0.11038384059563652
-0.7575757575757576,-0.8585858585858586,0.04187113947423168
-0.7373737373737373,-0.8585858585858586,-0.2877203896791585
-0.7171717171717171,-0.8585858585858586,0.05744293940915257
-0.696969696969697,-0.8585858585858586,-0.20440854902270594
-0.6767676767676767,-0.8585858585858586,-0.3079422290330167
-0.6565656565656566,-0.8585858585858586,-0.006323362242414754
-0.6363636363636364,-0.8585858585858586,-0.3135119302688168
-0.6161616161616161,-0.8585858585858586,-0.18388322113783856
-0.5959595959595959,-0.8585858585858586,-0.5215333050367211
-0.5757575757575757,-0.8585858585858586,-0.620655493546701
-0.5555555555555556,-0.8585858585858586,-0.11729796043799517
-0.5353535353535352,-0.8585858585858586,-0.3976270132613319
-0.5151515151515151,-0.8585858585858586,-0.2996817388478893
-0.4949494949494949,-0.8585858585858586,-0.4959258368396505
-0.4747474747474747,-0.8585858585858586,-1.0742054900378237
-0.4545454545454545,-0.8585858585858586,-0.7758809959599982
-0.43434343434343425,-0.8585858585858586,-0.5855755698090958
-0.41414141414141414,-0.8585858585858586,-0.5848236750116467
-0.3939393939393939,-0.8585858585858586,-0.6312198401672704
-0.3737373737373737,-0.8585858585858586,-0.8014865025941172
-0.3535353535353535,-0.8585858585858586,-0.5020470316949164
-0.33333333333333326,-0.8585858585858586,-0.6679584209826513
-0.31313131313131304,-0.8585858585858586,-0.8965919419790216
-0.2929292929292928,-0.8585858585858586,-0.6081335506839538
-0.2727272727272727,-0.8585858585858586,-1.0153862928328181
-0.2525252525252525,-0.8585858585858586,-0.2853645195994503
-0.23232323232323226,-0.8585858585858586,-0.46203086354696765
-0.21212121212121204,-0.8585858585858586,-0.31035544868319076
-0.19191919191919182,-0.8585858585858586,-0.3592068508764139
-0.1717171717171716,-0.8585858585858586,-0.41017950785370577
-0.1515151515151515,-0.8585858585858586,-0.674254007786831
-0.13131313131313127,-0.8585858585858586,-0.9064824841721331
-0.11111111111111105,-0.8585858585858586,-0.6897100509774474
-0.09090909090909083,-0.8585858585858586,-0.9234935317048738
-0.07070707070707061,-0.8585858585858586,-0.4719974995118905
-0.050505050505050386,-0.8585858585858586,-0.7667145304941023
-0.030303030303030276,-0.8585858585858586,-0.752760514194679
-0.010101010101010055,-0.8585858585858586,-0.6885324390800538
0.010101010101010166,-0.8585858585858586,-0.6071086580935057
0.030303030303030498,-0.8585858585858586,-0.977719002575513
0.05050505050505061,-0.8585858585858586,-0.6929436691719971
0.07070707070707072,-0.8585858585858586,-1.0578153158884147
0.09090909090909105,-0.8585858585858586,-0.6842806716767528
0.11111111111111116,-0.8585858585858586,-0.8750717690539732
0.1313131313131315,-0.8585858585858586,-0.7142170617911356
0.1515151515151516,-0.8585858585858586,-0.9468960979873562
0.1717171717171717,-0.8585858585858586,-0.7854673241166263
0.19191919191919204,-0.8585858585858586,-1.1764161220077654
0.21212121212121215,-0.8585858585858586,-0.6032824041156292
0.2323232323232325,-0.8585858585858586,-0.9461739461955828
0.2525252525252526,-0.8585858585858586,-0.20740948662780323
0.27272727272727293,-0.8585858585858586,-1.0756627412708446
0.29292929292929304,-0.8585858585858586,-0.6144727183832799
0.31313131313131315,-0.8585858585858586,-0.6278378680399594
0.3333333333333335,-0.8585858585858586,-0.6407637711847128
0.3535353535353536,-0.8585858585858586,-0.5201259797433435
0.3737373737373739,-0.8585858585858586,-0.8260503291013488
0.39393939393939403,-0.8585858585858586,-0.7212557133500097
0.41414141414141437,-0.8585858585858586,-0.3917330875119752
0.4343434343434345,-0.8585858585858586,-0.15137653200525936
0.4545454545454546,-0.8585858585858586,-0.24597728791939327
0.4747474747474749,-0.8585858585858586,-0.9416351759582015
0.49494949494949503,-0.8585858585858586,-0.36490342445472124
0.5151515151515154,-0.8585858585858586,-0.7680879051269411
0.5353535353535355,-0.8585858585858586,-0.32785583633883697
0.5555555555555556,-0.8585858585858586,-0.1722772034456252
0.5757575757575759,-0.8585858585858586,-0.5507067569864799
0.595959595959596,-0.8585858585858586,-0.3674506671472249
0.6161616161616164,-0.8585858585858586,-0.41027998816892275
0.6363636363636365,-0.8585858585858586,-0.6990295202192824
0.6565656565656568,-0.8585858585858586,-0.4540264038809686
0.6767676767676769,-0.8585858585858586,-0.0910518914798566
0.696969696969697,-0.8585858585858586,-0.3816131069093036
0.7171717171717173,-0.8585858585858586,-0.7247062516821284
0.7373737373737375,-0.8585858585858586,0.15912688546006815
0.7575757575757578,-0.8585858585858586,-0.21222318823985317
0.7777777777777779,-0.8585858585858586,-0.09918658559533294
0.7979797979797982,-0.8585858585858586,0.17119387629576271
0.8181818181818183,-0.8585858585858586,-0.23149533265631306
0.8383838383838385,-0.8585858585858586,-0.13421948537195166
0.8585858585858588,-0.8585858585858586,-0.029901700957053204
0.8787878787878789,-0.8585858585858586,-0.07660730385945583
0.8989898989898992,-0.8585858585858586,-0.18700039515876365
0.9191919191919193,-0.8585858585858586,0.1292167862106337
0.9393939393939394,-0.8585858585858586,0.23400932952512749
0.9595959595959598,-0.8585858585858586,-0.10621498504222315
0.9797979797979799,-0.8585858585858586,0.3655009392405078
1.0,-0.8585858585858586,-0.1415185979627368
-1.0,-0.8383838383838383,0.27513161204348074
-0.9797979797979798,-0.8383838383838383,0.5798735980626204
-0.9595959595959596,-0.8383838383838383,0.28371782650355043
-0.9393939393939394,-0.8383838383838383,0.15584000396808573
-0.9191919191919192,-0.8383838383838383,0.5050329417230274
-0.898989898989899,-0.8383838383838383,0.09011700189150607
-0.8787878787878788,-0.8383838383838383,0.1254000628846853
-0.8585858585858586,-0.8383838383838383,0.027694336638232613
-0.8383838383838383,-0.8383838383838383,0.09773516433376288
-0.8181818181818181,-0.8383838383838383,-0.014942761573668025
-0.797979797979798,-0.8383838383838383,-0.12096151290300522
-0.7777777777777778,-0.8383838383838383,-0.2131324665056445
-0.7575757575757576,-0.8383838383838383,0.2622078711294015
-0.7373737373737373,-0.8383838383838383,0.35643990724988794
-0.7171717171717171,-0.8383838383838383,-0.2945201148754698
-0.696969696969697,-0.8383838383838383,-0.22624960677119668
-0.6767676767676767,-0.8383838383838383,-0.2540782146937242
-0.6565656565656566,-0.8383838383838383,-0.06962796188174328
-0.6363636363636364,-0.8383838383838383,-0.4851523532510742
-0.6161616161616161,-0.8383838383838383,-0.6466356251811882
-0.5959595959595959,-0.8383838383838383,-0.12461080675390326
-0.5757575757575757,-0.8383838383838383,-0.5235261728660527
-0.5555555555555556,-0.8383838383838383,-0.6043795869615395
-0.5353535353535352,-0.8383838383838383,0.07982802706436576
-0.5151515151515151,-0.8383838383838383,-0.4604772853939231
-0.4949494949494949,-0.8383838383838383,-0.36086710836479663
-0.4747474747474747,-0.8383838383838383,-0.33384431261665337
-0.4545454545454545,-0.8383838383838383,-0.41062160651413204
-0.43434343434343425,-0.8383838383838383,-0.7928682782523679
-0.41414141414141414,-0.8383838383838383,-0.26546891868938866
-0.3939393939393939,-0.8383838383838383,-0.1624006832895029
-0.3737373737373737,-0.8383838383838383,-0.6830193667729481
-0.3535353535353535,-0.8383838383838383,-0.25344268424366695
-0.33333333333333326,-0.8383838383838383,-0.8407689895394125
-0.31313131313131304,-0.8383838383838383,-0.5776021135356244
-0.2929292929292928,-0.8383838383838383,-0.6506928350697617
-0.2727272727272727,-0.8383838383838383,-0.13196988790954245
-0.2525252525252525,-0.8383838383838383,-0.543112442302858
-0.23232323232323226,-0.8383838383838383,-0.6398253762912812
-0.21212121212121204,-0.8383838383838383,-0.99602854733843
-0.19191919191919182,-0.8383838383838383,-0.5990001370430149
-0.1717171717171716,-0.8383838383838383,-0.6236078115152884
-0.1515151515151515,-0.8383838383838383,-1.0737349395698899
-0.13131313131313127,-0.8383838383838383,-0.6739939402565088
-0.11111111111111105,-0.8383838383838383,-0.9742103872441085
-0.09090909090909083,-0.8383838383838383,-0.2185367342647614
-0.07070707070707061,-0.8383838383838383,-0.6946572347659385
-0.050505050505050386,-0.8383838383838383,-0.9496180689589248
-0.030303030303030276,-0.8383838383838383,-0.9313724063238822
-0.010101010101010055,-0.8383838383838383,-0.6607059221616527
0.010101010101010166,-0.8383838383838383,-0.8024702783696662
0.030303030303030498,-0.8383838383838383,-1.0302449191343284
0.05050505050505061,-0.8383838383838383,-0.8339033923535915
0.07070707070707072,-0.8383838383838383,-0.5121410293643017
0.09090909090909105,-0.8383838383838383,-0.7300032946573226
0.11111111111111116,-0.8383838383838383,-0.694868703159471
0.1313131313131315,-0.8383838383838383,-0.3998462870427957
0.1515151515151516,-0.8383838383838383,-0.6956441755152534
0.1717171717171717,-0.8383838383838383,-0.5164242030325571
0.19191919191919204,-0.8383838383838383,-1.0234013810177465
0.21212121212121215,-0.8383838383838383,-0.6233714910949333
0.2323232323232325,-0.8383838383838383,-0.6194500599645982
0.2525252525252526,-0.8383838383838383,-0.7718133861383184
0.27272727272727293,-0.8383838383838383,-0.4162590044272245
0.29292929292929304,-0.8383838383838383,-1.0651128435913857
0.31313131313131315,-0.8383838383838383,-0.44655644343287176
0.3333333333333335,-0.8383838383838383,-0.6874317944546955
0.3535353535353536,-0.8383838383838383,-0.5609901929693022
0.3737373737373739,-0.8383838383838383,-0.46191405392695634
0.39393939393939403,-0.8383838383838383,-0.3089325351250597
0.41414141414141437,-0.8383838383838383,-0.20530059882211843
0.4343434343434345,-0.8383838383838383,-0.43748370539502046
0.4545454545454546,-0.8383838383838383,-0.6789253779830312
0.4747474747474749,-0.8383838383838383,-0.4918283955734314
0.49494949494949503,-0.8383838383838383,-0.5633281285463292
0.5151515151515154,-0.8383838383838383,-0.30082761661911084
0.5353535353535355,-0.8383838383838383,-0.48049032194529845
0.5555555555555556,-0.8383838383838383,-0.23050715652791368
0.5757575757575759,-0.8383838383838383,-0.4200458352093051
0.595959595959596,-0.8383838383838383,-0.18572021139368455
0.6161616161616164,-0.8383838383838383,-0.3461037941403819
0.6363636363636365,-0.8383838383838383,-0.3892465906365489
0.6565656565656568,-0.8383838383838383,-0.24997162177571447
0.6767676767676769,-0.8383838383838383,-0.10706838023262846
0.696969696969697,-0.8383838383838383,-0.037562968843700945
0.7171717171717173,-0.8383838383838383,0.14341102252845073
0.7373737373737375,-0.8383838383838383,-0.39659197971538174
0.7575757575757578,-0.8383838383838383,-0.3183481557442699
0.7777777777777779,-0.8383838383838383,0.19007121283089157
0.7979797979797982,-0.8383838383838383,-0.3039978303748381
0.8181818181818183,-0.8383838383838383,-0.26656187746365884
0.8383838383838385,-0.8383838383838383,-0.1881338434752195
0.8585858585858588,-0.8383838383838383,-0.011013765457528593
0.8787878787878789,-0.8383838383838383,-0.004193257795670605
0.8989898989898992,-0.8383838383838383,0.28870255337826517
0.9191919191919193,-0.8383838383838383,0.23800109357823968
0.9393939393939394,-0.8383838383838383,0.23237958878230328
0.9595959595959598,-0.8383838383838383,0.21606670886714222
0.9797979797979799,-0.8383838383838383,0.2456414112593614
1.0,-0.8383838383838383,0.31052294776313705
-1.0,-0.8181818181818181,0.17857614448729914
-0.9797979797979798,-0.8181818181818181,0.4215279224393933
-0.9595959595959596,-0.8181818181818181,0.17559700273658704
-0.9393939393939394,-0.8181818181818181,0.5361660386295221
-0.9191919191919192,-0.8181818181818181,0.07364969362672384
-0.898989898989899,-0.8181818181818181,0.18652394835578495
-0.8787878787878788,-0.8181818181818181,-0.01963628710511807
-0.8585858585858586,-0.8181818181818181,-0.012422438206556877
-0.8383838383838383,-0.8181818181818181,0.3188041536007689
-0.8181818181818181,-0.8181818181818181,-0.06802282992972429
-0.797979797979798,-0.8181818181818181,0.2657426006918421
-0.7777777777777778,-0.8181818181818181,-0.13048088179192344
-0.7575757575757576,-0.8181818181818181,-0.08178569405438467
-0.7373737373737373,-0.8181818181818181,-0.16633213675174902
-0.7171717171717171,-0.8181818181818181,0.03798471345899551
-0.696969696969697,-0.8181818181818181,0.20677600975566907
-0.6767676767676767,-0.8181818181818181,-0.33493702240004913
-0.6565656565656566,-0.8181818181818181,-0.020851856968149313
-0.6363636363636364,-0.8181818181818181,-0.11245144129173917
-0.6161616161616161,-0.8181818181818181,-0.4341020134852681
-0.5959595959595959,-0.8181818181818181,-0.35527481930325244
-0.5757575757575757,-0.8181818181818181,-0.4849369503742487
-0.5555555555555556,-0.8181818181818181,-0.24753867377844302
-0.5353535353535352,-0.8181818181818181,-0.6199538714457264
-0.5151515151515151,-0.8181818181818181,-0.5421808901597622
-0.4949494949494949,-0.8181818181818181,-0.61180081110971
-0.4747474747474747,-0.8181818181818181,-0.1767287994120107
-0.4545454545454545,-0.8181818181818181,-0.5550801606002684
-0.43434343434343425,-0.8181818181818181,-0.35971676887524484
-0.41414141414141414,-0.8181818181818181,-0.2719532871352754
-0.3939393939393939,-0.8181818181818181,-0.48319731266786875
-0.3737373737373737,-0.8181818181818181,-0.2085205175658626
-0.3535353535353535,-0.8181818181818181,-0.09101445585916346
-0.33333333333333326,-0.8181818181818181,-0.5223731382488311
-0.31313131313131304,-0.8181818181818181,-0.2625218601769972
-0.2929292929292928,-0.8181818181818181,-0.4779887875934889
-0.2727272727272727,-0.8181818181818181,-0.5045658493996684
-0.2525252525252525,-0.8181818181818181,-0.5537174369625929
-0.23232323232323226,-0.8181818181818181,-0.720365649285053
-0.21212121212121204,-0.8181818181818181,-0.7428526831742457
-0.19191919191919182,-0.8181818181818181,-0.8559954615087837
-0.1717171717171716,-0.8181818181818181,-1.2195377282903288
-0.1515151515151515,-0.8181818181818181,-0.7674677270359751
-0.13131313131313127,-0.8181818181818181,-0.6956265876892941
-0.11111111111111105,-0.8181818181818181,-0.4250008732905266
-0.09090909090909083,-0.8181818181818181,-0.4002196699648527
-0.07070707070707061,-0.8181818181818181,-0.30806341401616644
-0.050505050505050386,-0.8181818181818181,-0.6636766166470588
-0.030303030303030276,-0.8181818181818181,-0.9669067312336839
-0.010101010101010055,-0.8181818181818181,-0.9346860596703503
0.010101010101010166,-0.8181818181818181,-0.81802789024632
0.030303030303030498,-0.8181818181818181,-0.7524987667085891
0.05050505050505061,-0.8181818181818181,-0.7698146774259217
0.07070707070707072,-0.8181818181818181,-0.47320999554225307
0.09090909090909105,-0.8181818181818181,-0.5762933847504099
0.11111111111111116,-0.8181818181818181,-0.5458226997775774
0.1313131313131315,-0.8181818181818181,-0.7161118249955138
0.1515151515151516,-0.8181818181818181,-0.5634954273120922
0.1717171717171717,-0.8181818181818181,-0.5558736570476319
0.19191919191919204,-0.8181818181818181,-0.46876658256834425
0.21212121212121215,-0.8181818181818181,-0.5862735689342768
0.2323232323232325,-0.8181818181818181,-0.5469869466241739
0.2525252525252526,-0.8181818181818181,-0.8334983148252142
0.27272727272727293,-0.8181818181818181,-0.6394951715952673
0.29292929292929304,-0.8181818181818181,-0.8484611772482611
0.31313131313131315,-0.8181818181818181,-0.7193247089665706
0.3333333333333335,-0.8181818181818181,-0.6413028522425576
0.3535353535353536,-0.8181818181818181,-0.4578812767257697
0.3737373737373739,-0.8181818181818181,-0.24111181457324182
0.39393939393939403,-0.8181818181818181,-0.7212409320798621
0.41414141414141437,-0.8181818181818181,-0.1279938158002915
0.4343434343434345,-0.8181818181818181,-0.8224690020582937
0.4545454545454546,-0.8181818181818181,-0.6034387509498546
0.4747474747474749,-0.8181818181818181,-0.5391658879575768
0.49494949494949503,-0.8181818181818181,-0.5399566631624694
0.5151515151515154,-0.8181818181818181,-0.5674862792408517
0.5353535353535355,-0.8181818181818181,-0.6256518221546955
0.5555555555555556,-0.8181818181818181,0.09587551612344114
0.5757575757575759,-0.8181818181818181,-0.5112070424126961
0.595959595959596,-0.8181818181818181,-0.05038006919450139
0.6161616161616164,-0.8181818181818181,-0.4753714640187269
0.6363636363636365,-0.8181818181818181,-0.3266519833626661
0.6565656565656568,-0.8181818181818181,-0.27236935565846704
0.6767676767676769,-0.8181818181818181,-0.18895629196396588
0.696969696969697,-0.8181818181818181,-0.43714151692915937
0.7171717171717173,-0.8181818181818181,-0.2548763279914926
0.7373737373737375,-0.8181818181818181,0.007091946080671208
0.7575757575757578,-0.8181818181818181,0.03525627540689097
0.7777777777777779,-0.8181818181818181,-0.12687734597090985
0.7979797979797982,-0.8181818181818181,0.10639369917929084
0.8181818181818183,-0.8181818181818181,0.024173091857826078
0.8383838383838385,-0.8181818181818181,0.17023851906248605
0.8585858585858588,-0.8181818181818181,-0.1173364209778924
0.8787878787878789,-0.8181818181818181,0.208858503301568
0.8989898989898992,-0.8181818181818181,0.3381664840177312
0.9191919191919193,-0.8181818181818181,0.0014637794504001322
0.9393939393939394,-0.8181818181818181,0.2241966459253138
0.9595959595959598,-0.8181818181818181,0.01394186976410633
0.9797979797979799,-0.8181818181818181,0.3017296309195541
1.0,-0.8181818181818181,0.11691466413312157
-1.0,-0.797979797979798,0.07567308227865627
-0.9797979797979798,-0.797979797979798,0.36356502553532466
-0.9595959595959596,-0.797979797979798,-0.15626598079474513
-0.9393939393939394,-0.797979797979798,0.05675990094508396
-0.9191919191919192,-0.797979797979798,-0.1701307404052778
-0.898989898989899,-0.797979797979798,-0.1779951086186906
-0.8787878787878788,-0.797979797979798,0.05407916557612166
-0.8585858585858586,-0.797979797979798,0.11533007474698267
-0.8383838383838383,-0.797979797979798,-0.12849804412340063
-0.8181818181818181,-0.797979797979798,0.10383072023210928
-0.797979797979798,-0.797979797979798,0.5329047212589312
-0.7777777777777778,-0.797979797979798,-0.2945453036037576
-0.7575757575757576,-0.797979797979798,-0.048062945324744866
-0.7373737373737373,-0.797979797979798,0.016077134547203234
-0.7171717171717171,-0.797979797979798,-0.2542768812158137
-0.696969696969697,-0.797979797979798,0.01856627317227766
-0.6767676767676767,-0.797979797979798,-0.36546623686384005
-0.6565656565656566,-0.797979797979798,-0.08034864604410183
-0.6363636363636364,-0.797979797979798,-0.37838260654061473
-0.6161616161616161,-0.797979797979798,-0.16710977034173885
-0.5959595959595959,-0.797979797979798,-0.11612658786727678
-0.5757575757575757,-0.797979797979798,-0.5615752800621381
-0.5555555555555556,-0.797979797979798,-0.35755123351898255
-0.5353535353535352,-0.797979797979798,-0.42620077243950577
-0.5151515151515151,-0.797979797979798,-0.29391998591264473
-0.4949494949494949,-0.797979797979798,-0.3420060925604763
-0.4747474747474747,-0.797979797979798,-0.2570606675510496
-0.4545454545454545,-0.797979797979798,-0.17974134673905845
-0.43434343434343425,-0.797979797979798,-0.3343850954865789
-0.41414141414141414,-0.797979797979798,-0.520316613587034
-0.3939393939393939,-0.797979797979798,-0.6758788470829658
-0.3737373737373737,-0.797979797979798,-0.6153144634785878
-0.3535353535353535,-0.797979797979798,-0.7888719674979666
-0.33333333333333326,-0.797979797979798,-0.8302842954386018
-0.31313131313131304,-0.797979797979798,-0.35112414092036015
-0.2929292929292928,-0.797979797979798,-0.5932416935380759
-0.2727272727272727,-0.797979797979798,-0.7547059043036664
-0.2525252525252525,-0.797979797979798,-0.9660253315079617
-0.23232323232323226,-0.797979797979798,-0.24517815337187487
-0.21212121212121204,-0.797979797979798,-0.39833070545128824
-0.19191919191919182,-0.797979797979798,-0.35936787897251105
-0.1717171717171716,-0.797979797979798,-0.3216929194311295
-0.1515151515151515,-0.797979797979798,-0.43801007552130655
-0.13131313131313127,-0.797979797979798,-0.9918969986715926
-0.11111111111111105,-0.797979797979798,-0.7380747111222712
-0.09090909090909083,-0.797979797979798,-0.9966233251380255
-0.07070707070707061,-0.797979797979798,-0.7015400971265415
-0.050505050505050386,-0.797979797979798,-0.2500991110574104
-0.030303030303030276,-0.797979797979798,-0.6006656385272324
-0.010101010101010055,-0.797979797979798,-0.5112293206751343
0.010101010101010166,-0.797979797979798,-0.5053762354024091
0.030303030303030498,-0.797979797979798,-0.6488085355752748
0.05050505050505061,-0.797979797979798,-0.9992098586313682
0.07070707070707072,-0.797979797979798,-0.9046259117488786
0.09090909090909105,-0.797979797979798,-0.7305328250090337
0.11111111111111116,-0.797979797979798,-0.6130313952988498
0.1313131313131315,-0.797979797979798,-0.2872927201708562
0.1515151515151516,-0.797979797979798,-0.9247438433618529
0.1717171717171717,-0.797979797979798,-0.4856527059129778
0.19191919191919204,-0.797979797979798,-0.3229512600107188
0.21212121212121215,-0.797979797979798,-0.6379812139111183
0.2323232323232325,-0.797979797979798,-0.5104291684388055
0.2525252525252526,-0.797979797979798,-0.5809117339055497
0.27272727272727293,-0.797979797979798,-0.4183769568249457
0.29292929292929304,-0.797979797979798,-0.3919880539291588
0.31313131313131315,-0.797979797979798,-0.7371974819217323
0.3333333333333335,-0.797979797979798,-0.24176536564632561
0.3535353535353536,-0.797979797979798,-0.9182966480119439
0.3737373737373739,-0.797979797979798,-0.7611636495653658
0.39393939393939403,-0.797979797979798,-0.46089976719568027
0.41414141414141437,-0.797979797979798,-0.6159999448208846
0.4343434343434345,-0.797979797979798,-0.2580937136160749
0.4545454545454546,-0.797979797979798,-0.7353129527551232
0.4747474747474749,-0.797979797979798,-0.30350771682835054
0.49494949494949503,-0.797979797979798,-0.19307877652760966
0.5151515151515154,-0.797979797979798,-0.389301519136476
0.5353535353535355,-0.797979797979798,-0.06061348025665325
0.5555555555555556,-0.797979797979798,-0.3295095793339109
0.5757575757575759,-0.797979797979798,-0.42605777495055897
0.595959595959596,-0.797979797979798,-0.45518710117045036
0.6161616161616164,-0.797979797979798,-0.1743753542599661
0.6363636363636365,-0.797979797979798,-0.3451699498574048
0.6565656565656568,-0.797979797979798,-0.3749825793554516
0.6767676767676769,-0.797979797979798,-0.1703032889618214
0.696969696969697,-0.797979797979798,-0.06825861912946664
0.7171717171717173,-0.797979797979798,0.14881518972260915
0.7373737373737375,-0.797979797979798,0.1332611538359625
0.7575757575757578,-0.797979797979798,0.06012447157099826
0.7777777777777779,-0.797979797979798,-0.12149613824361258
0.7979797979797982,-0.797979797979798,-0.041474167189859516
0.8181818181818183,-0.797979797979798,0.2885160100788763
0.8383838383838385,-0.797979797979798,0.2535406204173067
0.8585858585858588,-0.797979797979798,-0.033452371244274276
0.8787878787878789,-0.797979797979798,0.060186368484660316
0.8989898989898992,-0.797979797979798,0.014148705270396494
0.9191919191919193,-0.797979797979798,0.5485512505115263
0.9393939393939394,-0.797979797979798,0.16857274827622165
0.9595959595959598,-0.797979797979798,0.3140188330599101
0.9797979797979799,-0.797979797979798,-0.05648260766897378
1.0,-0.797979797979798,0.5955228078503721
-1.0,-0.7777777777777778,0.4916280823847589
-0.9797979797979798,-0.7777777777777778,0.6261814600188
-0.9595959595959596,-0.7777777777777778,0.12659265453277097
-0.9393939393939394,-0.7777777777777778,0.24134975769152955
-0.9191919191919192,-0.7777777777777778,0.25423924567818523
-0.898989898989899,-0.7777777777777778,0.12193799885225712
-0.8787878787878788,-0.7777777777777778,0.04481914313835901
-0.8585858585858586,-0.7777777777777778,0.3030984182449249
-0.8383838383838383,-0.7777777777777778,-0.02952215679477957
-0.8181818181818181,-0.7777777777777778,0.2911173669170999
-0.797979797979798,-0.7777777777777778,0.23404401181794016
-0.7777777777777778,-0.7777777777777778,-0.026296900143708453
-0.7575757575757576,-0.7777777777777778,0.11464824376112773
-0.7373737373737373,-0.7777777777777778,0.21329113177555908
-0.7171717171717171,-0.7777777777777778,-0.002714976531905555
-0.696969696969697,-0.7777777777777778,-0.021968626800643556
-0.6767676767676767,-0.7777777777777778,0.040357499266734986
-0.6565656565656566,-0.7777777777777778,-0.23768312468004543
-0.6363636363636364,-0.7777777777777778,-0.09442072005726736
-0.6161616161616161,-0.7777777777777778,-0.2360400438131494
-0.5959595959595959,-0.7777777777777778,0.09027158502949473
-0.5757575757575757,-0.7777777777777778,-0.2530865037199869
-0.5555555555555556,-0.7777777777777778,-0.4380219384522542
-0.5353535353535352,-0.7777777777777778,-0.4261507654189123
-0.5151515151515151,-0.7777777777777778,-0.3397585293785977
-0.4949494949494949,-0.7777777777777778,0.03660543485275103
-0.4747474747474747,-0.7777777777777778,-0.31065408782702214
-0.4545454545454545,-0.7777777777777778,-0.21760984589019192
-0.43434343434343425,-0.7777777777777778,-0.704288413912138
-0.41414141414141414,-0.7777777777777778,-0.7066290856970536
-0.3939393939393939,-0.7777777777777778,-0.5571060931701566
-0.3737373737373737,-0.7777777777777778,-0.5463975641402077
-0.3535353535353535,-0.7777777777777778,-0.5110329878213733
-0.33333333333333326,-0.7777777777777778,-0.6835944399472549
-0.31313131313131304,-0.7777777777777778,-0.6548345039296641
-0.2929292929292928,-0.7777777777777778,-0.4693707214257402
-0.2727272727272727,-0.7777777777777778,-0.493528144279325
-0.2525252525252525,-0.7777777777777778,-0.4735796132126458
-0.23232323232323226,-0.7777777777777778,-0.41590757017220925
-0.21212121212121204,-0.7777777777777778,-0.11774951654055787
-0.19191919191919182,-0.7777777777777778,-0.3096919278147248
-0.1717171717171716,-0.7777777777777778,0.02205754317418651
-0.1515151515151515,-0.7777777777777778,-0.7254055773863702
-0.13131313131313127,-0.7777777777777778,-0.9307712752172405
-0.11111111111111105,-0.7777777777777778,-0.9294190836398106
-0.09090909090909083,-0.7777777777777778,-0.8946436297044709
-0.07070707070707061,-0.7777777777777778,-0.8786190891906771
-0.050505050505050386,-0.7777777777777778,-0.8599271738061609
-0.030303030303030276,-0.7777777777777778,-0.5016483891512373
-0.010101010101010055,-0.7777777777777778,-0.7315194784735203
0.010101010101010166,-0.7777777777777778,-0.4041929177549619
0.030303030303030498,-0.7777777777777778,-0.3360036481175538
0.05050505050505061,-0.7777777777777778,-1.062450459461326
0.07070707070707072,-0.7777777777777778,-0.8274028479852921
0.09090909090909105,-0.7777777777777778,-0.5681026043169218
0.11111111111111116,-0.7777777777777778,-0.7795055812555847
0.1313131313131315,-0.7777777777777778,-0.6135645816808205
0.1515151515151516,-0.7777777777777778,-0.12048472390747528
0.1717171717171717,-0.7777777777777778,-0.5764711929475331
0.19191919191919204,-0.7777777777777778,-0.4873945196433379
0.21212121212121215,-0.7777777777777778,-0.48922307868513293
0.2323232323232325,-0.7777777777777778,-0.44948649094766646
0.2525252525252526,-0.7777777777777778,-0.42889479455079926
0.27272727272727293,-0.7777777777777778,-0.7839066511718801
0.29292929292929304,-0.7777777777777778,-0.23881563824730034
0.31313131313131315,-0.7777777777777778,-0.3617497989193454
0.3333333333333335,-0.7777777777777778,-0.3767122855042756
0.3535353535353536,-0.7777777777777778,-0.45214743061813933
0.3737373737373739,-0.7777777777777778,-0.264257596602155
0.39393939393939403,-0.7777777777777778,-0.44991212781849205
0.41414141414141437,-0.7777777777777778,0.04072718667576236
0.4343434343434345,-0.7777777777777778,-0.45294044146543494
0.4545454545454546,-0.7777777777777778,-0.26783970080481867
0.4747474747474749,-0.7777777777777778,-0.617258618799571
0.49494949494949503,-0.7777777777777778,-0.4710469297327279
0.5151515151515154,-0.7777777777777778,-0.4139182846842533
0.5353535353535355,-0.7777777777777778,0.03498425536996219
0.5555555555555556,-0.7777777777777778,-0.591822155756731
0.5757575757575759,-0.7777777777777778,0.04802097029247038
0.595959595959596,-0.7777777777777778,-0.42515958512945645
0.6161616161616164,-0.7777777777777778,-0.2748852033375191
0.6363636363636365,-0.7777777777777778,-0.21560506498121504
0.6565656565656568,-0.7777777777777778,-0.12568832320466894
0.6767676767676769,-0.7777777777777778,-0.09393778635996614
0.696969696969697,-0.7777777777777778,-0.276196758162662
0.7171717171717173,-0.7777777777777778,-0.10174672594738793
0.7373737373737375,-0.7777777777777778,-0.16774335845898358
0.7575757575757578,-0.7777777777777778,0.3187804476393356
0.7777777777777779,-0.7777777777777778,-0.3566480123128841
0.7979797979797982,-0.7777777777777778,-0.011381713703952169
0.8181818181818183,-0.7777777777777778,0.2689543444720579
0.8383838383838385,-0.7777777777777778,0.23711052386997647
0.8585858585858588,-0.7777777777777778,0.02449389598724891
0.8787878787878789,-0.7777777777777778,0.3029857467595463
0.8989898989898992,-0.7777777777777778,0.013195625064930272
0.9191919191919193,-0.7777777777777778,0.21990157660704052
0.9393939393939394,-0.7777777777777778,0.20402760851897278
0.9595959595959598,-0.7777777777777778,0.2586575216516414
0.9797979797979799,-0.7777777777777778,0.29607816642813184
1.0,-0.7777777777777778,0.5361318354103022
-1.0,-0.7575757575757576,0.6047087051188273
-0.9797979797979798,-0.7575757575757576,0.4111234111241542
-0.9595959595959596,-0.7575757575757576,0.2814154947659421
-0.9393939393939394,-0.7575757575757576,0.17442249302559035
-0.9191919191919192,-0.7575757575757576,0.6889296606469901
-0.898989898989899,-0.7575757575757576,0.144336911103494
-0.8787878787878788,-0.7575757575757576,0.4935164482405412
-0.8585858585858586,-0.7575757575757576,0.13812421851830176
-0.8383838383838383,-0.7575757575757576,0.1913092198153609
-0.8181818181818181,-0.7575757575757576,-0.21771226941380073
-0.797979797979798,-0.7575757575757576,-0.006344495754633195
-0.7777777777777778,-0.7575757575757576,-0.13264492802817857
-0.7575757575757576,-0.7575757575757576,0.09377697461591575
-0.7373737373737373,-0.7575757575757576,0.10916551656472759
-0.7171717171717171,-0.7575757575757576,0.10593823752913464
-0.696969696969697,-0.7575757575757576,-0.18187346734233173
-0.6767676767676767,-0.7575757575757576,-0.0804973773110982
-0.6565656565656566,-0.7575757575757576,-0.1846253000881845
-0.6363636363636364,-0.7575757575757576,-0.15603220507795304
-0.6161616161616161,-0.7575757575757576,-0.13891149833533423
-0.5959595959595959,-0.7575757575757576,-0.4982801576373752
-0.5757575757575757,-0.7575757575757576,0.1905148165005206
-0.5555555555555556,-0.7575757575757576,-0.29978601424078843
-0.5353535353535352,-0.7575757575757576,-0.39987230557563086
-0.5151515151515151,-0.7575757575757576,-0.4848465837759879
-0.4949494949494949,-0.7575757575757576,-0.16511245081790585
-0.4747474747474747,-0.7575757575757576,-0.18747233091698415
-0.4545454545454545,-0.7575757575757576,-0.37434515198139884
-0.43434343434343425,-0.7575757575757576,-0.419930853486699
-0.41414141414141414,-0.7575757575757576,-0.39894327903591964
-0.3939393939393939,-0.7575757575757576,-0.17488938078007993
-0.3737373737373737,-0.7575757575757576,-0.5865533313556435
-0.3535353535353535,-0.7575757575757576,-0.35357272468235884
-0.33333333333333326,-0.7575757575757576,-0.6368604042611083
-0.31313131313131304,-0.7575757575757576,-0.7430345188973086
-0.2929292929292928,-0.7575757575757576,-0.4667307563076005
-0.2727272727272727,-0.7575757575757576,-0.24327269688044822
-0.2525252525252525,-0.7575757575757576,-0.5218700074583656
-0.23232323232323226,-0.7575757575757576,-0.48668241211729224
-0.21212121212121204,-0.7575757575757576,-0.18544880410315906
-0.19191919191919182,-0.7575757575757576,-0.7158804568294922
-0.1717171717171716,-0.7575757575757576,-0.5499848050317901
-0.1515151515151515,-0.7575757575757576,-0.4144231642773538
-0.13131313131313127,-0.7575757575757576,-0.7854905738759644
-0.11111111111111105,-0.7575757575757576,-0.9517352372938435
-0.09090909090909083,-0.7575757575757576,-0.3197304059063103
-0.07070707070707061,-0.7575757575757576,-1.0422885449559092
-0.050505050505050386,-0.7575757575757576,-0.6332765953851213
-0.030303030303030276,-0.7575757575757576,-0.6965878297871254
-0.010101010101010055,-0.7575757575757576,-0.43991122704479346
0.010101010101010166,-0.7575757575757576,-0.5995580132259348
0.030303030303030498,-0.7575757575757576,-0.5696078008819387
0.05050505050505061,-0.7575757575757576,-0.3926491007125644
0.07070707070707072,-0.7575757575757576,-0.6692870729563379
0.09090909090909105,-0.7575757575757576,-0.720313867444682
0.11111111111111116,-0.7575757575757576,-0.5649979082953217
0.1313131313131315,-0.7575757575757576,-0.2918343811634151
0.1515151515151516,-0.7575757575757576,-0.1983222770879688
0.1717171717171717,-0.7575757575757576,-0.26095262071393655
0.19191919191919204,-0.7575757575757576,-0.5309294251794427
0.21212121212121215,-0.7575757575757576,-0.4625941851418444
0.2323232323232325,-0.7575757575757576,-0.6876639850042527
0.2525252525252526,-0.7575757575757576,-0.7340386158556635
0.27272727272727293,-0.7575757575757576,-0.4653871681531417
0.29292929292929304,-0.7575757575757576,-0.5619059393961411
0.31313131313131315,-0.7575757575757576,-0.29656943172731687
0.3333333333333335,-0.7575757575757576,-0.3606521156294776
0.3535353535353536,-0.7575757575757576,-0.33251276262495283
0.3737373737373739,-0.7575757575757576,-0.18401032907672998
0.39393939393939403,-0.7575757575757576,-0.45942118831419526
0.41414141414141437,-0.7575757575757576,-0.70223356967259
0.4343434343434345,-0.7575757575757576,-0.47771844005060876
0.4545454545454546,-0.7575757575757576,-0.6502359468805875
0.4747474747474749,-0.7575757575757576,-0.5550822633491609
0.49494949494949503,-0.7575757575757576,-0.3789064465280863
0.5151515151515154,-0.7575757575757576,-0.34508620960372305
0.5353535353535355,-0.7575757575757576,-0.08525485590090617
0.5555555555555556,-0.7575757575757576,-0.23763083503483903
0.5757575757575759,-0.7575757575757576,-0.6239190450061884
0.595959595959596,-0.7575757575757576,-0.5572560341267705
0.6161616161616164,-0.7575757575757576,-0.3156488572746652
0.6363636363636365,-0.7575757575757576,-0.11420827833026079
0.6565656565656568,-0.7575757575757576,-0.10555343893454541
0.6767676767676769,-0.7575757575757576,-0.4139744322754105
0.696969696969697,-0.7575757575757576,-0.01936426397898479
0.7171717171717173,-0.7575757575757576,-0.04685172948707041
0.7373737373737375,-0.7575757575757576,0.14947232632416196
0.7575757575757578,-0.7575757575757576,-0.08016806420000853
0.7777777777777779,-0.7575757575757576,-0.13337887833451398
0.7979797979797982,-0.7575757575757576,-0.1861699538185585
0.8181818181818183,-0.7575757575757576,-0.33496752651632195
0.8383838383838385,-0.7575757575757576,-0.018026547515679586
0.8585858585858588,-0.7575757575757576,0.12807469976767014
0.8787878787878789,-0.7575757575757576,-0.08870948555177721
0.8989898989898992,-0.7575757575757576,0.1862292308502869
0.9191919191919193,-0.7575757575757576,0.30273370352434603
0.9393939393939394,-0.7575757575757576,0.24015805160466308
0.9595959595959598,-0.7575757575757576,0.2551698182419346
0.9797979797979799,-0.7575757575757576,0.553051463499741
1.0,-0.7575757575757576,0.6227401537101502
-1.0,-0.7373737373737373,0.20026825838185147
-0.9797979797979798,-0.7373737373737373,0.21024172287732323
-0.9595959595959596,-0.7373737373737373,0.6405644369083489
-0.9393939393939394,-0.7373737373737373,0.38870722386462353
-0.9191919191919192,-0.7373737373737373,0.4936766728099894
-0.898989898989899,-0.7373737373737373,0.12594258993063157
-0.8787878787878788,-0.7373737373737373,0.15979470642418078
-0.8585858585858586,-0.7373737373737373,0.4745276279720367
-0.8383838383838383,-0.7373737373737373,0.0765964573359834
-0.8181818181818181,-0.7373737373737373,0.016352139757489503
-0.797979797979798,-0.7373737373737373,0.43027807366844356
-0.7777777777777778,-0.7373737373737373,0.06949976512010912
-0.7575757575757576,-0.7373737373737373,-0.034084398628249635
-0.7373737373737373,-0.7373737373737373,-0.17196779693683786
-0.7171717171717171,-0.7373737373737373,0.018619701160103835
-0.696969696969697,-0.7373737373737373,0.016684323799898593
-0.6767676767676767,-0.7373737373737373,-0.25148307592200114
-0.6565656565656566,-0.7373737373737373,-0.22757720811509796
-0.6363636363636364,-0.7373737373737373,-0.2201692567104851
-0.6161616161616161,-0.7373737373737373,-0.10006502780519012
-0.5959595959595959,-0.7373737373737373,-0.22494175680181744
-0.5757575757575757,-0.7373737373737373,-0.17981440504364293
-0.5555555555555556,-0.7373737373737373,-0.11562108677177013
-0.5353535353535352,-0.7373737373737373,-0.3696673921523552
-0.5151515151515151,-0.7373737373737373,-0.3885754745127096
-0.4949494949494949,-0.7373737373737373,-0.42845950721990894
-0.4747474747474747,-0.7373737373737373,-0.4953291080656549
-0.4545454545454545,-0.7373737373737373,-0.7034778301278426
-0.43434343434343425,-0.7373737373737373,-0.5161734874736044
-0.41414141414141414,-0.7373737373737373,-0.48706337957569457
-0.3939393939393939,-0.7373737373737373,-0.37438316626122087
-0.3737373737373737,-0.7373737373737373,-0.4088590562805442
-0.3535353535353535,-0.7373737373737373,-0.3603991194545171
-0.33333333333333326,-0.7373737373737373,-0.28769568860885675
-0.31313131313131304,-0.7373737373737373,-0.42684053456114746
-0.2929292929292928,-0.7373737373737373,-0.20080500423330938
-0.2727272727272727,-0.7373737373737373,-0.5344453636210292
-0.2525252525252525,-0.7373737373737373,-0.49002591220379754
-0.23232323232323226,-0.7373737373737373,-0.5422135860374785
-0.21212121212121204,-0.7373737373737373,-0.46824319886574794
-0.19191919191919182,-0.7373737373737373,-0.6503031852235714
-0.1717171717171716,-0.7373737373737373,-0.33275297704831763
-0.1515151515151515,-0.7373737373737373,-0.7819884761442086
-0.13131313131313127,-0.7373737373737373,-0.5333280172827285
-0.11111111111111105,-0.7373737373737373,-0.6025809842907947
-0.09090909090909083,-0.7373737373737373,-0.6034793341923668
-0.07070707070707061,-0.7373737373737373,-0.35847274363933845
-0.050505050505050386,-0.7373737373737373,-0.4689764402284752
-0.030303030303030276,-0.7373737373737373,-0.5996978900848353
-0.010101010101010055,-0.7373737373737373,-0.27763438502382776
0.010101010101010166,-0.7373737373737373,-0.3496012313595598
0.030303030303030498,-0.7373737373737373,-1.0375357400483696
0.05050505050505061,-0.7373737373737373,-0.5991291740754304
0.07070707070707072,-0.7373737373737373,-0.49685897348723057
0.09090909090909105,-0.7373737373737373,-0.6810164305834394
0.11111111111111116,-0.7373737373737373,-0.35950100066650503
0.1313131313131315,-0.7373737373737373,-0.6812312193090093
0.1515151515151516,-0.7373737373737373,-0.9617653904252684
0.1717171717171717,-0.7373737373737373,-0.33332853808231905
0.19191919191919204,-0.7373737373737373,-0.40833035793193967
0.21212121212121215,-0.7373737373737373,-0.7030217764374422
0.2323232323232325,-0.7373737373737373,-0.5057082076338911
0.2525252525252526,-0.7373737373737373,-0.3591031773042925
0.27272727272727293,-0.7373737373737373,-0.48176349954976067
0.29292929292929304,-0.7373737373737373,-0.33541095211997607
0.31313131313131315,-0.7373737373737373,-0.7048003933705094
0.3333333333333335,-0.7373737373737373,-0.49819954263977434
0.3535353535353536,-0.7373737373737373,-0.13083702276819947
0.3737373737373739,-0.7373737373737373,-0.11350209668340688
0.39393939393939403,-0.7373737373737373,-0.5233987752475047
0.41414141414141437,-0.7373737373737373,-0.17024165489874124
0.4343434343434345,-0.7373737373737373,-0.3762315507949964
0.4545454545454546,-0.7373737373737373,-0.4951998230655025
0.4747474747474749,-0.7373737373737373,-0.06775740347382725
0.49494949494949503,-0.7373737373737373,-0.3860100503068462
0.5151515151515154,-0.7373737373737373,-0.39204479121691865
0.5353535353535355,-0.7373737373737373,-0.3367921861677074
0.5555555555555556,-0.7373737373737373,-0.4200980203226443
0.5757575757575759,-0.7373737373737373,-0.054043330743466345
0.595959595959596,-0.7373737373737373,-0.5250567615078665
0.6161616161616164,-0.7373737373737373,-0.1649335312171246
0.6363636363636365,-0.7373737373737373,0.12577923140784547
0.6565656565656568,-0.7373737373737373,-0.005811632139246112
0.6767676767676769,-0.7373737373737373,-0.19586412029308298
0.696969696969697,-0.7373737373737373,0.09874765459489493
0.7171717171717173,-0.7373737373737373,-0.3790050253667791
0.7373737373737375,-0.7373737373737373,-0.5288238618056652
0.7575757575757578,-0.7373737373737373,0.0820193275403009
0.7777777777777779,-0.7373737373737373,0.0383401215087382
0.7979797979797982,-0.7373737373737373,0.34078022234394745
0.8181818181818183,-0.7373737373737373,-0.007775152314385941
0.8383838383838385,-0.7373737373737373,0.3862990170935212
0.8585858585858588,-0.7373737373737373,0.30882819367074194
0.8787878787878789,-0.7373737373737373,0.18828696695769423
0.8989898989898992,-0.7373737373737373,0.5624372886843698
0.9191919191919193,-0.7373737373737373,0.3555780943247417
0.9393939393939394,-0.7373737373737373,0.43943236884773906
0.9595959595959598,-0.7373737373737373,0.15383731085924565
0.9797979797979799,-0.7373737373737373,0.23347352976390426
1.0,-0.7373737373737373,0.5847822062401161
-1.0,-0.7171717171717171,0.380378865454145
-0.9797979797979798,-0.7171717171717171,0.41647332311990826
-0.9595959595959596,-0.7171717171717171,0.4326412232971509
-0.9393939393939394,-0.7171717171717171,0.26670023484097677
-0.9191919191919192,-0.7171717171717171,0.47105689847933885
-0.898989898989899,-0.7171717171717171,0.3060400617850534
-0.8787878787878788,-0.7171717171717171,0.2205462716480304
-0.8585858585858586,-0.7171717171717171,0.3759188003630294
-0.8383838383838383,-0.7171717171717171,0.07574766810211576
-0.8181818181818181,-0.7171717171717171,0.16812225333819414
-0.797979797979798,-0.7171717171717171,-0.4508592271812737
-0.7777777777777778,-0.7171717171717171,0.28776736196044217
-0.7575757575757576,-0.7171717171717171,0.43749426888598186
-0.7373737373737373,-0.7171717171717171,0.013301053329682708
-0.7171717171717171,-0.7171717171717171,-0.008032969505220186
-0.696969696969697,-0.7171717171717171,-0.08515762924255035
-0.6767676767676767,-0.7171717171717171,-0.08290982878842912
-0.6565656565656566,-0.7171717171717171,-0.07120462369025278
-0.6363636363636364,-0.7171717171717171,0.2168488157639466
-0.6161616161616161,-0.7171717171717171,-0.1663549156414159
-0.5959595959595959,-0.7171717171717171,0.2303930997144018
-0.5757575757575757,-0.7171717171717171,-0.08596727622410626
-0.5555555555555556,-0.7171717171717171,-0.3261352535084659
-0.5353535353535352,-0.7171717171717171,-0.4190426299623894
-0.5151515151515151,-0.7171717171717171,-0.5600462498506762
-0.4949494949494949,-0.7171717171717171,-0.327928784786465
-0.4747474747474747,-0.7171717171717171,-0.3160500648002439
-0.4545454545454545,-0.7171717171717171,-0.5598365025035392
-0.43434343434343425,-0.7171717171717171,-0.2341155640045923
-0.41414141414141414,-0.7171717171717171,-0.6569024312428366
-0.3939393939393939,-0.7171717171717171,-0.5139091387123622
-0.3737373737373737,-0.7171717171717171,-0.28268361912158857
-0.3535353535353535,-0.7171717171717171,-0.3279298543948316
-0.33333333333333326,-0.7171717171717171,-0.42837648010195895
-0.31313131313131304,-0.7171717171717171,-0.4675210177002071
-0.2929292929292928,-0.7171717171717171,-0.05575847840135878
-0.2727272727272727,-0.7171717171717171,-0.7028283317077293
-0.2525252525252525,-0.7171717171717171,-0.4481367172715733
-0.23232323232323226,-0.7171717171717171,-0.5018963903183068
-0.21212121212121204,-0.7171717171717171,-0.16031952535695715
-0.19191919191919182,-0.7171717171717171,-0.5761859994979392
-0.1717171717171716,-0.7171717171717171,-0.1582693741814598
-0.1515151515151515,-0.7171717171717171,-0.4850568762001185
-0.13131313131313127,-0.7171717171717171,-0.15445216808639134
-0.11111111111111105,-0.7171717171717171,-0.49027910187714463
-0.09090909090909083,-0.7171717171717171,-0.5574656049582438
-0.07070707070707061,-0.7171717171717171,-0.146657109671661
-0.050505050505050386,-0.7171717171717171,-0.38340206035565294
-0.030303030303030276,-0.7171717171717171,-0.856216754619753
-0.010101010101010055,-0.7171717171717171,-0.3206838404564343
0.010101010101010166,-0.7171717171717171,-0.4131637255839307
0.030303030303030498,-0.7171717171717171,-0.877171304992181
0.05050505050505061,-0.7171717171717171,-0.15113668456391732
0.07070707070707072,-0.7171717171717171,-0.6206872014561271
0.09090909090909105,-0.7171717171717171,-0.249260838017606
0.11111111111111116,-0.7171717171717171,-0.6658189240449042
0.1313131313131315,-0.7171717171717171,-0.6594634765017957
0.1515151515151516,-0.7171717171717171,-0.41306063633783685
0.1717171717171717,-0.7171717171717171,-0.6399960512429455
0.19191919191919204,-0.7171717171717171,-0.7702175739820976
0.21212121212121215,-0.7171717171717171,-0.49414150354064146
0.2323232323232325,-0.7171717171717171,-0.5633031674203602
0.2525252525252526,-0.7171717171717171,-0.5499911790549062
0.27272727272727293,-0.7171717171717171,-0.3798789478074767
0.29292929292929304,-0.7171717171717171,-0.1982856875251261
0.31313131313131315,-0.7171717171717171,-0.6313888756997583
0.3333333333333335,-0.7171717171717171,-0.7103386570941509
0.3535353535353536,-0.7171717171717171,-0.34215935313536217
0.3737373737373739,-0.7171717171717171,-0.5750743932165925
0.39393939393939403,-0.7171717171717171,-0.19048728416858654
0.41414141414141437,-0.7171717171717171,-0.3183519368456177
0.4343434343434345,-0.7171717171717171,-0.08190341880135038
0.4545454545454546,-0.7171717171717171,-0.36860661041987186
0.4747474747474749,-0.7171717171717171,-0.3330294598198821
0.49494949494949503,-0.7171717171717171,-0.2273571752801304
0.5151515151515154,-0.7171717171717171,-0.32202242011057036
0.5353535353535355,-0.7171717171717171,-0.39052065520291523
0.5555555555555556,-0.7171717171717171,-0.6144157281577689
0.5757575757575759,-0.7171717171717171,-0.4050675689480543
0.595959595959596,-0.7171717171717171,-0.13478302974418682
0.6161616161616164,-0.7171717171717171,-0.3114869115802666
0.6363636363636365,-0.7171717171717171,-0.470929140327262
0.6565656565656568,-0.7171717171717171,-0.04604098836202986
0.6767676767676769,-0.7171717171717171,-0.034790958043763295
0.696969696969697,-0.7171717171717171,-0.3122361510856655
0.7171717171717173,-0.7171717171717171,-0.17135584520927538
0.7373737373737375,-0.7171717171717171,0.060370419586150456
0.7575757575757578,-0.7171717171717171,0.11021469977504489
0.7777777777777779,-0.7171717171717171,0.23608357078456219
0.7979797979797982,-0.7171717171717171,0.084025393352237
0.8181818181818183,-0.7171717171717171,0.20935702138787465
0.8383838383838385,-0.7171717171717171,0.12431132890252482
0.8585858585858588,-0.7171717171717171,-0.014015822163656821
0.8787878787878789,-0.7171717171717171,0.4480791560874091
0.8989898989898992,-0.7171717171717171,0.4744587498553958
0.9191919191919193,-0.7171717171717171,0.6245326217284728
0.9393939393939394,-0.7171717171717171,0.7596882145620895
0.9595959595959598,-0.7171717171717171,0.429955152354785
0.9797979797979799,-0.7171717171717171,0.34014527296504904
1.0,-0.7171717171717171,0.420638510984445
-1.0,-0.696969696969697,0.6401160232975269
-0.9797979797979798,-0.696969696969697,0.4395279213843348
-0.9595959595959596,-0.696969696969697,0.4503140175432433
-0.9393939393939394,-0.696969696969697,0.21478077375996577
-0.9191919191919192,-0.696969696969697,0.1158199179333714
-0.898989898989899,-0.696969696969697,0.1959661481386922
-0.8787878787878788,-0.696969696969697,0.40770930854460824
-0.8585858585858586,-0.696969696969697,0.07009350148005752
-0.8383838383838383,-0.696969696969697,-0.24216129780066614
-0.8181818181818181,-0.696969696969697,0.04374683431734602
-0.797979797979798,-0.696969696969697,0.1578235815472309
-0.7777777777777778,-0.696969696969697,-0.15125164480630704
-0.7575757575757576,-0.696969696969697,-0.2290823379938169
-0.7373737373737373,-0.696969696969697,-0.1387234897220546
-0.7171717171717171,-0.696969696969697,0.35722266913024936
-0.696969696969697,-0.696969696969697,0.24888197797741718
-0.6767676767676767,-0.696969696969697,-0.41296184350155857
-0.6565656565656566,-0.696969696969697,0.045834415077214724
-0.6363636363636364,-0.696969696969697,0.14749488745226966
-0.6161616161616161,-0.696969696969697,-0.0961044916014949
-0.5959595959595959,-0.696969696969697,-0.001683841372703443
-0.5757575757575757,-0.696969696969697,-0.4030007385008688
-0.5555555555555556,-0.696969696969697,-0.03837541753833784
-0.5353535353535352,-0.696969696969697,-0.2293682460174276
-0.5151515151515151,-0.696969696969697,-0.05208313915204865
-0.4949494949494949,-0.696969696969697,-0.1913272388082507
-0.4747474747474747,-0.696969696969697,-0.5372643277473879
-0.4545454545454545,-0.696969696969697,-0.022072681794869875
-0.43434343434343425,-0.696969696969697,-0.35088384818736673
-0.41414141414141414,-0.696969696969697,-0.6115279571970176
-0.3939393939393939,-0.696969696969697,-0.15740940906481055
-0.3737373737373737,-0.696969696969697,-0.24890323431603023
-0.3535353535353535,-0.696969696969697,-0.6857395810299404
-0.33333333333333326,-0.696969696969697,-0.42483885940495136
-0.31313131313131304,-0.696969696969697,-0.4748570315053563
-0.2929292929292928,-0.696969696969697,-0.3538531312975628
-0.2727272727272727,-0.696969696969697,-0.3589463968715866
-0.2525252525252525,-0.696969696969697,-0.3704160808675908
-0.23232323232323226,-0.696969696969697,-0.5041286415751793
-0.21212121212121204,-0.696969696969697,-0.2555147061352444
-0.19191919191919182,-0.696969696969697,-0.8054687606654377
-0.1717171717171716,-0.696969696969697,-0.23829128157423776
-0.1515151515151515,-0.696969696969697,-0.22671175768946275
-0.13131313131313127,-0.696969696969697,-0.2549916407488931
-0.11111111111111105,-0.696969696969697,-0.5465649562024723
-0.09090909090909083,-0.696969696969697,-0.6465655356037701
-0.07070707070707061,-0.696969696969697,-0.8050713479053719
-0.050505050505050386,-0.696969696969697,-0.362688952837785
-0.030303030303030276,-0.696969696969697,-0.381291803868476
-0.010101010101010055,-0.696969696969697,-0.4911972535756303
0.010101010101010166,-0.696969696969697,-0.4754485044148089
0.030303030303030498,-0.696969696969697,-1.0914912985435985
0.05050505050505061,-0.696969696969697,-0.517458574145495
0.07070707070707072,-0.696969696969697,-0.6324219041030272
0.09090909090909105,-0.696969696969697,-0.3107373440686855
0.11111111111111116,-0.696969696969697,-1.0174585113542232
0.1313131313131315,-0.696969696969697,-0.4503415838140135
0.1515151515151516,-0.696969696969697,-0.6368154753018408
0.1717171717171717,-0.696969696969697,-0.7910746637806703
0.19191919191919204,-0.696969696969697,-0.5128332735804069
0.21212121212121215,-0.696969696969697,-0.17955116699328616
0.2323232323232325,-0.696969696969697,-0.22362757781257098
0.2525252525252526,-0.696969696969697,-0.4501441827251601
0.27272727272727293,-0.696969696969697,-0.4762057788311385
0.29292929292929304,-0.696969696969697,-0.34997331765865863
0.31313131313131315,-0.696969696969697,-0.33812012174962053
0.3333333333333335,-0.696969696969697,-0.5178950532408659
0.3535353535353536,-0.696969696969697,-0.5582935278779189
0.3737373737373739,-0.696969696969697,-0.1833675237357886
0.39393939393939403,-0.696969696969697,-0.3990966025687062
0.41414141414141437,-0.696969696969697,0.005196361923425541
0.4343434343434345,-0.696969696969697,-0.28257807346052294
0.4545454545454546,-0.696969696969697,-0.30648352125777456
0.4747474747474749,-0.696969696969697,-0.02145686801415264
0.49494949494949503,-0.696969696969697,-0.16260580558154691
0.5151515151515154,-0.696969696969697,0.007959965648058676
0.5353535353535355,-0.696969696969697,-0.06321651745219234
0.5555555555555556,-0.696969696969697,0.055783605504975964
0.5757575757575759,-0.696969696969697,-0.19761029077300937
0.595959595959596,-0.696969696969697,-0.2848702002110489
0.6161616161616164,-0.696969696969697,0.10702014860664652
0.6363636363636365,-0.696969696969697,-0.2357278314168543
0.6565656565656568,-0.696969696969697,0.07045233319926389
0.6767676767676769,-0.696969696969697,-0.24202464285922748
0.696969696969697,-0.696969696969697,-0.1087921721264245
0.7171717171717173,-0.696969696969697,0.20343470773981412
0.7373737373737375,-0.696969696969697,-0.1746666628095071
0.7575757575757578,-0.696969696969697,-0.10952007468665373
0.7777777777777779,-0.696969696969697,0.5202035191087087
0.7979797979797982,-0.696969696969697,-0.23679441937438533
0.8181818181818183,-0.696969696969697,0.19851117922142036
0.8383838383838385,-0.696969696969697,0.054994852753088935
0.8585858585858588,-0.696969696969697,0.2861041503620831
0.8787878787878789,-0.696969696969697,0.26052083393674474
0.8989898989898992,-0.696969696969697,0.32883850627696026
0.9191919191919193,-0.696969696969697,0.43096370410047957
0.9393939393939394,-0.696969696969697,0.40427199443890416
0.9595959595959598,-0.696969696969697,0.719942913648616
0.9797979797979799,-0.696969696969697,0.4457017145859661
1.0,-0.696969696969697,0.6804499603381127
-1.0,-0.6767676767676767,0.7659706621581103
-0.9797979797979798,-0.6767676767676767,0.8058187933874441
-0.9595959595959596,-0.6767676767676767,0.7268416080722937
-0.9393939393939394,-0.6767676767676767,0.8440426337843441
-0.9191919191919192,-0.6767676767676767,0.7642038071480859
-0.898989898989899,-0.6767676767676767,0.5310549673161162
-0.8787878787878788,-0.6767676767676767,0.14960667197511462
-0.8585858585858586,-0.6767676767676767,0.5954296944114754
-0.8383838383838383,-0.6767676767676767,0.03773483924492077
-0.8181818181818181,-0.6767676767676767,0.03706701847716834
-0.797979797979798,-0.6767676767676767,0.45125069836191134
-0.7777777777777778,-0.6767676767676767,0.1437633472962025
-0.7575757575757576,-0.6767676767676767,0.2955519701857615
-0.7373737373737373,-0.6767676767676767,0.04954157180095523
-0.7171717171717171,-0.6767676767676767,-0.02063090846329274
-0.696969696969697,-0.6767676767676767,-0.2596770040103306
-0.6767676767676767,-0.6767676767676767,-0.44843304094054126
-0.6565656565656566,-0.6767676767676767,-0.4170939761287535
-0.6363636363636364,-0.6767676767676767,0.245524198889295
-0.6161616161616161,-0.6767676767676767,-0.31386440437400653
-0.5959595959595959,-0.6767676767676767,-0.13001919590708125
-0.5757575757575757,-0.6767676767676767,0.16666382687496922
-0.5555555555555556,-0.6767676767676767,-0.4687187359761626
-0.5353535353535352,-0.6767676767676767,-0.1856224453124287
-0.5151515151515151,-0.6767676767676767,-0.20203273792455695
-0.4949494949494949,-0.6767676767676767,-0.48893946327822246
-0.4747474747474747,-0.6767676767676767,-0.2637912118999115
-0.4545454545454545,-0.6767676767676767,-0.08606522349706677
-0.43434343434343425,-0.6767676767676767,-0.6403635753536983
-0.41414141414141414,-0.6767676767676767,-0.13401363452034554
-0.3939393939393939,-0.6767676767676767,-0.2903813260684714
-0.3737373737373737,-0.6767676767676767,-0.12141709761729397
-0.3535353535353535,-0.6767676767676767,-0.7258155512491774
-0.33333333333333326,-0.6767676767676767,-0.48908708958960667
-0.31313131313131304,-0.6767676767676767,-0.36240440247994715
-0.2929292929292928,-0.6767676767676767,-0.5498576313435142
-0.2727272727272727,-0.6767676767676767,-0.5819662807255048
-0.2525252525252525,-0.6767676767676767,-0.6705915148903671
-0.23232323232323226,-0.6767676767676767,-0.6230217183339877
-0.21212121212121204,-0.6767676767676767,-0.3074018769023887
-0.19191919191919182,-0.6767676767676767,-0.4794946542416303
-0.1717171717171716,-0.6767676767676767,-0.5109762175556893
-0.1515151515151515,-0.6767676767676767,-0.4586048367229054
-0.13131313131313127,-0.6767676767676767,0.002106385119005183
-0.11111111111111105,-0.6767676767676767,-0.627537324235005
-0.09090909090909083,-0.6767676767676767,-0.40441199982458165
-0.07070707070707061,-0.6767676767676767,-0.4024114168098151
-0.050505050505050386,-0.6767676767676767,-0.605066400181907
-0.030303030303030276,-0.6767676767676767,-0.7779190465242511
-0.010101010101010055,-0.6767676767676767,-0.40389499844060534
0.010101010101010166,-0.6767676767676767,-0.23264678189694113
0.030303030303030498,-0.6767676767676767,-0.12562117125223893
0.05050505050505061,-0.6767676767676767,-0.459658222143404
0.07070707070707072,-0.6767676767676767,-0.36145215765088007
0.09090909090909105,-0.6767676767676767,-0.18871493558097813
0.11111111111111116,-0.6767676767676767,-0.3156328279957022
0.1313131313131315,-0.6767676767676767,-0.29148949829978754
0.1515151515151516,-0.6767676767676767,-0.5125546221722911
0.1717171717171717,-0.6767676767676767,-0.37922448216721794
0.19191919191919204,-0.6767676767676767,-0.356943505457503
0.21212121212121215,-0.6767676767676767,-0.21129057559373163
0.2323232323232325,-0.6767676767676767,-0.39194886896110115
0.2525252525252526,-0.6767676767676767,-0.5856043350841216
0.27272727272727293,-0.6767676767676767,-0.6210128806112288
0.29292929292929304,-0.6767676767676767,-0.48451645771869467
0.31313131313131315,-0.6767676767676767,-0.439642221268535
0.3333333333333335,-0.6767676767676767,-0.1942097225914321
0.3535353535353536,-0.6767676767676767,0.031610531542587306
0.3737373737373739,-0.6767676767676767,-0.33671959363785714
0.39393939393939403,-0.6767676767676767,0.04044795565350817
0.41414141414141437,-0.6767676767676767,-0.06551202264256922
0.4343434343434345,-0.6767676767676767,-0.23708716031866361
0.4545454545454546,-0.6767676767676767,-0.11465128540007588
0.4747474747474749,-0.6767676767676767,-0.13897047437843812
0.49494949494949503,-0.6767676767676767,-0.12937233613549853
0.5151515151515154,-0.6767676767676767,-0.21353690106611475
0.5353535353535355,-0.6767676767676767,-0.06682624814763079
0.5555555555555556,-0.6767676767676767,-0.07615973810895252
0.5757575757575759,-0.6767676767676767,-0.3612365975297039
0.595959595959596,-0.6767676767676767,0.03759248671465687
0.6161616161616164,-0.6767676767676767,-0.060380534306122606
0.6363636363636365,-0.6767676767676767,0.2049134742286628
0.6565656565656568,-0.6767676767676767,0.061173883604036985
0.6767676767676769,-0.6767676767676767,0.1818983330268186
0.696969696969697,-0.6767676767676767,-0.16994256826189796
0.7171717171717173,-0.6767676767676767,-0.22853058305108115
0.7373737373737375,-0.6767676767676767,0.3137634067863005
0.7575757575757578,-0.6767676767676767,-0.10292961214835022
0.7777777777777779,-0.6767676767676767,0.4937866320975909
0.7979797979797982,-0.6767676767676767,0.23529737926605582
0.8181818181818183,-0.6767676767676767,0.30006377016519153
0.8383838383838385,-0.6767676767676767,0.05776021409302684
0.8585858585858588,-0.6767676767676767,0.33374847171082694
0.8787878787878789,-0.6767676767676767,0.39891622794449055
0.8989898989898992,-0.6767676767676767,0.22265146766007726
0.9191919191919193,-0.6767676767676767,-0.15944217092443363
0.9393939393939394,-0.6767676767676767,0.4020066667436121
0.9595959595959598,-0.6767676767676767,0.24042294325742636
0.9797979797979799,-0.6767676767676767,0.5105057039619284
1.0,-0.6767676767676767,0.5103104076990147
-1.0,-0.6565656565656566,0.26279087708156507
-0.9797979797979798,-0.6565656565656566,0.559743612703192
-0.9595959595959596,-0.6565656565656566,0.5983234971287335
-0.9393939393939394,-0.6565656565656566,0.42222054327923175
-0.9191919191919192,-0.6565656565656566,0.08110764872816562
-0.898989898989899,-0.6565656565656566,0.35057549967570645
-0.8787878787878788,-0.6565656565656566,0.15996777321593028
-0.8585858585858586,-0.6565656565656566,0.2628838573997049
-0.8383838383838383,-0.6565656565656566,0.12272560497113427
-0.8181818181818181,-0.6565656565656566,-0.3168886865710793
-0.797979797979798,-0.6565656565656566,-0.3841097549520744
-0.7777777777777778,-0.6565656565656566,0.15642713007671258
-0.7575757575757576,-0.6565656565656566,0.116800555453555
-0.7373737373737373,-0.6565656565656566,0.26647168101125673
-0.7171717171717171,-0.6565656565656566,0.3072626521109132
-0.696969696969697,-0.6565656565656566,-0.12967313657235927
-0.6767676767676767,-0.6565656565656566,0.2937325793541818
-0.6565656565656566,-0.6565656565656566,0.0064736162322577995
-0.6363636363636364,-0.6565656565656566,0.035035689658227925
-0.6161616161616161,-0.6565656565656566,-0.2032193274268653
-0.5959595959595959,-0.6565656565656566,-0.18427742907887315
-0.5757575757575757,-0.6565656565656566,-0.35576580513802175
-0.5555555555555556,-0.6565656565656566,-0.3133588919416729
-0.5353535353535352,-0.6565656565656566,-0.37554216436846055
-0.5151515151515151,-0.6565656565656566,-0.0703052044162572
-0.4949494949494949,-0.6565656565656566,-0.10202610310435516
-0.4747474747474747,-0.6565656565656566,-0.4655900105720884
-0.4545454545454545,-0.6565656565656566,0.33378071935183473
-0.43434343434343425,-0.6565656565656566,-0.5370363807746877
-0.41414141414141414,-0.6565656565656566,-0.6899311973088569
-0.3939393939393939,-0.6565656565656566,-0.6311163759130514
-0.3737373737373737,-0.6565656565656566,-0.6040030347769321
-0.3535353535353535,-0.6565656565656566,-0.2644751378987496
-0.33333333333333326,-0.6565656565656566,-0.5815555867701514
-0.31313131313131304,-0.6565656565656566,-0.4530514413878911
-0.2929292929292928,-0.6565656565656566,-0.4040541792324607
-0.2727272727272727,-0.6565656565656566,-0.13840627746507966
-0.2525252525252525,-0.6565656565656566,-0.5078266009521055
-0.23232323232323226,-0.6565656565656566,-0.255927521944046
-0.21212121212121204,-0.6565656565656566,-0.3880094544169937
-0.19191919191919182,-0.6565656565656566,0.12691100216091833
-0.1717171717171716,-0.6565656565656566,-0.6961759992530717
-0.1515151515151515,-0.6565656565656566,-0.28079407094545483
-0.13131313131313127,-0.6565656565656566,-0.509097260336745
-0.11111111111111105,-0.6565656565656566,-0.5843140817482719
-0.09090909090909083,-0.6565656565656566,-0.4455381386450467
-0.07070707070707061,-0.6565656565656566,-0.12594776948429331
-0.050505050505050386,-0.6565656565656566,-0.3428244748704104
-0.030303030303030276,-0.6565656565656566,-0.09251050935785199
-0.010101010101010055,-0.6565656565656566,-0.6004960014039822
0.010101010101010166,-0.6565656565656566,-0.5951024272048157
0.030303030303030498,-0.6565656565656566,-0.5725919465373973
0.05050505050505061,-0.6565656565656566,-0.3628590990762074
0.07070707070707072,-0.6565656565656566,-0.2617636496531502
0.09090909090909105,-0.6565656565656566,-0.24364595272457526
0.11111111111111116,-0.6565656565656566,-0.19748890079438824
0.1313131313131315,-0.6565656565656566,-0.2701386205654205
0.1515151515151516,-0.6565656565656566,-0.4638748414698171
0.1717171717171717,-0.6565656565656566,-0.2008824141138975
0.19191919191919204,-0.6565656565656566,-0.36146098096638346
0.21212121212121215,-0.6565656565656566,-0.4604707817024297
0.2323232323232325,-0.6565656565656566,-0.12128225815688898
0.2525252525252526,-0.6565656565656566,-0.11857356411595094
0.27272727272727293,-0.6565656565656566,-0.31713719007472563
0.29292929292929304,-0.6565656565656566,-0.37270248076090406
0.31313131313131315,-0.6565656565656566,-0.33625148661764914
0.3333333333333335,-0.6565656565656566,-0.5126675945567651
0.3535353535353536,-0.6565656565656566,-0.2095961504058245
0.3737373737373739,-0.6565656565656566,-0.42877891993147543
0.39393939393939403,-0.6565656565656566,-0.3224263133826073
0.41414141414141437,-0.6565656565656566,0.30356021622929075
0.4343434343434345,-0.6565656565656566,-0.23825397837963222
0.4545454545454546,-0.6565656565656566,-0.25882535488511826
0.4747474747474749,-0.6565656565656566,0.15763430460858754
0.49494949494949503,-0.6565656565656566,-0.024114589807250203
0.5151515151515154,-0.6565656565656566,-0.23065471746750857
0.5353535353535355,-0.6565656565656566,0.13560549083771933
0.5555555555555556,-0.6565656565656566,-0.022648672363281164
0.5757575757575759,-0.6565656565656566,-0.19832821309234028
0.595959595959596,-0.6565656565656566,0.25158633414322923
0.6161616161616164,-0.6565656565656566,-0.3075972090922923
0.6363636363636365,-0.6565656565656566,0.19553406770788567
0.6565656565656568,-0.6565656565656566,-0.2297610211904359
0.6767676767676769,-0.6565656565656566,-0.042319611536044535
0.696969696969697,-0.6565656565656566,0.3576383657069853
0.7171717171717173,-0.6565656565656566,0.317080747918156
0.7373737373737375,-0.6565656565656566,0.2038143338429052
0.7575757575757578,-0.6565656565656566,0.1707538500260557
0.7777777777777779,-0.6565656565656566,0.05213525382998663
0.7979797979797982,-0.6565656565656566,-0.218986981682656
0.8181818181818183,-0.6565656565656566,-0.09139959182827373
0.8383838383838385,-0.6565656565656566,0.678945343276262
0.8585858585858588,-0.6565656565656566,0.6813190702331047
0.8787878787878789,-0.6565656565656566,0.2815314213182756
0.8989898989898992,-0.6565656565656566,0.7088951165918091
0.9191919191919193,-0.6565656565656566,0.06074079626804968
0.9393939393939394,-0.6565656565656566,0.5086748688655967
0.9595959595959598,-0.6565656565656566,0.5249220504486014
0.9797979797979799,-0.6565656565656566,0.7229189099786928
1.0,-0.6565656565656566,0.4500814802286472
-1.0,-0.6363636363636364,0.3089952325427526
-0.9797979797979798,-0.6363636363636364,0.5584702673971518
-0.9595959595959596,-0.6363636363636364,0.46187990320420225
-0.9393939393939394,-0.6363636363636364,0.5256689438279918
-0.9191919191919192,-0.6363636363636364,0.3023125393940893
-0.898989898989899,-0.6363636363636364,0.11168073622345337
-0.8787878787878788,-0.6363636363636364,0.5451065246667172
-0.8585858585858586,-0.6363636363636364,-0.08781740480003675
-0.8383838383838383,-0.6363636363636364,0.5516032344535429
-0.8181818181818181,-0.6363636363636364,0.45177626719581887
-0.797979797979798,-0.6363636363636364,-0.03739755578594972
-0.7777777777777778,-0.6363636363636364,0.16298967404789913
-0.7575757575757576,-0.6363636363636364,0.30980451229740635
-0.7373737373737373,-0.6363636363636364,0.15463555583390198
-0.7171717171717171,-0.6363636363636364,0.014630410513650993
-0.696969696969697,-0.6363636363636364,0.10014492201489494
-0.6767676767676767,-0.6363636363636364,0.3237990959384395
-0.6565656565656566,-0.6363636363636364,-0.009138371284771345
-0.6363636363636364,-0.6363636363636364,-0.19343035064631584
-0.6161616161616161,-0.6363636363636364,0.27099670215420046
-0.5959595959595959,-0.6363636363636364,-0.035088184101463735
-0.5757575757575757,-0.6363636363636364,-0.39448882479043607
-0.5555555555555556,-0.6363636363636364,-0.07438900162487302
-0.5353535353535352,-0.6363636363636364,-0.11034577386301309
-0.5151515151515151,-0.6363636363636364,-0.33563594695042004
-0.4949494949494949,-0.6363636363636364,-0.28668402502550205
-0.4747474747474747,-0.6363636363636364,0.12443732320224546
-0.4545454545454545,-0.6363636363636364,-0.2950321044852579
-0.43434343434343425,-0.6363636363636364,-0.176339374453848
-0.41414141414141414,-0.6363636363636364,0.021516336463862418
-0.3939393939393939,-0.6363636363636364,-0.16393412174076932
-0.3737373737373737,-0.6363636363636364,-0.25258678158812786
-0.3535353535353535,-0.6363636363636364,-0.39993827452506536
-0.33333333333333326,-0.6363636363636364,-0.08879451723430495
-0.31313131313131304,-0.6363636363636364,-0.5233407504543207
-0.2929292929292928,-0.6363636363636364,-0.3562406949205909
-0.2727272727272727,-0.6363636363636364,-0.13432485241971584
-0.2525252525252525,-0.6363636363636364,-0.6189660711574022
-0.23232323232323226,-0.6363636363636364,-0.28195957072578975
-0.21212121212121204,-0.6363636363636364,-0.4839617086272018
-0.19191919191919182,-0.6363636363636364,-0.09317771486145915
-0.1717171717171716,-0.6363636363636364,0.05547697033843174
-0.1515151515151515,-0.6363636363636364,-0.07089775468738874
-0.13131313131313127,-0.6363636363636364,-0.09163191955513689
-0.11111111111111105,-0.6363636363636364,-0.6980516240291741
-0.09090909090909083,-0.6363636363636364,-0.31162552978178165
-0.07070707070707061,-0.6363636363636364,-0.5267294399389106
-0.050505050505050386,-0.6363636363636364,-0.3670718825030103
-0.030303030303030276,-0.6363636363636364,-0.4806839971706438
-0.010101010101010055,-0.6363636363636364,-0.14459676451466802
0.010101010101010166,-0.6363636363636364,-0.1908362043691214
0.030303030303030498,-0.6363636363636364,-0.7268212592051657
0.05050505050505061,-0.6363636363636364,0.007801783736547885
0.07070707070707072,-0.6363636363636364,-0.5242955838124617
0.09090909090909105,-0.6363636363636364,-0.37377635329629455
0.11111111111111116,-0.6363636363636364,-0.23600736049313975
0.1313131313131315,-0.6363636363636364,-0.5340103752453246
0.1515151515151516,-0.6363636363636364,-0.3452774104085137
0.1717171717171717,-0.6363636363636364,-0.8985742400157357
0.19191919191919204,-0.6363636363636364,-1.1287268298178252
0.21212121212121215,-0.6363636363636364,-0.7575534441681995
0.2323232323232325,-0.6363636363636364,-0.11844701544270334
0.2525252525252526,-0.6363636363636364,-0.5514079816758305
0.27272727272727293,-0.6363636363636364,-0.4307467949110317
0.29292929292929304,-0.6363636363636364,-0.10895884317330495
0.31313131313131315,-0.6363636363636364,-0.3694046617693616
0.3333333333333335,-0.6363636363636364,-0.1837361602577131
0.3535353535353536,-0.6363636363636364,-0.25416501469258923
0.3737373737373739,-0.6363636363636364,-0.17132100852092247
0.39393939393939403,-0.6363636363636364,-0.26341091286331964
0.41414141414141437,-0.6363636363636364,-0.5270627905225882
0.4343434343434345,-0.6363636363636364,-0.19502893348436576
0.4545454545454546,-0.6363636363636364,-0.019419567511024305
0.4747474747474749,-0.6363636363636364,-0.037721595320706236
0.49494949494949503,-0.6363636363636364,-0.23022897144252644
0.5151515151515154,-0.6363636363636364,-0.1704721479774176
0.5353535353535355,-0.6363636363636364,-0.162138124891181
0.5555555555555556,-0.6363636363636364,-0.09832722255506265
0.5757575757575759,-0.6363636363636364,-0.01203220806865099
0.595959595959596,-0.6363636363636364,-0.01700113856739547
0.6161616161616164,-0.6363636363636364,0.2098813584121074
0.6363636363636365,-0.6363636363636364,0.16150044594541815
0.6565656565656568,-0.6363636363636364,-0.21423522659005287
0.6767676767676769,-0.6363636363636364,-0.26480625792826334
0.696969696969697,-0.6363636363636364,-0.2421587762153914
0.7171717171717173,-0.6363636363636364,-0.30202557727126045
0.7373737373737375,-0.6363636363636364,0.06000036115574074
0.7575757575757578,-0.6363636363636364,0.21961054750862843
0.7777777777777779,-0.6363636363636364,0.3687678596068339
0.7979797979797982,-0.6363636363636364,0.20400378540715985
0.8181818181818183,-0.6363636363636364,0.09608068925376345
0.8383838383838385,-0.6363636363636364,0.2600274576286037
0.8585858585858588,-0.6363636363636364,0.6235832590406103
0.8787878787878789,-0.6363636363636364,0.511281699564429
0.8989898989898992,-0.6363636363636364,0.39900378393504393
0.9191919191919193,-0.6363636363636364,0.40400730046699507
0.9393939393939394,-0.6363636363636364,0.6145161940017825
0.9595959595959598,-0.6363636363636364,0.777569278948886
0.9797979797979799,-0.6363636363636364,0.44103084006172477
1.0,-0.6363636363636364,0.8081142722002446
-1.0,-0.6161616161616161,0.6545106281764038
-0.9797979797979798,-0.6161616161616161,0.9010132393389327
-0.9595959595959596,-0.6161616161616161,0.8876169063196013
-0.9393939393939394,-0.6161616161616161,0.2741422036924448
-0.9191919191919192,-0.6161616161616161,0.1275681977579664
-0.898989898989899,-0.6161616161616161,0.5602534466263887
-0.8787878787878788,-0.6161616161616161,0.4072751765244483
-0.8585858585858586,-0.6161616161616161,0.6195662454090989
-0.8383838383838383,-0.6161616161616161,0.19586266995509458
-0.8181818181818181,-0.6161616161616161,0.28398288071473465
-0.797979797979798,-0.6161616161616161,0.05834249490726989
-0.7777777777777778,-0.6161616161616161,0.6507124302807994
-0.7575757575757576,-0.6161616161616161,0.485001955663735
-0.7373737373737373,-0.6161616161616161,0.0763072690287693
-0.7171717171717171,-0.6161616161616161,-0.051907066226036275
-0.696969696969697,-0.6161616161616161,0.08306226760678602
-0.6767676767676767,-0.6161616161616161,0.09449933761426348
-0.6565656565656566,-0.6161616161616161,-0.14963173322194845
-0.6363636363636364,-0.6161616161616161,-0.3038524931300245
-0.6161616161616161,-0.6161616161616161,-0.01655680248883472
-0.5959595959595959,-0.6161616161616161,0.1029482510593333
-0.5757575757575757,-0.6161616161616161,0.14633686328005377
-0.5555555555555556,-0.6161616161616161,-0.1909872622459865
-0.5353535353535352,-0.6161616161616161,-0.34146043197471687
-0.5151515151515151,-0.6161616161616161,-0.11124798253808184
-0.4949494949494949,-0.6161616161616161,-0.3231500742248223
-0.4747474747474747,-0.6161616161616161,-0.28548837825689133
-0.4545454545454545,-0.6161616161616161,-0.6789075628217066
-0.43434343434343425,-0.6161616161616161,-0.2360595464759507
-0.41414141414141414,-0.6161616161616161,-0.21062860513681358
-0.3939393939393939,-0.6161616161616161,-0.06746669618281512
-0.3737373737373737,-0.6161616161616161,-0.1701002205019586
-0.3535353535353535,-0.6161616161616161,3.1845997396973136e-05
-0.33333333333333326,-0.6161616161616161,0.0026246884450688013
-0.31313131313131304,-0.6161616161616161,-0.3915068020698069
-0.2929292929292928,-0.6161616161616161,-0.37667570328506256
-0.2727272727272727,-0.6161616161616161,-0.7092026201220227
-0.2525252525252525,-0.6161616161616161,-0.5378912068757874
-0.23232323232323226,-0.6161616161616161,-0.32562463063186886
-0.21212121212121204,-0.6161616161616161,-0.4352865065653277
-0.19191919191919182,-0.6161616161616161,-0.5467819857319678
-0.1717171717171716,-0.6161616161616161,-0.44541338581890216
-0.1515151515151515,-0.6161616161616161,-0.8103231678307078
-0.13131313131313127,-0.6161616161616161,-0.3685536173704058
-0.11111111111111105,-0.6161616161616161,-0.46774740803181425
-0.09090909090909083,-0.6161616161616161,-0.5007201906687873
-0.07070707070707061,-0.6161616161616161,-0.31940610889505977
-0.050505050505050386,-0.6161616161616161,-0.617959173203565
-0.030303030303030276,-0.6161616161616161,-0.4193109362041226
-0.010101010101010055,-0.6161616161616161,-0.4293891733700318
0.010101010101010166,-0.6161616161616161,-0.25751720285292473
0.030303030303030498,-0.6161616161616161,-0.6225429761386219
0.05050505050505061,-0.6161616161616161,-0.1425081659962174
0.07070707070707072,-0.6161616161616161,-0.309109033906032
0.09090909090909105,-0.6161616161616161,-0.5218787004079403
0.11111111111111116,-0.6161616161616161,-0.6374421215234038
0.1313131313131315,-0.6161616161616161,-0.49936372656922046
0.1515151515151516,-0.6161616161616161,-0.10072846901804294
0.1717171717171717,-0.6161616161616161,-0.34285619987388916
0.19191919191919204,-0.6161616161616161,-0.2059728562709837
0.21212121212121215,-0.6161616161616161,-0.18792689702835066
0.2323232323232325,-0.6161616161616161,-0.2908709459227436
0.2525252525252526,-0.6161616161616161,-0.14814066181308336
0.27272727272727293,-0.6161616161616161,-0.1128430112048543
0.29292929292929304,-0.6161616161616161,-0.23676115758174565
0.31313131313131315,-0.6161616161616161,-0.021925709708409458
0.3333333333333335,-0.6161616161616161,-0.3142227433370929
0.3535353535353536,-0.6161616161616161,-0.18139385532407531
0.3737373737373739,-0.6161616161616161,-0.0749912814679797
0.39393939393939403,-0.6161616161616161,-0.2116256068625209
0.41414141414141437,-0.6161616161616161,0.05081702837282506
0.4343434343434345,-0.6161616161616161,-0.44000052031460624
0.4545454545454546,-0.6161616161616161,-0.4324092390854025
0.4747474747474749,-0.6161616161616161,0.04143872194269024
0.49494949494949503,-0.6161616161616161,0.32386094624632056
0.5151515151515154,-0.6161616161616161,-0.19726824579270197
0.5353535353535355,-0.6161616161616161,-0.4180108403775605
0.5555555555555556,-0.6161616161616161,0.04985176905763719
0.5757575757575759,-0.6161616161616161,-0.19885275089862506
0.595959595959596,-0.6161616161616161,-0.1751197828657144
0.6161616161616164,-0.6161616161616161,0.28126699730255017
0.6363636363636365,-0.6161616161616161,-0.2654129165565247
0.6565656565656568,-0.6161616161616161,0.07619802625250216
0.6767676767676769,-0.6161616161616161,0.14336747050910015
0.696969696969697,-0.6161616161616161,-0.17854358557564542
0.7171717171717173,-0.6161616161616161,-0.04424198320956771
0.7373737373737375,-0.6161616161616161,0.11820287293377983
0.7575757575757578,-0.6161616161616161,0.2485239755065703
0.7777777777777779,-0.6161616161616161,0.2560579053265955
0.7979797979797982,-0.6161616161616161,0.14318272581337527
0.8181818181818183,-0.6161616161616161,0.23392371061612866
0.8383838383838385,-0.6161616161616161,0.4130797712811526
0.8585858585858588,-0.6161616161616161,0.4368289187023945
0.8787878787878789,-0.6161616161616161,0.5410197283971481
0.8989898989898992,-0.6161616161616161,0.3731346866930827
0.9191919191919193,-0.6161616161616161,0.13919191332117992
0.9393939393939394,-0.6161616161616161,0.4256452722598585
0.9595959595959598,-0.6161616161616161,0.4437445712520048
0.9797979797979799,-0.6161616161616161,0.7408388496954763
1.0,-0.6161616161616161,0.3709693504458519
-1.0,-0.5959595959595959,0.2773723839184967
-0.9797979797979798,-0.5959595959595959,0.4986127258106261
-0.9595959595959596,-0.5959595959595959,0.5889740101173628
-0.9393939393939394,-0.5959595959595959,0.21519051501279096
-0.9191919191919192,-0.5959595959595959,0.3470054112998755
-0.898989898989899,-0.5959595959595959,0.3645641662670735
-0.8787878787878788,-0.5959595959595959,0.3347834089037613
-0.8585858585858586,-0.5959595959595959,0.6142267636240492
-0.8383838383838383,-0.5959595959595959,-0.007495535872372505
-0.8181818181818181,-0.5959595959595959,0.19989441901917632
-0.797979797979798,-0.5959595959595959,0.03795491682639526
-0.7777777777777778,-0.5959595959595959,-0.2844223393813468
-0.7575757575757576,-0.5959595959595959,0.4638964146563034
-0.7373737373737373,-0.5959595959595959,0.4624059665082072
-0.7171717171717171,-0.5959595959595959,0.30253407486381095
-0.696969696969697,-0.5959595959595959,0.22169316426966745
-0.6767676767676767,-0.5959595959595959,0.35480710942532845
-0.6565656565656566,-0.5959595959595959,0.31121684833994623
-0.6363636363636364,-0.5959595959595959,-0.09507599243773038
-0.6161616161616161,-0.5959595959595959,-0.03765059023277471
-0.5959595959595959,-0.5959595959595959,-0.22429432529402368
-0.5757575757575757,-0.5959595959595959,0.10898793917001759
-0.5555555555555556,-0.5959595959595959,0.08675908750940178
-0.5353535353535352,-0.5959595959595959,0.08847633637762806
-0.5151515151515151,-0.5959595959595959,-0.032840345309247364
-0.4949494949494949,-0.5959595959595959,-0.019936381355920685
-0.4747474747474747,-0.5959595959595959,-0.02817766050097681
-0.4545454545454545,-0.5959595959595959,-0.03630110440891263
-0.43434343434343425,-0.5959595959595959,-0.05347247508485063
-0.41414141414141414,-0.5959595959595959,-0.39303392405897286
-0.3939393939393939,-0.5959595959595959,-0.26093451986202576
-0.3737373737373737,-0.5959595959595959,-0.5546196501785725
-0.3535353535353535,-0.5959595959595959,-0.7148291768424484
-0.33333333333333326,-0.5959595959595959,-0.6099597846481162
-0.31313131313131304,-0.5959595959595959,-0.5124027289099382
-0.2929292929292928,-0.5959595959595959,-0.3229475204006054
-0.2727272727272727,-0.5959595959595959,-0.4758434309492263
-0.2525252525252525,-0.5959595959595959,-0.41837156569154854
-0.23232323232323226,-0.5959595959595959,-0.6315677810479576
-0.21212121212121204,-0.5959595959595959,-0.33359102447990313
-0.19191919191919182,-0.5959595959595959,0.0023066559766282135
-0.1717171717171716,-0.5959595959595959,-0.4498124201983653
-0.1515151515151515,-0.5959595959595959,-0.2062004551482918
-0.13131313131313127,-0.5959595959595959,-0.23584217945911298
-0.11111111111111105,-0.5959595959595959,-0.3854896291254676
-0.09090909090909083,-0.5959595959595959,-0.16356811469074695
-0.07070707070707061,-0.5959595959595959,-0.6844108107509184
-0.050505050505050386,-0.5959595959595959,-0.21475373911668125
-0.030303030303030276,-0.5959595959595959,-0.19450424798896215
-0.010101010101010055,-0.5959595959595959,-0.27667458775591247
0.010101010101010166,-0.5959595959595959,-0.45645197719224495
0.030303030303030498,-0.5959595959595959,-0.28572049943041844
0.05050505050505061,-0.5959595959595959,-0.1737675685151372
0.07070707070707072,-0.5959595959595959,-0.2336517560994425
0.09090909090909105,-0.5959595959595959,0.025279849961588774
0.11111111111111116,-0.5959595959595959,-0.12058208400347961
0.1313131313131315,-0.5959595959595959,-0.2735857527354721
0.1515151515151516,-0.5959595959595959,-0.5740325649714003
0.1717171717171717,-0.5959595959595959,-0.5520523034651432
0.19191919191919204,-0.5959595959595959,-0.6395503201294062
0.21212121212121215,-0.5959595959595959,-0.545286281574834
0.2323232323232325,-0.5959595959595959,-0.40343965918109437
0.2525252525252526,-0.5959595959595959,-0.2262315782871144
0.27272727272727293,-0.5959595959595959,-0.4795138808864091
0.29292929292929304,-0.5959595959595959,-0.3908219286945736
0.31313131313131315,-0.5959595959595959,-0.3345095000752907
0.3333333333333335,-0.5959595959595959,-0.18828573772893586
0.3535353535353536,-0.5959595959595959,-0.4244916486279978
0.3737373737373739,-0.5959595959595959,-0.1468962965499401
0.39393939393939403,-0.5959595959595959,-0.237278547806269
0.41414141414141437,-0.5959595959595959,-0.4081733124743635
0.4343434343434345,-0.5959595959595959,0.02553535126242376
0.4545454545454546,-0.5959595959595959,-0.24897391196018015
0.4747474747474749,-0.5959595959595959,-0.2851575013283806
0.49494949494949503,-0.5959595959595959,0.04605866685123369
0.5151515151515154,-0.5959595959595959,-0.37407590726158974
0.5353535353535355,-0.5959595959595959,0.12616829827366988
0.5555555555555556,-0.5959595959595959,0.01917056704664713
0.5757575757575759,-0.5959595959595959,-0.4103208208184038
0.595959595959596,-0.5959595959595959,0.2607241471556895
0.6161616161616164,-0.5959595959595959,-0.07101838217241375
0.6363636363636365,-0.5959595959595959,0.39876805307605
0.6565656565656568,-0.5959595959595959,0.6070444355106972
0.6767676767676769,-0.5959595959595959,0.30285629155186455
0.696969696969697,-0.5959595959595959,-0.16824360853299636
0.7171717171717173,-0.5959595959595959,0.1933729657871339
0.7373737373737375,-0.5959595959595959,-0.07224536750946059
0.7575757575757578,-0.5959595959595959,0.03194373112574539
0.7777777777777779,-0.5959595959595959,0.1050274214994939
0.7979797979797982,-0.5959595959595959,-0.1949984048620586
0.8181818181818183,-0.5959595959595959,0.1606631223094918
0.8383838383838385,-0.5959595959595959,0.30532412439582124
0.8585858585858588,-0.5959595959595959,0.5500038383358868
0.8787878787878789,-0.5959595959595959,0.5324246226863802
0.8989898989898992,-0.5959595959595959,0.44544014023782985
0.9191919191919193,-0.5959595959595959,0.3210960144068086
0.9393939393939394,-0.5959595959595959,0.3312376780575088
0.9595959595959598,-0.5959595959595959,0.8440376146035713
0.9797979797979799,-0.5959595959595959,0.5944018386127368
1.0,-0.5959595959595959,1.0583915487201176
-1.0,-0.5757575757575757,0.7818564696163858
-0.9797979797979798,-0.5757575757575757,0.46882166735406305
-0.9595959595959596,-0.5757575757575757,0.9914284588717808
-0.9393939393939394,-0.5757575757575757,0.6050474446432524
-0.9191919191919192,-0.5757575757575757,0.6326549695053998
-0.898989898989899,-0.5757575757575757,0.3712657098230491
-0.8787878787878788,-0.5757575757575757,0.7503870463156529
-0.8585858585858586,-0.5757575757575757,0.3433452398280442
-0.8383838383838383,-0.5757575757575757,0.13225928244593999
-0.8181818181818181,-0.5757575757575757,0.046745987137844724
-0.797979797979798,-0.5757575757575757,0.21392093311331306
-0.7777777777777778,-0.5757575757575757,0.551078172598225
-0.7575757575757576,-0.5757575757575757,-0.06995721799287424
-0.7373737373737373,-0.5757575757575757,0.3813177839599906
-0.7171717171717171,-0.5757575757575757,0.18112179853980764
-0.696969696969697,-0.5757575757575757,0.12076593875325864
-0.6767676767676767,-0.5757575757575757,0.559301999425086
-0.6565656565656566,-0.5757575757575757,0.21012263737330888
-0.6363636363636364,-0.5757575757575757,-0.15129349606676246
-0.6161616161616161,-0.5757575757575757,-0.09201682246803214
-0.5959595959595959,-0.5757575757575757,-0.34151508535898706
-0.5757575757575757,-0.5757575757575757,-0.04840431106843385
-0.5555555555555556,-0.5757575757575757,0.1391243520595881
-0.5353535353535352,-0.5757575757575757,-0.21565391824692248
-0.5151515151515151,-0.5757575757575757,-0.21657649896115
-0.4949494949494949,-0.5757575757575757,-0.14184144905338186
-0.4747474747474747,-0.5757575757575757,0.040197254184858755
-0.4545454545454545,-0.5757575757575757,-0.05589216468369172
-0.43434343434343425,-0.5757575757575757,-0.29283918417509114
-0.41414141414141414,-0.5757575757575757,-0.12753102685657075
-0.3939393939393939,-0.5757575757575757,0.03760063781575157
-0.3737373737373737,-0.5757575757575757,-0.18094597989905287
-0.3535353535353535,-0.5757575757575757,-0.2898424049331384
-0.33333333333333326,-0.5757575757575757,-0.5347597681677816
-0.31313131313131304,-0.5757575757575757,-0.5147492490597334
-0.2929292929292928,-0.5757575757575757,-0.3676101376303048
-0.2727272727272727,-0.5757575757575757,0.2669022597706099
-0.2525252525252525,-0.5757575757575757,-0.4244851729552445
-0.23232323232323226,-0.5757575757575757,-0.5192921946862421
-0.21212121212121204,-0.5757575757575757,-0.12821828928315337
-0.19191919191919182,-0.5757575757575757,-0.46884787396139316
-0.1717171717171716,-0.5757575757575757,-0.00941726744485899
-0.1515151515151515,-0.5757575757575757,-0.4111852284813583
-0.13131313131313127,-0.5757575757575757,-0.29224928985091836
-0.11111111111111105,-0.5757575757575757,-0.09425355052468215
-0.09090909090909083,-0.5757575757575757,-0.35321443798533975
-0.07070707070707061,-0.5757575757575757,-0.0987808402102539
-0.050505050505050386,-0.5757575757575757,-0.12345487785499881
-0.030303030303030276,-0.5757575757575757,-0.2623738213425908
-0.010101010101010055,-0.5757575757575757,-0.39013297812584513
0.010101010101010166,-0.5757575757575757,-0.5162389604207827
0.030303030303030498,-0.5757575757575757,-0.011549998031298303
0.05050505050505061,-0.5757575757575757,-0.7896912002454284
0.07070707070707072,-0.5757575757575757,0.16952943952851368
0.09090909090909105,-0.5757575757575757,-0.05095233291300966
0.11111111111111116,-0.5757575757575757,-0.5000540984786251
0.1313131313131315,-0.5757575757575757,-0.059289858871142465
0.1515151515151516,-0.5757575757575757,-0.2167514492477179
0.1717171717171717,-0.5757575757575757,-0.251627381896677
0.19191919191919204,-0.5757575757575757,-0.2790197588840496
0.21212121212121215,-0.5757575757575757,0.0720131543721459
0.2323232323232325,-0.5757575757575757,-0.3035031800999912
0.2525252525252526,-0.5757575757575757,-0.4012978338582674
0.27272727272727293,-0.5757575757575757,-0.4658121935611764
0.29292929292929304,-0.5757575757575757,0.02172174011397912
0.31313131313131315,-0.5757575757575757,0.02212810573378171
0.3333333333333335,-0.5757575757575757,-0.45919252700427776
0.3535353535353536,-0.5757575757575757,-0.21451411431718478
0.3737373737373739,-0.5757575757575757,-0.33239347754408094
0.39393939393939403,-0.5757575757575757,-0.14344018974315229
0.41414141414141437,-0.5757575757575757,0.14723636062338571
0.4343434343434345,-0.5757575757575757,0.15727129041969834
0.4545454545454546,-0.5757575757575757,-0.05675074867325948
0.4747474747474749,-0.5757575757575757,-0.12249424962253282
0.49494949494949503,-0.5757575757575757,0.1181125193010518
0.5151515151515154,-0.5757575757575757,0.29497430277820924
0.5353535353535355,-0.5757575757575757,-0.06215908650096011
0.5555555555555556,-0.5757575757575757,-0.09739961059197547
0.5757575757575759,-0.5757575757575757,-0.27941396024327353
0.595959595959596,-0.5757575757575757,0.10751779948513697
0.6161616161616164,-0.5757575757575757,0.1455657280256311
0.6363636363636365,-0.5757575757575757,0.14220223006979296
0.6565656565656568,-0.5757575757575757,0.12056623998265481
0.6767676767676769,-0.5757575757575757,0.17931555034731428
0.696969696969697,-0.5757575757575757,-0.27009743711027495
0.7171717171717173,-0.5757575757575757,0.3227620904209241
0.7373737373737375,-0.5757575757575757,0.4437401175230546
0.7575757575757578,-0.5757575757575757,0.670284395033025
0.7777777777777779,-0.5757575757575757,-0.1545320630215411
0.7979797979797982,-0.5757575757575757,0.09633501350211895
0.8181818181818183,-0.5757575757575757,0.3854849125505954
0.8383838383838385,-0.5757575757575757,0.7068891818803801
0.8585858585858588,-0.5757575757575757,0.7077728001322632
0.8787878787878789,-0.5757575757575757,0.19644926563282836
0.8989898989898992,-0.5757575757575757,0.5383745889279792
0.9191919191919193,-0.5757575757575757,0.36708611106648936
0.9393939393939394,-0.5757575757575757,0.4181104517639377
0.9595959595959598,-0.5757575757575757,0.525107013929181
0.9797979797979799,-0.5757575757575757,0.9913335296651723
1.0,-0.5757575757575757,0.6561711960192901
-1.0,-0.5555555555555556,0.6091194132918787
-0.9797979797979798,-0.5555555555555556,0.37305802517096875
-0.9595959595959596,-0.5555555555555556,0.7253411273803223
-0.9393939393939394,-0.5555555555555556,0.8370169172841726
-0.9191919191919192,-0.5555555555555556,0.4429166708944025
-0.898989898989899,-0.5555555555555556,0.20458850539915535
-0.8787878787878788,-0.5555555555555556,0.6351183112395309
-0.8585858585858586,-0.5555555555555556,0.3861544255672374
-0.8383838383838383,-0.5555555555555556,0.5191899318599112
-0.8181818181818181,-0.5555555555555556,-0.01639198025183647
-0.797979797979798,-0.5555555555555556,0.33957822142624894
-0.7777777777777778,-0.5555555555555556,0.2869921277472814
-0.7575757575757576,-0.5555555555555556,0.3693790782982428
-0.7373737373737373,-0.5555555555555556,0.28988425179824534
-0.7171717171717171,-0.5555555555555556,0.4434602830239117
-0.696969696969697,-0.5555555555555556,0.02117188562188041
-0.6767676767676767,-0.5555555555555556,0.35498564171777913
-0.6565656565656566,-0.5555555555555556,0.0776824025676619
-0.6363636363636364,-0.5555555555555556,0.08491553469884329
-0.6161616161616161,-0.5555555555555556,0.2785145488988878
-0.5959595959595959,-0.5555555555555556,-0.10701959327868435
-0.5757575757575757,-0.5555555555555556,0.18544753927071753
-0.5555555555555556,-0.5555555555555556,-0.18148435568352017
-0.5353535353535352,-0.5555555555555556,-0.1983488315834675
-0.5151515151515151,-0.5555555555555556,-0.04891803601604907
-0.4949494949494949,-0.5555555555555556,0.11040413247371761
-0.4747474747474747,-0.5555555555555556,-0.17407228104251188
-0.4545454545454545,-0.5555555555555556,-0.06435519044255314
-0.43434343434343425,-0.5555555555555556,0.351525285229889
-0.41414141414141414,-0.5555555555555556,-0.057208046918222746
-0.3939393939393939,-0.5555555555555556,0.023196618938760016
-0.3737373737373737,-0.5555555555555556,0.1484303050506091
-0.3535353535353535,-0.5555555555555556,-0.39797547774004605
-0.33333333333333326,-0.5555555555555556,-0.3365214666919021
-0.31313131313131304,-0.5555555555555556,0.10316544607882516
-0.2929292929292928,-0.5555555555555556,-0.3306209844316936
-0.2727272727272727,-0.5555555555555556,-0.32652135580655883
-0.2525252525252525,-0.5555555555555556,-0.16051926427857033
-0.23232323232323226,-0.5555555555555556,0.04841065327652888
-0.21212121212121204,-0.5555555555555556,-0.2772567282423853
-0.19191919191919182,-0.5555555555555556,-0.4906598715763276
-0.1717171717171716,-0.5555555555555556,-0.48335897264654515
-0.1515151515151515,-0.5555555555555556,-0.4408185704285437
-0.13131313131313127,-0.5555555555555556,-0.1392261504942251
-0.11111111111111105,-0.5555555555555556,-0.41935132479298254
-0.09090909090909083,-0.5555555555555556,0.017417341676971065
-0.07070707070707061,-0.5555555555555556,0.1301513012265509
-0.050505050505050386,-0.5555555555555556,-0.4303784314100214
-0.030303030303030276,-0.5555555555555556,-0.31971369992392457
-0.010101010101010055,-0.5555555555555556,-0.627612931723845
0.010101010101010166,-0.5555555555555556,-0.280919310979962
0.030303030303030498,-0.5555555555555556,-0.4022832571918902
0.05050505050505061,-0.5555555555555556,-0.3836201717701917
0.07070707070707072,-0.5555555555555556,-0.020237680688846904
0.09090909090909105,-0.5555555555555556,-0.48532510391009526
0.11111111111111116,-0.5555555555555556,-0.6843466409270755
0.1313131313131315,-0.5555555555555556,-0.04544084164271883
0.1515151515151516,-0.5555555555555556,-0.08836685948918682
0.1717171717171717,-0.5555555555555556,-0.5472566139314886
0.19191919191919204,-0.5555555555555556,-0.30152002879035106
0.21212121212121215,-0.5555555555555556,-0.07045595178553679
0.2323232323232325,-0.5555555555555556,0.015561878150739783
0.2525252525252526,-0.5555555555555556,-0.3824905255414289
0.27272727272727293,-0.5555555555555556,-0.08184402956744996
0.29292929292929304,-0.5555555555555556,0.007357155299983736
0.31313131313131315,-0.5555555555555556,-0.255908826244477
0.3333333333333335,-0.5555555555555556,-0.3575138934312684
0.3535353535353536,-0.5555555555555556,-0.1827310253026483
0.3737373737373739,-0.5555555555555556,0.00905391146673612
0.39393939393939403,-0.5555555555555556,-0.16478689953571363
0.41414141414141437,-0.5555555555555556,-0.062127987452164524
0.4343434343434345,-0.5555555555555556,0.3064753648047809
0.4545454545454546,-0.5555555555555556,-0.18298734413422396
0.4747474747474749,-0.5555555555555556,0.04989233389106096
0.49494949494949503,-0.5555555555555556,-0.07769159255311205
0.5151515151515154,-0.5555555555555556,-0.13612111589510195
0.5353535353535355,-0.5555555555555556,-0.23419508001260064
0.5555555555555556,-0.5555555555555556,0.054157072864014916
0.5757575757575759,-0.5555555555555556,0.26114714638534886
0.595959595959596,-0.5555555555555556,-0.2170030897662671
0.6161616161616164,-0.5555555555555556,-0.012552005118767265
0.6363636363636365,-0.5555555555555556,0.2655657289435781
0.6565656565656568,-0.5555555555555556,-0.06743224084704955
0.6767676767676769,-0.5555555555555556,0.1281903469310746
0.696969696969697,-0.5555555555555556,-0.17064813512304078
0.7171717171717173,-0.5555555555555556,0.3404241927005449
0.7373737373737375,-0.5555555555555556,0.2357686523900768
0.7575757575757578,-0.5555555555555556,0.5145755500321927
0.7777777777777779,-0.5555555555555556,0.2027014665326909
0.7979797979797982,-0.5555555555555556,0.26556694363720756
0.8181818181818183,-0.5555555555555556,0.2337764335794346
0.8383838383838385,-0.5555555555555556,0.5072242217109127
0.8585858585858588,-0.5555555555555556,0.5096343803300171
0.8787878787878789,-0.5555555555555556,0.24045736637922996
0.8989898989898992,-0.5555555555555556,0.36653182233230763
0.9191919191919193,-0.5555555555555556,0.6022652487281808
0.9393939393939394,-0.5555555555555556,0.7189348049032109
0.9595959595959598,-0.5555555555555556,0.39323149274878066
0.9797979797979799,-0.5555555555555556,0.7128088139140865
1.0,-0.5555555555555556,0.60229073670986
-1.0,-0.5353535353535352,0.6357844103695973
-0.9797979797979798,-0.5353535353535352,0.7294022370591271
-0.9595959595959596,-0.5353535353535352,0.7417395661985555
-0.9393939393939394,-0.5353535353535352,0.4186576434228869
-0.9191919191919192,-0.5353535353535352,0.5113468938912439
-0.898989898989899,-0.5353535353535352,0.434694279470162
-0.8787878787878788,-0.5353535353535352,0.5288999155895474
-0.8585858585858586,-0.5353535353535352,0.2792175629152956
-0.8383838383838383,-0.5353535353535352,0.4189607343357802
-0.8181818181818181,-0.5353535353535352,0.2905971611584817
-0.797979797979798,-0.5353535353535352,0.03491076898302364
-0.7777777777777778,-0.5353535353535352,0.19087241843927708
-0.7575757575757576,-0.5353535353535352,0.15746297421753847
-0.7373737373737373,-0.5353535353535352,0.1268550890155359
-0.7171717171717171,-0.5353535353535352,0.25231155187804155
-0.696969696969697,-0.5353535353535352,0.5110037027769758
-0.6767676767676767,-0.5353535353535352,0.3518650975818288
-0.6565656565656566,-0.5353535353535352,0.46710103527416746
-0.6363636363636364,-0.5353535353535352,-0.16758954191826292
-0.6161616161616161,-0.5353535353535352,0.28796907436057984
-0.5959595959595959,-0.5353535353535352,-0.07370406357623421
-0.5757575757575757,-0.5353535353535352,0.023774965324909997
-0.5555555555555556,-0.5353535353535352,0.05971547998098459
-0.5353535353535352,-0.5353535353535352,-0.1550096181294488
-0.5151515151515151,-0.5353535353535352,-0.10397612886907326
-0.4949494949494949,-0.5353535353535352,-0.06077288361172871
-0.4747474747474747,-0.5353535353535352,0.013504385004783126
-0.4545454545454545,-0.5353535353535352,-0.18655159817638228
-0.43434343434343425,-0.5353535353535352,0.11705967982376797
-0.41414141414141414,-0.5353535353535352,-0.1854148215035569
-0.3939393939393939,-0.5353535353535352,-0.046101146138900026
-0.3737373737373737,-0.5353535353535352,-0.0035489910114452627
-0.3535353535353535,-0.5353535353535352,-0.19928447044272435
-0.33333333333333326,-0.5353535353535352,-0.10442295662542359
-0.31313131313131304,-0.5353535353535352,-0.38189668804797133
-0.2929292929292928,-0.5353535353535352,-0.11587722439907447
-0.2727272727272727,-0.5353535353535352,0.27748787614730513
-0.2525252525252525,-0.5353535353535352,-0.3160217804894981
-0.23232323232323226,-0.5353535353535352,-0.3740638936074462
-0.21212121212121204,-0.5353535353535352,-0.587416705440048
-0.19191919191919182,-0.5353535353535352,-0.46912446312236156
-0.1717171717171716,-0.5353535353535352,-0.14825933997363963
-0.1515151515151515,-0.5353535353535352,-0.1078147867235616
-0.13131313131313127,-0.5353535353535352,-0.32976323760317183
-0.11111111111111105,-0.5353535353535352,0.05666214272245895
-0.09090909090909083,-0.5353535353535352,-0.5725296417487525
-0.07070707070707061,-0.5353535353535352,-0.569626203567839
-0.050505050505050386,-0.5353535353535352,-0.15777939689636367
-0.030303030303030276,-0.5353535353535352,-0.0028414523967253413
-0.010101010101010055,-0.5353535353535352,-0.1608133724318041
0.010101010101010166,-0.5353535353535352,-0.34311656161242543
0.030303030303030498,-0.5353535353535352,-0.542751608181772
0.05050505050505061,-0.5353535353535352,-0.19311975881818405
0.07070707070707072,-0.5353535353535352,-0.30985236978254166
0.09090909090909105,-0.5353535353535352,-0.34476857526985577
0.11111111111111116,-0.5353535353535352,-0.13394372366580248
0.1313131313131315,-0.5353535353535352,-0.4919824135776383
0.1515151515151516,-0.5353535353535352,-0.10880226439755278
0.1717171717171717,-0.5353535353535352,-0.29422307268207076
0.19191919191919204,-0.5353535353535352,-0.10698932886631102
0.21212121212121215,-0.5353535353535352,-0.45465487927688353
0.2323232323232325,-0.5353535353535352,-0.5900716323401765
0.2525252525252526,-0.5353535353535352,0.3639397672869571
0.27272727272727293,-0.5353535353535352,-0.0964345115722635
0.29292929292929304,-0.5353535353535352,-0.002917075723188195
0.31313131313131315,-0.5353535353535352,-0.4636347614251445
0.3333333333333335,-0.5353535353535352,-0.3921270973522553
0.3535353535353536,-0.5353535353535352,-0.35974420553744124
0.3737373737373739,-0.5353535353535352,-0.21750410418916885
0.39393939393939403,-0.5353535353535352,-0.4565814318633643
0.41414141414141437,-0.5353535353535352,-0.13876885523047658
0.4343434343434345,-0.5353535353535352,-0.34933477450995504
0.4545454545454546,-0.5353535353535352,-0.40972232768488526
0.4747474747474749,-0.5353535353535352,-0.17378034201931375
0.49494949494949503,-0.5353535353535352,0.12671149649217245
0.5151515151515154,-0.5353535353535352,0.07777118171788365
0.5353535353535355,-0.5353535353535352,-0.046359209642048
0.5555555555555556,-0.5353535353535352,-0.09262557471300438
0.5757575757575759,-0.5353535353535352,0.003957226888845589
0.595959595959596,-0.5353535353535352,0.2665326191015297
0.6161616161616164,-0.5353535353535352,-0.052494088175464054
0.6363636363636365,-0.5353535353535352,-0.12839527769029158
0.6565656565656568,-0.5353535353535352,0.2919027100857605
0.6767676767676769,-0.5353535353535352,-0.006949232066590011
0.696969696969697,-0.5353535353535352,0.2232304185154434
0.7171717171717173,-0.5353535353535352,-0.1953761835686087
0.7373737373737375,-0.5353535353535352,0.37910136244298287
0.7575757575757578,-0.5353535353535352,0.5284600093824027
0.7777777777777779,-0.5353535353535352,0.3975269322627229
0.7979797979797982,-0.5353535353535352,0.30489900047347096
0.8181818181818183,-0.5353535353535352,0.6191284701938032
0.8383838383838385,-0.5353535353535352,0.28885437560867677
0.8585858585858588,-0.5353535353535352,0.3992641841430343
0.8787878787878789,-0.5353535353535352,0.38807101916732056
0.8989898989898992,-0.5353535353535352,0.3004414829208102
0.9191919191919193,-0.5353535353535352,0.29312758143772044
0.9393939393939394,-0.5353535353535352,0.11778673847097276
0.9595959595959598,-0.5353535353535352,0.6360730477972494
0.9797979797979799,-0.5353535353535352,0.6273666186908213
1.0,-0.5353535353535352,0.7173475414236963
-1.0,-0.5151515151515151,1.1900438162764222
-0.9797979797979798,-0.5151515151515151,0.8658403580235792
-0.9595959595959596,-0.5151515151515151,0.45782217222737964
-0.9393939393939394,-0.5151515151515151,1.0222539343551023
-0.9191919191919192,-0.5151515151515151,0.624501546531291
-0.898989898989899,-0.5151515151515151,0.5438858508403684
-0.8787878787878788,-0.5151515151515151,0.870362801730056
-0.8585858585858586,-0.5151515151515151,0.7943975297600018
-0.8383838383838383,-0.5151515151515151,0.047536864648898336
-0.8181818181818181,-0.5151515151515151,0.3180026344674845
-0.797979797979798,-0.5151515151515151,0.31364050345678146
-0.7777777777777778,-0.5151515151515151,0.5136878350233209
-0.7575757575757576,-0.5151515151515151,0.05539877584063019
-0.7373737373737373,-0.5151515151515151,0.24181385256216725
-0.7171717171717171,-0.5151515151515151,0.5126964090251125
-0.696969696969697,-0.5151515151515151,0.25823413853458865
-0.6767676767676767,-0.5151515151515151,0.08922817989470437
-0.6565656565656566,-0.5151515151515151,0.3609100121826827
-0.6363636363636364,-0.5151515151515151,0.20297709555363985
-0.6161616161616161,-0.5151515151515151,0.4203714272820639
-0.5959595959595959,-0.5151515151515151,0.08659398796626123
-0.5757575757575757,-0.5151515151515151,-0.32506229014100024
-0.5555555555555556,-0.5151515151515151,-0.13154612137344285
-0.5353535353535352,-0.5151515151515151,-0.17204259961247426
-0.5151515151515151,-0.5151515151515151,0.20252827913261712
-0.4949494949494949,-0.5151515151515151,-0.07630354200580677
-0.4747474747474747,-0.5151515151515151,-0.4095756985372456
-0.4545454545454545,-0.5151515151515151,-0.29481440057609987
-0.43434343434343425,-0.5151515151515151,0.09572375769572186
-0.41414141414141414,-0.5151515151515151,-0.27749020421607273
-0.3939393939393939,-0.5151515151515151,0.014909394856921332
-0.3737373737373737,-0.5151515151515151,-0.2908418519684279
-0.3535353535353535,-0.5151515151515151,-0.5278402314521111
-0.33333333333333326,-0.5151515151515151,0.04477875580797769
-0.31313131313131304,-0.5151515151515151,0.15892867685203066
-0.2929292929292928,-0.5151515151515151,-0.0928899716538494
-0.2727272727272727,-0.5151515151515151,-0.7027587866728311
-0.2525252525252525,-0.5151515151515151,-0.2803760627923964
-0.23232323232323226,-0.5151515151515151,-0.008737527625904656
-0.21212121212121204,-0.5151515151515151,-0.1463862846136982
-0.19191919191919182,-0.5151515151515151,-0.2376930635977222
-0.1717171717171716,-0.5151515151515151,-0.12698765322251448
-0.1515151515151515,-0.5151515151515151,-0.36170383330057615
-0.13131313131313127,-0.5151515151515151,-0.3610521382242448
-0.11111111111111105,-0.5151515151515151,0.036183611035369434
-0.09090909090909083,-0.5151515151515151,-0.18321385409391283
-0.07070707070707061,-0.5151515151515151,-0.3150131260843632
-0.050505050505050386,-0.5151515151515151,-0.6308237941726096
-0.030303030303030276,-0.5151515151515151,-0.23585084323792546
-0.010101010101010055,-0.5151515151515151,-0.1468128728257248
0.010101010101010166,-0.5151515151515151,-0.2173980009755096
0.030303030303030498,-0.5151515151515151,-0.3802681783930222
0.05050505050505061,-0.5151515151515151,-0.019682888965025458
0.07070707070707072,-0.5151515151515151,0.03558995562234635
0.09090909090909105,-0.5151515151515151,-0.7323874448935411
0.11111111111111116,-0.5151515151515151,-0.4345224509709147
0.1313131313131315,-0.5151515151515151,-0.13313348590397678
0.1515151515151516,-0.5151515151515151,-0.1909865140000041
0.1717171717171717,-0.5151515151515151,-0.38269383899522447
0.19191919191919204,-0.5151515151515151,-0.2721659438823507
0.21212121212121215,-0.5151515151515151,-0.5124171927997411
0.2323232323232325,-0.5151515151515151,-0.1728666890898348
0.2525252525252526,-0.5151515151515151,0.0796254160925664
0.27272727272727293,-0.5151515151515151,-0.026559659094227084
0.29292929292929304,-0.5151515151515151,-0.07518920093068113
0.31313131313131315,-0.5151515151515151,-0.47057024881211057
0.3333333333333335,-0.5151515151515151,-0.1138623104795348
0.3535353535353536,-0.5151515151515151,0.014783916909616501
0.3737373737373739,-0.5151515151515151,0.09094562307136933
0.39393939393939403,-0.5151515151515151,-0.11590976130875257
0.41414141414141437,-0.5151515151515151,-0.10447673143258304
0.4343434343434345,-0.5151515151515151,0.09224639676353588
0.4545454545454546,-0.5151515151515151,-0.2118151597870098
0.4747474747474749,-0.5151515151515151,-0.12448456483536985
0.49494949494949503,-0.5151515151515151,0.1104838157851318
0.5151515151515154,-0.5151515151515151,0.21409168177352972
0.5353535353535355,-0.5151515151515151,-0.1407091724737749
0.5555555555555556,-0.5151515151515151,0.20637833082182447
0.5757575757575759,-0.5151515151515151,-0.21382524153150606
0.595959595959596,-0.5151515151515151,0.30232022865227215
0.6161616161616164,-0.5151515151515151,-0.09488091241435995
0.6363636363636365,-0.5151515151515151,0.15024288195219138
0.6565656565656568,-0.5151515151515151,0.11634104516897237
0.6767676767676769,-0.5151515151515151,-0.09173329363904315
0.696969696969697,-0.5151515151515151,0.3977619464579722
0.7171717171717173,-0.5151515151515151,0.43040933615908383
0.7373737373737375,-0.5151515151515151,0.07276583151581417
0.7575757575757578,-0.5151515151515151,0.37285063869864715
0.7777777777777779,-0.5151515151515151,0.19157952362788086
0.7979797979797982,-0.5151515151515151,0.23121266505490057
0.8181818181818183,-0.5151515151515151,0.43969895381179874
0.8383838383838385,-0.5151515151515151,0.4620769896101351
0.8585858585858588,-0.5151515151515151,0.3058172239767009
0.8787878787878789,-0.5151515151515151,0.5246598309732275
0.8989898989898992,-0.5151515151515151,0.6552308996879512
0.9191919191919193,-0.5151515151515151,0.34725804057512466
0.9393939393939394,-0.5151515151515151,0.6857049940483746
0.9595959595959598,-0.5151515151515151,0.8834126142887542
0.9797979797979799,-0.5151515151515151,0.9767802358363464
1.0,-0.5151515151515151,1.214364540092619
-1.0,-0.4949494949494949,0.9269180889659877
-0.9797979797979798,-0.4949494949494949,0.6840786966555865
-0.9595959595959596,-0.4949494949494949,0.6042844209396424
-0.9393939393939394,-0.4949494949494949,0.4852026109159959
-0.9191919191919192,-0.4949494949494949,0.3696830146390008
-0.898989898989899,-0.4949494949494949,0.2725601521761573
-0.8787878787878788,-0.4949494949494949,0.5278308228895785
-0.8585858585858586,-0.4949494949494949,0.4321191641796187
-0.8383838383838383,-0.4949494949494949,0.5181266418399347
-0.8181818181818181,-0.4949494949494949,0.6198948625608423
-0.797979797979798,-0.4949494949494949,0.18600212597365062
-0.7777777777777778,-0.4949494949494949,0.2981619020642283
-0.7575757575757576,-0.4949494949494949,0.3121638345858632
-0.7373737373737373,-0.4949494949494949,0.557855633834289
-0.7171717171717171,-0.4949494949494949,0.37145054928576055
-0.696969696969697,-0.4949494949494949,0.4702243890279227
-0.6767676767676767,-0.4949494949494949,0.39224994141674524
-0.6565656565656566,-0.4949494949494949,0.5780735307069504
-0.6363636363636364,-0.4949494949494949,0.1895268054968657
-0.6161616161616161,-0.4949494949494949,0.12127566339636218
-0.5959595959595959,-0.4949494949494949,0.028495355901334632
-0.5757575757575757,-0.4949494949494949,0.07820489972795565
-0.5555555555555556,-0.4949494949494949,0.17697893749240917
-0.5353535353535352,-0.4949494949494949,0.23698799761251815
-0.5151515151515151,-0.4949494949494949,0.13833778311961709
-0.4949494949494949,-0.4949494949494949,-0.13746127582414366
-0.4747474747474747,-0.4949494949494949,-0.1393188993455907
-0.4545454545454545,-0.4949494949494949,-0.6746148297505139
-0.43434343434343425,-0.4949494949494949,0.09827481478422134
-0.41414141414141414,-0.4949494949494949,-0.2641270899971612
-0.3939393939393939,-0.4949494949494949,0.0983706726688938
-0.3737373737373737,-0.4949494949494949,-0.19795637637762287
-0.3535353535353535,-0.4949494949494949,-0.11606702703767817
-0.33333333333333326,-0.4949494949494949,-0.4207893685524177
-0.31313131313131304,-0.4949494949494949,-0.2178686391184857
-0.2929292929292928,-0.4949494949494949,-0.1373163917690289
-0.2727272727272727,-0.4949494949494949,-0.5657281539061173
-0.2525252525252525,-0.4949494949494949,0.05044429558015201
-0.23232323232323226,-0.4949494949494949,-0.1449989458478861
-0.21212121212121204,-0.4949494949494949,-0.2631395894572718
-0.19191919191919182,-0.4949494949494949,0.10241554884074297
-0.1717171717171716,-0.4949494949494949,0.06755809519026218
-0.1515151515151515,-0.4949494949494949,0.13854474323538668
-0.13131313131313127,-0.4949494949494949,-0.5228710041086182
-0.11111111111111105,-0.4949494949494949,-0.3625201224923056
-0.09090909090909083,-0.4949494949494949,-0.4164596575049738
-0.07070707070707061,-0.4949494949494949,-0.4641000801228027
-0.050505050505050386,-0.4949494949494949,-0.04891721139160149
-0.030303030303030276,-0.4949494949494949,-0.5118878107831827
-0.010101010101010055,-0.4949494949494949,-0.1394434251405669
0.010101010101010166,-0.4949494949494949,-0.11489286259446596
0.030303030303030498,-0.4949494949494949,-0.31521639969054316
0.05050505050505061,-0.4949494949494949,-0.33683207263209447
0.07070707070707072,-0.4949494949494949,0.013249109869657022
0.09090909090909105,-0.4949494949494949,-0.36324206431647604
0.11111111111111116,-0.4949494949494949,-0.2695634071197315
0.1313131313131315,-0.4949494949494949,-0.2973087300845106
0.1515151515151516,-0.4949494949494949,-0.4878549396039722
0.1717171717171717,-0.4949494949494949,-0.21768802772740864
0.19191919191919204,-0.4949494949494949,-0.10321846584037563
0.21212121212121215,-0.4949494949494949,0.024876560853800994
0.2323232323232325,-0.4949494949494949,-0.0639862502034863
0.2525252525252526,-0.4949494949494949,-0.17241195091872372
0.27272727272727293,-0.4949494949494949,-0.10308819909307479
0.29292929292929304,-0.4949494949494949,0.25132154454421307
0.31313131313131315,-0.4949494949494949,-0.10921186017729068
0.3333333333333335,-0.4949494949494949,-0.22260200146289183
0.3535353535353536,-0.4949494949494949,-0.14872794895720695
0.3737373737373739,-0.4949494949494949,0.19843734251667455
0.39393939393939403,-0.4949494949494949,-0.3497966207362211
0.41414141414141437,-0.4949494949494949,-0.09912044647110238
0.4343434343434345,-0.4949494949494949,0.011853994122254172
0.4545454545454546,-0.4949494949494949,0.07898878994519365
0.4747474747474749,-0.4949494949494949,-0.11540671814223123
0.49494949494949503,-0.4949494949494949,-0.09477149383005462
0.5151515151515154,-0.4949494949494949,-0.2961891151140729
0.5353535353535355,-0.4949494949494949,0.09321083022046422
0.5555555555555556,-0.4949494949494949,-0.030347455398072
0.5757575757575759,-0.4949494949494949,0.13166083224905994
0.595959595959596,-0.4949494949494949,0.010253023552295848
0.6161616161616164,-0.4949494949494949,0.2246017390268661
0.6363636363636365,-0.4949494949494949,-0.08781780817377832
0.6565656565656568,-0.4949494949494949,0.19187041956999262
0.6767676767676769,-0.4949494949494949,0.6229232315094263
0.696969696969697,-0.4949494949494949,0.050350444330741234
0.7171717171717173,-0.4949494949494949,0.363523548967495
0.7373737373737375,-0.4949494949494949,0.2867727761562212
0.7575757575757578,-0.4949494949494949,0.40275063782377746
0.7777777777777779,-0.4949494949494949,0.3191268763233966
0.7979797979797982,-0.4949494949494949,0.33650532675241307
0.8181818181818183,-0.4949494949494949,0.606224917577048
0.8383838383838385,-0.4949494949494949,0.3470422300064102
0.8585858585858588,-0.4949494949494949,0.4740191918168207
0.8787878787878789,-0.4949494949494949,0.5290101184936972
0.8989898989898992,-0.4949494949494949,0.6208637740542178
0.9191919191919193,-0.4949494949494949,0.594520551000269
0.9393939393939394,-0.4949494949494949,0.11923817671009973
0.9595959595959598,-0.4949494949494949,0.9284706631119801
0.9797979797979799,-0.4949494949494949,0.3568181814645188
1.0,-0.4949494949494949,0.9723790554239108
-1.0,-0.4747474747474747,0.8325752356522924
-0.9797979797979798,-0.4747474747474747,0.8213448121976858
-0.9595959595959596,-0.4747474747474747,0.40249777313426727
-0.9393939393939394,-0.4747474747474747,0.636344494029927
-0.9191919191919192,-0.4747474747474747,0.712939889094712
-0.898989898989899,-0.4747474747474747,0.6863072550161639
-0.8787878787878788,-0.4747474747474747,0.6513268737042652
-0.8585858585858586,-0.4747474747474747,0.5279986700433135
-0.8383838383838383,-0.4747474747474747,0.3272434288717997
-0.8181818181818181,-0.4747474747474747,0.16984139544610444
-0.797979797979798,-0.4747474747474747,0.5976514927191716
-0.7777777777777778,-0.4747474747474747,0.46076526856305805
-0.7575757575757576,-0.4747474747474747,0.22298208095628086
-0.7373737373737373,-0.4747474747474747,0.6691193351035061
-0.7171717171717171,-0.4747474747474747,0.5361549000101071
-0.696969696969697,-0.4747474747474747,0.148528972306137
-0.6767676767676767,-0.4747474747474747,-0.1655381735277501
-0.6565656565656566,-0.4747474747474747,0.1735499445935581
-0.6363636363636364,-0.4747474747474747,0.005616231669405697
-0.6161616161616161,-0.4747474747474747,0.4893707095740978
-0.5959595959595959,-0.4747474747474747,-0.06503185637059544
-0.5757575757575757,-0.4747474747474747,0.06363014361833036
-0.5555555555555556,-0.4747474747474747,-0.17539807513960584
-0.5353535353535352,-0.4747474747474747,-0.011890232906602877
-0.5151515151515151,-0.4747474747474747,0.39424853224036605
-0.4949494949494949,-0.4747474747474747,0.16831514864642222
-0.4747474747474747,-0.4747474747474747,-0.3144634775345332
-0.4545454545454545,-0.4747474747474747,0.06338059859277494
-0.43434343434343425,-0.4747474747474747,0.019574921874186302
-0.41414141414141414,-0.4747474747474747,0.17190026394636287
-0.3939393939393939,-0.4747474747474747,0.030926536801244145
-0.3737373737373737,-0.4747474747474747,-0.004807264823379856
-0.3535353535353535,-0.4747474747474747,0.30037099829554464
-0.33333333333333326,-0.4747474747474747,0.11438356277707441
-0.31313131313131304,-0.4747474747474747,-0.3172239169758474
-0.2929292929292928,-0.4747474747474747,-0.3108805417593421
-0.2727272727272727,-0.4747474747474747,-0.6037468183617174
-0.2525252525252525,-0.4747474747474747,-0.4579201323132607
-0.23232323232323226,-0.4747474747474747,-0.2480416780380063
-0.21212121212121204,-0.4747474747474747,-0.07951067105689597
-0.19191919191919182,-0.4747474747474747,-0.14833695285634077
-0.1717171717171716,-0.4747474747474747,-0.45305890437651974
-0.1515151515151515,-0.4747474747474747,-0.00794969327516229
-0.13131313131313127,-0.4747474747474747,-0.20413720117415246
-0.11111111111111105,-0.4747474747474747,-0.593578330172655
-0.09090909090909083,-0.4747474747474747,-0.5106882665146819
-0.07070707070707061,-0.4747474747474747,-0.2525668524010082
-0.050505050505050386,-0.4747474747474747,-0.22052287042979637
-0.030303030303030276,-0.4747474747474747,-0.3714080361719207
-0.010101010101010055,-0.4747474747474747,-0.3393360325409966
0.010101010101010166,-0.4747474747474747,-0.36245556891871056
0.030303030303030498,-0.4747474747474747,-0.42306533468561525
0.05050505050505061,-0.4747474747474747,-0.22819167164814202
0.07070707070707072,-0.4747474747474747,-0.026606697518788247
0.09090909090909105,-0.4747474747474747,0.03734125808122893
0.11111111111111116,-0.4747474747474747,-0.5404231597161514
0.1313131313131315,-0.4747474747474747,0.013936449485917907
0.1515151515151516,-0.4747474747474747,-0.5057364719969197
0.1717171717171717,-0.4747474747474747,-0.2880298982530307
0.19191919191919204,-0.4747474747474747,-0.23094060350261764
0.21212121212121215,-0.4747474747474747,-0.6445882085563832
0.2323232323232325,-0.4747474747474747,-0.3620095739052622
0.2525252525252526,-0.4747474747474747,0.028304664241611405
0.27272727272727293,-0.4747474747474747,0.22476486218272257
0.29292929292929304,-0.4747474747474747,-0.16167592677967108
0.31313131313131315,-0.4747474747474747,-0.03554084624554252
0.3333333333333335,-0.4747474747474747,-0.40631770906649967
0.3535353535353536,-0.4747474747474747,-0.2813494024520742
0.3737373737373739,-0.4747474747474747,0.22520143381916122
0.39393939393939403,-0.4747474747474747,0.03705765541410544
0.41414141414141437,-0.4747474747474747,-0.18363103031453207
0.4343434343434345,-0.4747474747474747,0.25553536382524633
0.4545454545454546,-0.4747474747474747,-0.35203112411805804
0.4747474747474749,-0.4747474747474747,0.04481808779219918
0.49494949494949503,-0.4747474747474747,0.11003608626594269
0.5151515151515154,-0.4747474747474747,-0.1033024169060647
0.5353535353535355,-0.4747474747474747,-0.23650216059689302
0.5555555555555556,-0.4747474747474747,0.3847829103077993
0.5757575757575759,-0.4747474747474747,-0.18011547868860525
0.595959595959596,-0.4747474747474747,0.08527315837837512
0.6161616161616164,-0.4747474747474747,0.03740606982357496
0.6363636363636365,-0.4747474747474747,0.046966493688603894
0.6565656565656568,-0.4747474747474747,0.22522007588992105
0.6767676767676769,-0.4747474747474747,-0.12188885547952386
0.696969696969697,-0.4747474747474747,0.012482101019001435
0.7171717171717173,-0.4747474747474747,0.18398586969472486
0.7373737373737375,-0.4747474747474747,0.40105849786014236
0.7575757575757578,-0.4747474747474747,0.18317921468854167
0.7777777777777779,-0.4747474747474747,0.5036880428438485
0.7979797979797982,-0.4747474747474747,0.28614284400817125
0.8181818181818183,-0.4747474747474747,0.5669340041670332
0.8383838383838385,-0.4747474747474747,0.6967611411597907
0.8585858585858588,-0.4747474747474747,0.3022530714777927
0.8787878787878789,-0.4747474747474747,0.3431586471319934
0.8989898989898992,-0.4747474747474747,0.6170424950468485
0.9191919191919193,-0.4747474747474747,0.59813118784274
0.9393939393939394,-0.4747474747474747,0.5763850859381842
0.9595959595959598,-0.4747474747474747,0.8448639475634998
0.9797979797979799,-0.4747474747474747,0.5739126481414976
1.0,-0.4747474747474747,0.7585276694443845
-1.0,-0.4545454545454545,0.7927660397178145
-0.9797979797979798,-0.4545454545454545,0.7716701419713434
-0.9595959595959596,-0.4545454545454545,0.9889468757206239
-0.9393939393939394,-0.4545454545454545,0.8866196884679894
-0.9191919191919192,-0.4545454545454545,0.44012001951526314
-0.898989898989899,-0.4545454545454545,0.43310043286381583
-0.8787878787878788,-0.4545454545454545,0.658894781414545
-0.8585858585858586,-0.4545454545454545,0.9673307725505951
-0.8383838383838383,-0.4545454545454545,0.6392796027953275
-0.8181818181818181,-0.4545454545454545,0.23129931034422013
-0.797979797979798,-0.4545454545454545,0.29256303351637414
-0.7777777777777778,-0.4545454545454545,0.6440874967001242
-0.7575757575757576,-0.4545454545454545,0.08557751848257855
-0.7373737373737373,-0.4545454545454545,0.13027156922060407
-0.7171717171717171,-0.4545454545454545,0.22153828030613462
-0.696969696969697,-0.4545454545454545,0.3867749083499566
-0.6767676767676767,-0.4545454545454545,0.05098331538702963
-0.6565656565656566,-0.4545454545454545,0.5485999469139013
-0.6363636363636364,-0.4545454545454545,-0.1431852547602715
-0.6161616161616161,-0.4545454545454545,0.3527721201470476
-0.5959595959595959,-0.4545454545454545,0.1801089999605348
-0.5757575757575757,-0.4545454545454545,-0.05138725156137525
-0.5555555555555556,-0.4545454545454545,0.13935677998454693
-0.5353535353535352,-0.4545454545454545,0.04926272205782131
-0.5151515151515151,-0.4545454545454545,-0.21986842693899494
-0.4949494949494949,-0.4545454545454545,0.13336554582550997
-0.4747474747474747,-0.4545454545454545,-0.4033005290657271
-0.4545454545454545,-0.4545454545454545,0.06589194852290997
-0.43434343434343425,-0.4545454545454545,-0.13972362504618702
-0.41414141414141414,-0.4545454545454545,-0.32301566534539605
-0.3939393939393939,-0.4545454545454545,-0.07413857113391287
-0.3737373737373737,-0.4545454545454545,0.17713363476261806
-0.3535353535353535,-0.4545454545454545,-0.22602930462225024
-0.33333333333333326,-0.4545454545454545,-0.1744607220652393
-0.31313131313131304,-0.4545454545454545,-0.2028775554163147
-0.2929292929292928,-0.4545454545454545,-0.211689107643589
-0.2727272727272727,-0.4545454545454545,-0.21123547348359273
-0.2525252525252525,-0.4545454545454545,-0.10240979900002842
-0.23232323232323226,-0.4545454545454545,-0.15502686635250507
-0.21212121212121204,-0.4545454545454545,-0.07291563276583227
-0.19191919191919182,-0.4545454545454545,-0.14044403012613269
-0.1717171717171716,-0.4545454545454545,-0.11686532349147626
-0.1515151515151515,-0.4545454545454545,-0.17982683912989234
-0.13131313131313127,-0.4545454545454545,0.4041567715579485
-0.11111111111111105,-0.4545454545454545,-0.1814059611785708
-0.09090909090909083,-0.4545454545454545,-0.19768095369309074
-0.07070707070707061,-0.4545454545454545,-0.16459368559291462
-0.050505050505050386,-0.4545454545454545,0.44937050549441115
-0.030303030303030276,-0.4545454545454545,-0.4840101666515774
-0.010101010101010055,-0.4545454545454545,-0.45353065215937405
0.010101010101010166,-0.4545454545454545,0.040316716517756035
0.030303030303030498,-0.4545454545454545,0.049739462992697575
0.05050505050505061,-0.4545454545454545,-0.5050885794494165
0.07070707070707072,-0.4545454545454545,-0.4553960801558149
0.09090909090909105,-0.4545454545454545,0.05662162504623991
0.11111111111111116,-0.4545454545454545,-0.4260217476834155
0.1313131313131315,-0.4545454545454545,-0.03575740770641722
0.1515151515151516,-0.4545454545454545,0.002189804097141118
0.1717171717171717,-0.4545454545454545,-0.1533599605853176
0.19191919191919204,-0.4545454545454545,-0.301437595194333
0.21212121212121215,-0.4545454545454545,0.07741480911379517
0.2323232323232325,-0.4545454545454545,-0.11429003819020869
0.2525252525252526,-0.4545454545454545,-0.0026136441982353986
0.27272727272727293,-0.4545454545454545,-0.29005761865325963
0.29292929292929304,-0.4545454545454545,0.11810228384047991
0.31313131313131315,-0.4545454545454545,-0.29277966689250695
0.3333333333333335,-0.4545454545454545,-0.5103096497947089
0.3535353535353536,-0.4545454545454545,-0.27948288051895076
0.3737373737373739,-0.4545454545454545,0.2216637602099053
0.39393939393939403,-0.4545454545454545,0.03942385832642864
0.41414141414141437,-0.4545454545454545,-0.0330317561193119
0.4343434343434345,-0.4545454545454545,-0.16128844551258
0.4545454545454546,-0.4545454545454545,0.08475012424388911
0.4747474747474749,-0.4545454545454545,-0.2101509493498424
0.49494949494949503,-0.4545454545454545,0.004421208087867334
0.5151515151515154,-0.4545454545454545,-0.13824577276566688
0.5353535353535355,-0.4545454545454545,0.06934725429848726
0.5555555555555556,-0.4545454545454545,-0.09614092083998496
0.5757575757575759,-0.4545454545454545,0.2952893294992506
0.595959595959596,-0.4545454545454545,0.29848315422001886
0.6161616161616164,-0.4545454545454545,0.4602387762228275
0.6363636363636365,-0.4545454545454545,-0.10935598506971334
0.6565656565656568,-0.4545454545454545,-0.12491628819088074
0.6767676767676769,-0.4545454545454545,0.1895770704363876
0.696969696969697,-0.4545454545454545,0.1608984459007713
0.7171717171717173,-0.4545454545454545,0.5338717613588122
0.7373737373737375,-0.4545454545454545,0.06891153413772333
0.7575757575757578,-0.4545454545454545,-0.03637459223642148
0.7777777777777779,-0.4545454545454545,0.30286223719600125
0.7979797979797982,-0.4545454545454545,0.7629144583334098
0.8181818181818183,-0.4545454545454545,0.3435649718376008
0.8383838383838385,-0.4545454545454545,0.3552712699166845
0.8585858585858588,-0.4545454545454545,0.9061102898551152
0.8787878787878789,-0.4545454545454545,0.42669322013858224
0.8989898989898992,-0.4545454545454545,0.3746354940474056
0.9191919191919193,-0.4545454545454545,0.4391535501409386
0.9393939393939394,-0.4545454545454545,0.6839659457781724
0.9595959595959598,-0.4545454545454545,0.8406698506806072
0.9797979797979799,-0.4545454545454545,0.4766923891519134
1.0,-0.4545454545454545,0.7829974633256189
-1.0,-0.43434343434343425,0.7210376373833649
-0.9797979797979798,-0.43434343434343425,0.7257543954866852
-0.9595959595959596,-0.43434343434343425,0.882621912380571
-0.9393939393939394,-0.43434343434343425,0.6548005426423498
-0.9191919191919192,-0.43434343434343425,0.8083981762503794
-0.898989898989899,-0.43434343434343425,0.7048113430377204
-0.8787878787878788,-0.43434343434343425,0.4203398372276509
-0.8585858585858586,-0.43434343434343425,0.5518584620421966
-0.8383838383838383,-0.43434343434343425,0.8192636050045692
-0.8181818181818181,-0.43434343434343425,0.5970656683549639
-0.797979797979798,-0.43434343434343425,0.49344072225691205
-0.7777777777777778,-0.43434343434343425,0.12561618868850455
-0.7575757575757576,-0.43434343434343425,0.3727756799891919
-0.7373737373737373,-0.43434343434343425,0.42327535906587394
-0.7171717171717171,-0.43434343434343425,0.45959598625000364
-0.696969696969697,-0.43434343434343425,0.2389483020221472
-0.6767676767676767,-0.43434343434343425,0.12733519317663933
-0.6565656565656566,-0.43434343434343425,0.15006830771892055
-0.6363636363636364,-0.43434343434343425,0.11327233390626423
-0.6161616161616161,-0.43434343434343425,0.2672007527612299
-0.5959595959595959,-0.43434343434343425,0.273503020159935
-0.5757575757575757,-0.43434343434343425,-0.09061506326012345
-0.5555555555555556,-0.43434343434343425,0.03801701966515525
-0.5353535353535352,-0.43434343434343425,0.03362155502154045
-0.5151515151515151,-0.43434343434343425,-0.10788975265943943
-0.4949494949494949,-0.43434343434343425,-0.042366737003535715
-0.4747474747474747,-0.43434343434343425,0.025746292776949464
-0.4545454545454545,-0.43434343434343425,0.07705280223238319
-0.43434343434343425,-0.43434343434343425,0.1316579265886278
-0.41414141414141414,-0.43434343434343425,0.02990630215902825
-0.3939393939393939,-0.43434343434343425,0.12949259775489644
-0.3737373737373737,-0.43434343434343425,0.028945796542675123
-0.3535353535353535,-0.43434343434343425,0.06408391186615657
-0.33333333333333326,-0.43434343434343425,-0.49611086325169595
-0.31313131313131304,-0.43434343434343425,0.033461038584945854
-0.2929292929292928,-0.43434343434343425,-0.2539760153620596
-0.2727272727272727,-0.43434343434343425,-0.05264025451407271
-0.2525252525252525,-0.43434343434343425,-0.4047856928673328
-0.23232323232323226,-0.43434343434343425,-0.09169159786477252
-0.21212121212121204,-0.43434343434343425,-0.04059646142378684
-0.19191919191919182,-0.43434343434343425,-0.4782279573184234
-0.1717171717171716,-0.43434343434343425,-0.3766316005558577
-0.1515151515151515,-0.43434343434343425,0.29548285570834143
-0.13131313131313127,-0.43434343434343425,0.10503359299800383
-0.11111111111111105,-0.43434343434343425,-0.378089593315493
-0.09090909090909083,-0.43434343434343425,-0.012075542276185847
-0.07070707070707061,-0.43434343434343425,0.21100737333020936
-0.050505050505050386,-0.43434343434343425,-0.19553630495918092
-0.030303030303030276,-0.43434343434343425,-0.06202722649308365
-0.010101010101010055,-0.43434343434343425,0.30643957390638704
0.010101010101010166,-0.43434343434343425,-0.3450596223866578
0.030303030303030498,-0.43434343434343425,-0.16810704353500583
0.05050505050505061,-0.43434343434343425,0.0029609904522931163
0.07070707070707072,-0.43434343434343425,-0.4809055619502365
0.09090909090909105,-0.43434343434343425,0.012781988870427807
0.11111111111111116,-0.43434343434343425,0.13394567033734375
0.1313131313131315,-0.43434343434343425,-0.3815815979432965
0.1515151515151516,-0.43434343434343425,-0.4881610584694751
0.1717171717171717,-0.43434343434343425,-0.22822574150648955
0.19191919191919204,-0.43434343434343425,-0.6640866346927468
0.21212121212121215,-0.43434343434343425,-0.051156805159329855
0.2323232323232325,-0.43434343434343425,0.01690190377895484
0.2525252525252526,-0.43434343434343425,-0.2118246651077937
0.27272727272727293,-0.43434343434343425,-0.4276728003116154
0.29292929292929304,-0.43434343434343425,-0.0797565882666673
0.31313131313131315,-0.43434343434343425,0.24276573682514893
0.3333333333333335,-0.43434343434343425,0.18700486988056944
0.3535353535353536,-0.43434343434343425,-0.2871758676745311
0.3737373737373739,-0.43434343434343425,-0.1895365197296215
0.39393939393939403,-0.43434343434343425,-0.35452163755164046
0.41414141414141437,-0.43434343434343425,0.18007275345392576
0.4343434343434345,-0.43434343434343425,-0.41396414643164636
0.4545454545454546,-0.43434343434343425,0.15620913853124413
0.4747474747474749,-0.43434343434343425,0.00806483004524584
0.49494949494949503,-0.43434343434343425,0.11541293873005253
0.5151515151515154,-0.43434343434343425,0.36139430825443675
0.5353535353535355,-0.43434343434343425,0.055125327488877315
0.5555555555555556,-0.43434343434343425,-0.018384634973274666
0.5757575757575759,-0.43434343434343425,-0.0919782845781115
0.595959595959596,-0.43434343434343425,-0.06310951144306273
0.6161616161616164,-0.43434343434343425,0.10338590492909575
0.6363636363636365,-0.43434343434343425,-0.025310421478591055
0.6565656565656568,-0.43434343434343425,0.35442517899032466
0.6767676767676769,-0.43434343434343425,0.21048159807916864
0.696969696969697,-0.43434343434343425,-0.063602322293553
0.7171717171717173,-0.43434343434343425,0.06801353027995655
0.7373737373737375,-0.43434343434343425,0.4171985447676505
0.7575757575757578,-0.43434343434343425,0.40440820455123494
0.7777777777777779,-0.43434343434343425,0.15797502139147118
0.7979797979797982,-0.43434343434343425,0.4426242478524688
0.8181818181818183,-0.43434343434343425,0.4397585418196875
0.8383838383838385,-0.43434343434343425,0.4712070954906449
0.8585858585858588,-0.43434343434343425,0.9422728550365159
0.8787878787878789,-0.43434343434343425,0.8740061411300473
0.8989898989898992,-0.43434343434343425,0.5840428263673173
0.9191919191919193,-0.43434343434343425,0.8086134739825039
0.9393939393939394,-0.43434343434343425,0.908028825910311
0.9595959595959598,-0.43434343434343425,1.0696240325765833
0.9797979797979799,-0.43434343434343425,0.8798694324647784
1.0,-0.43434343434343425,0.97774980763246
-1.0,-0.41414141414141414,0.48821923695208463
-0.9797979797979798,-0.41414141414141414,0.949935308470382
-0.9595959595959596,-0.41414141414141414,0.6401715468476384
-0.9393939393939394,-0.41414141414141414,0.9427187623264197
-0.9191919191919192,-0.41414141414141414,0.503433103034019
-0.898989898989899,-0.41414141414141414,0.6003389681959683
-0.8787878787878788,-0.41414141414141414,0.8346670788354069
-0.8585858585858586,-0.41414141414141414,0.23184050982747006
-0.8383838383838383,-0.41414141414141414,0.5228771381972767
-0.8181818181818181,-0.41414141414141414,0.3453925399219786
-0.797979797979798,-0.41414141414141414,0.3291663047374537
-0.7777777777777778,-0.41414141414141414,0.1509728881001956
-0.7575757575757576,-0.41414141414141414,0.07546073493027367
-0.7373737373737373,-0.41414141414141414,0.1200809492252356
-0.7171717171717171,-0.41414141414141414,0.14435986915999519
-0.696969696969697,-0.41414141414141414,0.3111661031556619
-0.6767676767676767,-0.41414141414141414,-0.04743233364133237
-0.6565656565656566,-0.41414141414141414,0.4925016163606347
-0.6363636363636364,-0.41414141414141414,0.05476997985057147
-0.6161616161616161,-0.41414141414141414,0.33727156050668583
-0.5959595959595959,-0.41414141414141414,0.17952148237486315
-0.5757575757575757,-0.41414141414141414,0.35685209200562285
-0.5555555555555556,-0.41414141414141414,0.31515435118173846
-0.5353535353535352,-0.41414141414141414,-0.014047268530137408
-0.5151515151515151,-0.41414141414141414,0.33321942712645725
-0.4949494949494949,-0.41414141414141414,-0.1214365361959869
-0.4747474747474747,-0.41414141414141414,-0.11322485678913127
-0.4545454545454545,-0.41414141414141414,0.05918720465920184
-0.43434343434343425,-0.41414141414141414,-0.03129558750249777
-0.41414141414141414,-0.41414141414141414,0.18893369624067632
-0.3939393939393939,-0.41414141414141414,-0.32294648440342044
-0.3737373737373737,-0.41414141414141414,0.14945177266106927
-0.3535353535353535,-0.41414141414141414,-0.21334355927865772
-0.33333333333333326,-0.41414141414141414,-0.26985617849421606
-0.31313131313131304,-0.41414141414141414,0.053066207912312716
-0.2929292929292928,-0.41414141414141414,-0.2037276373555299
-0.2727272727272727,-0.41414141414141414,0.16453447103809393
-0.2525252525252525,-0.41414141414141414,0.2908812006604245
-0.23232323232323226,-0.41414141414141414,-0.08070419827934378
-0.21212121212121204,-0.41414141414141414,-0.4032650684669855
-0.19191919191919182,-0.41414141414141414,-0.3147452289999371
-0.1717171717171716,-0.41414141414141414,0.295981245319127
-0.1515151515151515,-0.41414141414141414,-0.23984002972947305
-0.13131313131313127,-0.41414141414141414,-0.2245701207164932
-0.11111111111111105,-0.41414141414141414,-0.20385044379833092
-0.09090909090909083,-0.41414141414141414,0.20158467848731004
-0.07070707070707061,-0.41414141414141414,0.052843729080231855
-0.050505050505050386,-0.41414141414141414,-0.058392435167113385
-0.030303030303030276,-0.41414141414141414,-0.5908094376108572
-0.010101010101010055,-0.41414141414141414,-0.2383100033531012
0.010101010101010166,-0.41414141414141414,-0.3109811242638333
0.030303030303030498,-0.41414141414141414,0.10820014907494821
0.05050505050505061,-0.41414141414141414,-0.5319398595871627
0.07070707070707072,-0.41414141414141414,-0.4280537096872564
0.09090909090909105,-0.41414141414141414,-0.36007842873900797
0.11111111111111116,-0.41414141414141414,-0.09214326911785911
0.1313131313131315,-0.41414141414141414,-0.08412125292147267
0.1515151515151516,-0.41414141414141414,-0.07686349351400738
0.1717171717171717,-0.41414141414141414,-0.43418316634511317
0.19191919191919204,-0.41414141414141414,-0.5105768662647071
0.21212121212121215,-0.41414141414141414,-0.3300469894955187
0.2323232323232325,-0.41414141414141414,-0.054960760894960325
0.2525252525252526,-0.41414141414141414,-0.0021426977219745486
0.27272727272727293,-0.41414141414141414,-0.10307151628912355
0.29292929292929304,-0.41414141414141414,0.10837831506215945
0.31313131313131315,-0.41414141414141414,-0.23215333184045608
0.3333333333333335,-0.41414141414141414,0.22492633134367973
0.3535353535353536,-0.41414141414141414,-0.36818035140701577
0.3737373737373739,-0.41414141414141414,0.46309163323187125
0.39393939393939403,-0.41414141414141414,0.1132034842380708
0.41414141414141437,-0.41414141414141414,0.29323085548406513
0.4343434343434345,-0.41414141414141414,0.12732820514585325
0.4545454545454546,-0.41414141414141414,-0.15804730237821352
0.4747474747474749,-0.41414141414141414,0.16459853887944656
0.49494949494949503,-0.41414141414141414,-0.17229836517167302
0.5151515151515154,-0.41414141414141414,0.23315678257094904
0.5353535353535355,-0.41414141414141414,-0.14453091717934724
0.5555555555555556,-0.41414141414141414,0.2828612379789624
0.5757575757575759,-0.41414141414141414,-0.01332580048748272
0.595959595959596,-0.41414141414141414,0.627821171282889
0.6161616161616164,-0.41414141414141414,0.18244089448160788
0.6363636363636365,-0.41414141414141414,0.4437178681594932
0.6565656565656568,-0.41414141414141414,0.14013725916435082
0.6767676767676769,-0.41414141414141414,0.2935543227549679
0.696969696969697,-0.41414141414141414,0.35596188914507226
0.7171717171717173,-0.41414141414141414,0.28697009479711516
0.7373737373737375,-0.41414141414141414,0.1795656811558331
0.7575757575757578,-0.41414141414141414,0.5690827787444991
0.7777777777777779,-0.41414141414141414,0.44187008074323286
0.7979797979797982,-0.41414141414141414,0.6404140273977658
0.8181818181818183,-0.41414141414141414,0.4705412577588205
0.8383838383838385,-0.41414141414141414,0.5747318329743155
0.8585858585858588,-0.41414141414141414,0.7198187155327865
0.8787878787878789,-0.41414141414141414,0.47017132298064135
0.8989898989898992,-0.41414141414141414,0.7844815014606719
0.9191919191919193,-0.41414141414141414,0.8035551914314081
0.9393939393939394,-0.41414141414141414,0.9669744441022781
0.9595959595959598,-0.41414141414141414,1.1456721560629861
0.9797979797979799,-0.41414141414141414,0.9438791688203472
1.0,-0.41414141414141414,1.5496120409217173
-1.0,-0.3939393939393939,0.49016476872603093
-0.9797979797979798,-0.3939393939393939,0.6409064302396474
-0.9595959595959596,-0.3939393939393939,0.9757697068027578
-0.9393939393939394,-0.3939393939393939,0.7640062315838128
-0.9191919191919192,-0.3939393939393939,0.6098994255990827
-0.898989898989899,-0.3939393939393939,0.537035742421439
-0.8787878787878788,-0.3939393939393939,0.5527876601117573
-0.8585858585858586,-0.3939393939393939,1.0764974613574962
-0.8383838383838383,-0.3939393939393939,0.6338878279883391
-0.8181818181818181,-0.3939393939393939,0.14358751989167445
-0.797979797979798,-0.3939393939393939,0.563881846004944
-0.7777777777777778,-0.3939393939393939,0.4907297021545988
-0.7575757575757576,-0.3939393939393939,0.19305091092108662
-0.7373737373737373,-0.3939393939393939,0.3865740000296417
-0.7171717171717171,-0.3939393939393939,0.5352292840997468
-0.696969696969697,-0.3939393939393939,0.2524306101753938
-0.6767676767676767,-0.3939393939393939,0.7061225701610654
-0.6565656565656566,-0.3939393939393939,0.3985682053405182
-0.6363636363636364,-0.3939393939393939,-0.09924284949579248
-0.6161616161616161,-0.3939393939393939,0.13068046182152815
-0.5959595959595959,-0.3939393939393939,0.13315786700654564
-0.5757575757575757,-0.3939393939393939,0.12645222967524633
-0.5555555555555556,-0.3939393939393939,0.12858075399905206
-0.5353535353535352,-0.3939393939393939,0.05999818048484777
-0.5151515151515151,-0.3939393939393939,-0.08275707008322888
-0.4949494949494949,-0.3939393939393939,0.17475123055377684
-0.4747474747474747,-0.3939393939393939,-0.025973201425191467
-0.4545454545454545,-0.3939393939393939,-0.0693662297572171
-0.43434343434343425,-0.3939393939393939,0.2409126448357407
-0.41414141414141414,-0.3939393939393939,0.32538367675395197
-0.3939393939393939,-0.3939393939393939,0.1587383377717862
-0.3737373737373737,-0.3939393939393939,0.27404710742959887
-0.3535353535353535,-0.3939393939393939,-0.24110295722631997
-0.33333333333333326,-0.3939393939393939,0.18592879645503702
-0.31313131313131304,-0.3939393939393939,0.046407716609219024
-0.2929292929292928,-0.3939393939393939,-0.07498340332487403
-0.2727272727272727,-0.3939393939393939,-0.12443286628273093
-0.2525252525252525,-0.3939393939393939,0.009373824175266304
-0.23232323232323226,-0.3939393939393939,-0.14131718329187024
-0.21212121212121204,-0.3939393939393939,0.2149004424130014
-0.19191919191919182,-0.3939393939393939,-0.18641661598258702
-0.1717171717171716,-0.3939393939393939,-0.17104300859260801
-0.1515151515151515,-0.3939393939393939,-0.039573655180610526
-0.13131313131313127,-0.3939393939393939,-0.11489379930671208
-0.11111111111111105,-0.3939393939393939,0.21315786947231902
-0.09090909090909083,-0.3939393939393939,-0.017742088541772977
-0.07070707070707061,-0.3939393939393939,0.013078968591577478
-0.050505050505050386,-0.3939393939393939,0.013110127480278816
-0.030303030303030276,-0.3939393939393939,-0.29892086928668954
-0.010101010101010055,-0.3939393939393939,-0.5380680723790273
0.010101010101010166,-0.3939393939393939,-0.1007078706453802
0.030303030303030498,-0.3939393939393939,-0.0607750363811768
0.05050505050505061,-0.3939393939393939,0.16550052757311917
0.07070707070707072,-0.3939393939393939,0.018187545381190245
0.09090909090909105,-0.3939393939393939,-0.27620845818108175
0.11111111111111116,-0.3939393939393939,-0.41346130937334946
0.1313131313131315,-0.3939393939393939,0.45046590119143565
0.1515151515151516,-0.3939393939393939,0.022688480024592367
0.1717171717171717,-0.3939393939393939,-0.19095931274975314
0.19191919191919204,-0.3939393939393939,-0.12387514811312483
0.21212121212121215,-0.3939393939393939,-0.22000964691155417
0.2323232323232325,-0.3939393939393939,-0.32433669562132184
0.2525252525252526,-0.3939393939393939,0.07136399306663319
0.27272727272727293,-0.3939393939393939,-0.14305753639232668
0.29292929292929304,-0.3939393939393939,-0.12769214001746115
0.31313131313131315,-0.3939393939393939,0.3615313099303528
0.3333333333333335,-0.3939393939393939,0.1609249204767869
0.3535353535353536,-0.3939393939393939,0.13694891650623825
0.3737373737373739,-0.3939393939393939,0.02304224563211532
0.39393939393939403,-0.3939393939393939,0.19688495450571739
0.41414141414141437,-0.3939393939393939,0.28521651194006714
0.4343434343434345,-0.3939393939393939,-0.34265798356065824
0.4545454545454546,-0.3939393939393939,0.08297164375596491
0.4747474747474749,-0.3939393939393939,-0.07337716495914093
0.49494949494949503,-0.3939393939393939,0.20307447354937413
0.5151515151515154,-0.3939393939393939,-0.060975009457972906
0.5353535353535355,-0.3939393939393939,0.1467547943931953
0.5555555555555556,-0.3939393939393939,-0.05822160045364258
0.5757575757575759,-0.3939393939393939,0.023526513472171884
0.595959595959596,-0.3939393939393939,0.3851366778228228
0.6161616161616164,-0.3939393939393939,-0.1282136599446811
0.6363636363636365,-0.3939393939393939,0.28039594428867787
0.6565656565656568,-0.3939393939393939,0.34095938732104275
0.6767676767676769,-0.3939393939393939,0.1700878884778871
0.696969696969697,-0.3939393939393939,0.45279012036425725
0.7171717171717173,-0.3939393939393939,0.40465959024128334
0.7373737373737375,-0.3939393939393939,0.6537974155003212
0.7575757575757578,-0.3939393939393939,0.30474833525984946
0.7777777777777779,-0.3939393939393939,0.11808717501826604
0.7979797979797982,-0.3939393939393939,0.2841154045571417
0.8181818181818183,-0.3939393939393939,0.3619060075302138
0.8383838383838385,-0.3939393939393939,0.7478956142669588
0.8585858585858588,-0.3939393939393939,0.7522357962778257
0.8787878787878789,-0.3939393939393939,0.36506077350898664
0.8989898989898992,-0.3939393939393939,0.9215100103955995
0.9191919191919193,-0.3939393939393939,0.7493180498761138
0.9393939393939394,-0.3939393939393939,0.880475473671735
0.9595959595959598,-0.3939393939393939,0.7547293178593079
0.9797979797979799,-0.3939393939393939,0.7438612732600844
1.0,-0.3939393939393939,0.7152848108388141
-1.0,-0.3737373737373737,0.984916666994014
-0.9797979797979798,-0.3737373737373737,0.5574852700203774
-0.9595959595959596,-0.3737373737373737,0.797045011719252
-0.9393939393939394,-0.3737373737373737,0.8123717378924636
-0.9191919191919192,-0.3737373737373737,0.5483623467641293
-0.898989898989899,-0.3737373737373737,0.8145781954587847
-0.8787878787878788,-0.3737373737373737,0.4139866013270044
-0.8585858585858586,-0.3737373737373737,0.7665876807382921
-0.8383838383838383,-0.3737373737373737,0.11121532116869004
-0.8181818181818181,-0.3737373737373737,0.5827316322954682
-0.797979797979798,-0.3737373737373737,0.45681699867638786
-0.7777777777777778,-0.3737373737373737,0.3831478851437771
-0.7575757575757576,-0.3737373737373737,0.3391296076339427
-0.7373737373737373,-0.3737373737373737,0.3683347474491242
-0.7171717171717171,-0.3737373737373737,0.37101384684267374
-0.696969696969697,-0.3737373737373737,-0.07826836738681225
-0.6767676767676767,-0.3737373737373737,0.24786029353880634
-0.6565656565656566,-0.3737373737373737,0.3209149716024683
-0.6363636363636364,-0.3737373737373737,0.272433643697659
-0.6161616161616161,-0.3737373737373737,0.3808242095102521
-0.5959595959595959,-0.3737373737373737,-0.025387579355136886
-0.5757575757575757,-0.3737373737373737,-0.28173554983825483
-0.5555555555555556,-0.3737373737373737,0.19041840827913303
-0.5353535353535352,-0.3737373737373737,0.2133236215650515
-0.5151515151515151,-0.3737373737373737,0.3390494932497966
-0.4949494949494949,-0.3737373737373737,-0.2434185072177043
-0.4747474747474747,-0.3737373737373737,-0.29854677025106746
-0.4545454545454545,-0.3737373737373737,0.1573093049618861
-0.43434343434343425,-0.3737373737373737,0.411536601679247
-0.41414141414141414,-0.3737373737373737,-0.015134588148836413
-0.3939393939393939,-0.3737373737373737,0.06734044073911127
-0.3737373737373737,-0.3737373737373737,-0.03196698872200993
-0.3535353535353535,-0.3737373737373737,-0.34261809971407264
-0.33333333333333326,-0.3737373737373737,0.24219044378226284
-0.31313131313131304,-0.3737373737373737,-0.2283227132654423
-0.2929292929292928,-0.3737373737373737,-0.03876316882122299
-0.2727272727272727,-0.3737373737373737,-0.09847184568005438
-0.2525252525252525,-0.3737373737373737,-0.6869467963392141
-0.23232323232323226,-0.3737373737373737,-0.4489191264303163
-0.21212121212121204,-0.3737373737373737,-0.06971078386398483
-0.19191919191919182,-0.3737373737373737,0.06162288131562982
-0.1717171717171716,-0.3737373737373737,0.2563313332714785
-0.1515151515151515,-0.3737373737373737,-0.03180682485316605
-0.13131313131313127,-0.3737373737373737,0.03604065213762622
-0.11111111111111105,-0.3737373737373737,-0.2096730963629316
-0.09090909090909083,-0.3737373737373737,0.0732850805816525
-0.07070707070707061,-0.3737373737373737,-0.4517263688031108
-0.050505050505050386,-0.3737373737373737,-0.5012544172040347
-0.030303030303030276,-0.3737373737373737,-0.198615346230845
-0.010101010101010055,-0.3737373737373737,-0.09312957037800579
0.010101010101010166,-0.3737373737373737,-0.2651010897112539
0.030303030303030498,-0.3737373737373737,0.0024442384195272338
0.05050505050505061,-0.3737373737373737,-0.18325913548488199
0.07070707070707072,-0.3737373737373737,-0.0104130066575302
0.09090909090909105,-0.3737373737373737,0.09858772079633932
0.11111111111111116,-0.3737373737373737,0.058908689288635296
0.1313131313131315,-0.3737373737373737,-0.28055426881874557
0.1515151515151516,-0.3737373737373737,-0.30125234550493674
0.1717171717171717,-0.3737373737373737,0.18687016964265096
0.19191919191919204,-0.3737373737373737,-0.09820677077426282
0.21212121212121215,-0.3737373737373737,0.36323869811063814
0.2323232323232325,-0.3737373737373737,-0.30491875033893007
0.2525252525252526,-0.3737373737373737,-0.10299358674437402
0.27272727272727293,-0.3737373737373737,-0.17524714728957877
0.29292929292929304,-0.3737373737373737,-0.2444107369949953
0.31313131313131315,-0.3737373737373737,0.18320029747238245
0.3333333333333335,-0.3737373737373737,0.07490418977099145
0.3535353535353536,-0.3737373737373737,0.14518186416884726
0.3737373737373739,-0.3737373737373737,0.09198964328273618
0.39393939393939403,-0.3737373737373737,-0.09557301046842963
0.41414141414141437,-0.3737373737373737,0.4380123153988432
0.4343434343434345,-0.3737373737373737,0.02265083316111656
0.4545454545454546,-0.3737373737373737,-0.08863041510971403
0.4747474747474749,-0.3737373737373737,0.21786135299473952
0.49494949494949503,-0.3737373737373737,0.32211588768602395
0.5151515151515154,-0.3737373737373737,-0.06980127120057153
0.5353535353535355,-0.3737373737373737,0.37049455718145086
0.5555555555555556,-0.3737373737373737,0.2519105875880849
0.5757575757575759,-0.3737373737373737,0.32372812536468953
0.595959595959596,-0.3737373737373737,0.16684245758934568
0.6161616161616164,-0.3737373737373737,0.15895016542256987
0.6363636363636365,-0.3737373737373737,0.38634313507234386
0.6565656565656568,-0.3737373737373737,0.12360468040014386
0.6767676767676769,-0.3737373737373737,0.6315403172411478
0.696969696969697,-0.3737373737373737,0.3606289477867925
0.7171717171717173,-0.3737373737373737,-0.00026795842336285736
0.7373737373737375,-0.3737373737373737,0.6196132031930159
0.7575757575757578,-0.3737373737373737,0.40769115119729304
0.7777777777777779,-0.3737373737373737,0.3729368373181868
0.7979797979797982,-0.3737373737373737,0.5837340528009871
0.8181818181818183,-0.3737373737373737,0.5104870756904349
0.8383838383838385,-0.3737373737373737,0.841217823860795
0.8585858585858588,-0.3737373737373737,1.1318864327482292
0.8787878787878789,-0.3737373737373737,0.8429158887717183
0.8989898989898992,-0.3737373737373737,0.8249095303354897
0.9191919191919193,-0.3737373737373737,0.5435244371851357
0.9393939393939394,-0.3737373737373737,0.8767072585395753
0.9595959595959598,-0.3737373737373737,0.533876484732285
0.9797979797979799,-0.3737373737373737,0.8565324718344951
1.0,-0.3737373737373737,0.9118320878478708
-1.0,-0.3535353535353535,0.9685632482259111
-0.9797979797979798,-0.3535353535353535,1.0666181744558891
-0.9595959595959596,-0.3535353535353535,0.2451828790906101
-0.9393939393939394,-0.3535353535353535,0.6424257985829626
-0.9191919191919192,-0.3535353535353535,0.9182159897182299
-0.898989898989899,-0.3535353535353535,0.7106195247475648
-0.8787878787878788,-0.3535353535353535,0.3956258684904108
-0.8585858585858586,-0.3535353535353535,0.8436906061632553
-0.8383838383838383,-0.3535353535353535,0.5993833027006259
-0.8181818181818181,-0.3535353535353535,0.3716275009265225
-0.797979797979798,-0.3535353535353535,0.7385998968400007
-0.7777777777777778,-0.3535353535353535,0.727898111838708
-0.7575757575757576,-0.3535353535353535,0.03366047671533767
-0.7373737373737373,-0.3535353535353535,0.7127980991575061
-0.7171717171717171,-0.3535353535353535,0.19541112769677738
-0.696969696969697,-0.3535353535353535,0.05292756794989034
-0.6767676767676767,-0.3535353535353535,0.20925292431850703
-0.6565656565656566,-0.3535353535353535,0.10199321501450598
-0.6363636363636364,-0.3535353535353535,-0.05519106558847475
-0.6161616161616161,-0.3535353535353535,0.23427547353464062
-0.5959595959595959,-0.3535353535353535,0.23522127592986034
-0.5757575757575757,-0.3535353535353535,0.12449799026835572
-0.5555555555555556,-0.3535353535353535,0.34997669532039244
-0.5353535353535352,-0.3535353535353535,-0.02710976652179406
-0.5151515151515151,-0.3535353535353535,0.36994271390756717
-0.4949494949494949,-0.3535353535353535,-0.19233703548831516
-0.4747474747474747,-0.3535353535353535,0.06864784388152861
-0.4545454545454545,-0.3535353535353535,0.17365463514124008
-0.43434343434343425,-0.3535353535353535,0.04602160860322396
-0.41414141414141414,-0.3535353535353535,-0.15846742339786202
-0.3939393939393939,-0.3535353535353535,0.25321509855988
-0.3737373737373737,-0.3535353535353535,-0.06843011798158805
-0.3535353535353535,-0.3535353535353535,-0.3277355652077689
-0.33333333333333326,-0.3535353535353535,-0.0834862416158939
-0.31313131313131304,-0.3535353535353535,-0.12154215696804854
-0.2929292929292928,-0.3535353535353535,-0.1934259057292036
-0.2727272727272727,-0.3535353535353535,-0.11583152911239207
-0.2525252525252525,-0.3535353535353535,0.035906784279821774
-0.23232323232323226,-0.3535353535353535,0.10198494235190247
-0.21212121212121204,-0.3535353535353535,-0.6491305668398625
-0.19191919191919182,-0.3535353535353535,0.018895027016459814
-0.1717171717171716,-0.3535353535353535,-0.0007054890252145146
-0.1515151515151515,-0.3535353535353535,-0.03998533860522645
-0.13131313131313127,-0.3535353535353535,-0.27480288754671767
-0.11111111111111105,-0.3535353535353535,0.38387866047566455
-0.09090909090909083,-0.3535353535353535,-0.2676526903539444
-0.07070707070707061,-0.3535353535353535,-0.2621689639358198
-0.050505050505050386,-0.3535353535353535,-0.1704972248249054
-0.030303030303030276,-0.3535353535353535,-0.25879427235188024
-0.010101010101010055,-0.3535353535353535,0.18714613004709751
0.010101010101010166,-0.3535353535353535,-0.11368605771188724
0.030303030303030498,-0.3535353535353535,-0.2486632655966124
0.05050505050505061,-0.3535353535353535,-0.41933804562028587
0.07070707070707072,-0.3535353535353535,-0.33300711135525213
0.09090909090909105,-0.3535353535353535,-0.06777191737810936
0.11111111111111116,-0.3535353535353535,-0.12483419125467225
0.1313131313131315,-0.3535353535353535,0.170958119654823
0.1515151515151516,-0.3535353535353535,-0.1528057793679124
0.1717171717171717,-0.3535353535353535,-0.060850467513188226
0.19191919191919204,-0.3535353535353535,-0.2169838737620446
0.21212121212121215,-0.3535353535353535,-0.3668365495499241
0.2323232323232325,-0.3535353535353535,0.25800564187869823
0.2525252525252526,-0.3535353535353535,0.0396820115013293
0.27272727272727293,-0.3535353535353535,-0.42465040198609877
0.29292929292929304,-0.3535353535353535,0.328891321767915
0.31313131313131315,-0.3535353535353535,-0.17211128095926037
0.3333333333333335,-0.3535353535353535,-0.3825235066008595
0.3535353535353536,-0.3535353535353535,0.09726021608918015
0.3737373737373739,-0.3535353535353535,0.29978452926354304
0.39393939393939403,-0.3535353535353535,-0.09772754398683293
0.41414141414141437,-0.3535353535353535,-0.19076659460555184
0.4343434343434345,-0.3535353535353535,0.028768505777716065
0.4545454545454546,-0.3535353535353535,0.047098587507997995
0.4747474747474749,-0.3535353535353535,0.19726591470174912
0.49494949494949503,-0.3535353535353535,0.07336056236672976
0.5151515151515154,-0.3535353535353535,-0.08572141128573385
0.5353535353535355,-0.3535353535353535,0.4151848516181365
0.5555555555555556,-0.3535353535353535,-0.24838000320539966
0.5757575757575759,-0.3535353535353535,0.5558332341319312
0.595959595959596,-0.3535353535353535,0.1712937915739655
0.6161616161616164,-0.3535353535353535,0.22740744579834637
0.6363636363636365,-0.3535353535353535,0.16435722783075024
0.6565656565656568,-0.3535353535353535,0.20866965035510884
0.6767676767676769,-0.3535353535353535,0.5546099320578354
0.696969696969697,-0.3535353535353535,0.4755873994397488
0.7171717171717173,-0.3535353535353535,0.3472534877184771
0.7373737373737375,-0.3535353535353535,0.40752426225186
0.7575757575757578,-0.3535353535353535,0.6372460951792444
0.7777777777777779,-0.3535353535353535,0.3742126692065292
0.7979797979797982,-0.3535353535353535,0.28824559102318964
0.8181818181818183,-0.3535353535353535,0.15640565062827105
0.8383838383838385,-0.3535353535353535,0.6382392425357758
0.8585858585858588,-0.3535353535353535,0.5125420629830909
0.8787878787878789,-0.3535353535353535,0.35588514267790444
0.8989898989898992,-0.3535353535353535,0.7063564489248598
0.9191919191919193,-0.3535353535353535,0.7494188604636276
0.9393939393939394,-0.3535353535353535,0.5243720633219626
0.9595959595959598,-0.3535353535353535,0.7509271378512715
0.9797979797979799,-0.3535353535353535,1.1599914441474397
1.0,-0.3535353535353535,1.1907786864829375
-1.0,-0.33333333333333326,0.8115576829043003
-0.9797979797979798,-0.33333333333333326,0.7635607468074487
-0.9595959595959596,-0.33333333333333326,1.1354511818959059
-0.9393939393939394,-0.33333333333333326,0.8397093480110833
-0.9191919191919192,-0.33333333333333326,0.8741846967648154
-0.898989898989899,-0.33333333333333326,0.8536035126007845
-0.8787878787878788,-0.33333333333333326,0.8711313599567989
-0.8585858585858586,-0.33333333333333326,0.6343338524239299
-0.8383838383838383,-0.33333333333333326,0.7200157426733851
-0.8181818181818181,-0.33333333333333326,0.7498769951134947
-0.797979797979798,-0.33333333333333326,0.6083173249118066
-0.7777777777777778,-0.33333333333333326,0.38485703243706737
-0.7575757575757576,-0.33333333333333326,0.3971476358778057
-0.7373737373737373,-0.33333333333333326,0.6916015228310618
-0.7171717171717171,-0.33333333333333326,0.1854719282363705
-0.696969696969697,-0.33333333333333326,0.20784973503613716
-0.6767676767676767,-0.33333333333333326,0.3239113727502059
-0.6565656565656566,-0.33333333333333326,0.3561926554118373
-0.6363636363636364,-0.33333333333333326,0.23191968771163418
-0.6161616161616161,-0.33333333333333326,0.5678965215360456
-0.5959595959595959,-0.33333333333333326,0.24977250634855097
-0.5757575757575757,-0.33333333333333326,0.20205640658506752
-0.5555555555555556,-0.33333333333333326,0.11480623379086957
-0.5353535353535352,-0.33333333333333326,0.126779852421785
-0.5151515151515151,-0.33333333333333326,0.26168740927053874
-0.4949494949494949,-0.33333333333333326,-0.018611722104950212
-0.4747474747474747,-0.33333333333333326,0.1411376711403304
-0.4545454545454545,-0.33333333333333326,0.05609321211445263
-0.43434343434343425,-0.33333333333333326,-0.034670007136422584
-0.41414141414141414,-0.33333333333333326,-0.2902748499405707
-0.3939393939393939,-0.33333333333333326,0.33563020844297786
-0.3737373737373737,-0.33333333333333326,-0.41916697495514
-0.3535353535353535,-0.33333333333333326,-0.05336464443090423
-0.33333333333333326,-0.33333333333333326,0.18170613626895507
-0.31313131313131304,-0.33333333333333326,0.21048521459822137
-0.2929292929292928,-0.33333333333333326,-0.15945769093404105
-0.2727272727272727,-0.33333333333333326,0.02327669878132202
-0.2525252525252525,-0.33333333333333326,0.13769052388315922
-0.23232323232323226,-0.33333333333333326,-0.26515392193758425
-0.21212121212121204,-0.33333333333333326,0.17465056015336394
-0.19191919191919182,-0.33333333333333326,0.10989855636543332
-0.1717171717171716,-0.33333333333333326,0.14332291976496764
-0.1515151515151515,-0.33333333333333326,-0.2767790651958663
-0.13131313131313127,-0.33333333333333326,-0.24453130443509746
-0.11111111111111105,-0.33333333333333326,-0.14887618182340734
-0.09090909090909083,-0.33333333333333326,-0.21506493244731642
-0.07070707070707061,-0.33333333333333326,-0.10515708627617223
-0.050505050505050386,-0.33333333333333326,0.1341938831817897
-0.030303030303030276,-0.33333333333333326,-0.07948071471866151
-0.010101010101010055,-0.33333333333333326,-0.0920845565819837
0.010101010101010166,-0.33333333333333326,-0.14512879496230807
0.030303030303030498,-0.33333333333333326,-0.006722566598122412
0.05050505050505061,-0.33333333333333326,-0.1425647132564776
0.07070707070707072,-0.33333333333333326,0.023008659834430956
0.09090909090909105,-0.33333333333333326,-0.4479893100801815
0.11111111111111116,-0.33333333333333326,-0.34717662202758626
0.1313131313131315,-0.33333333333333326,0.06281609597325043
0.1515151515151516,-0.33333333333333326,0.11418993448948558
0.1717171717171717,-0.33333333333333326,-0.07754054283782302
0.19191919191919204,-0.33333333333333326,0.1241432422923733
0.21212121212121215,-0.33333333333333326,-0.4620145811946617
0.2323232323232325,-0.33333333333333326,-0.10965041617956339
0.2525252525252526,-0.33333333333333326,-0.22102038614474157
0.27272727272727293,-0.33333333333333326,-0.29246754988129836
0.29292929292929304,-0.33333333333333326,-0.2532776320291941
0.31313131313131315,-0.33333333333333326,-0.3137803821280545
0.3333333333333335,-0.33333333333333326,0.3727986492703279
0.3535353535353536,-0.33333333333333326,-0.22636630421409837
0.3737373737373739,-0.33333333333333326,0.07871415503371586
0.39393939393939403,-0.33333333333333326,0.11013709387826015
0.41414141414141437,-0.33333333333333326,0.5086148824185844
0.4343434343434345,-0.33333333333333326,-0.045825316619361345
0.4545454545454546,-0.33333333333333326,-0.42387922034579145
0.4747474747474749,-0.33333333333333326,0.3383167485195243
0.49494949494949503,-0.33333333333333326,0.12901614383948004
0.5151515151515154,-0.33333333333333326,0.1709317131323553
0.5353535353535355,-0.33333333333333326,0.08102428027480785
0.5555555555555556,-0.33333333333333326,0.14249467696351562
0.5757575757575759,-0.33333333333333326,0.015193328596365102
0.595959595959596,-0.33333333333333326,0.49522411202233346
0.6161616161616164,-0.33333333333333326,0.22483197087001172
0.6363636363636365,-0.33333333333333326,0.29284981372772656
0.6565656565656568,-0.33333333333333326,0.24906573588043623
0.6767676767676769,-0.33333333333333326,0.5153271147523404
0.696969696969697,-0.33333333333333326,0.44077205294669264
0.7171717171717173,-0.33333333333333326,0.3349006647890064
0.7373737373737375,-0.33333333333333326,0.3077395743749344
0.7575757575757578,-0.33333333333333326,0.7824787042169615
0.7777777777777779,-0.33333333333333326,0.36834402329668914
0.7979797979797982,-0.33333333333333326,0.36202907462692724
0.8181818181818183,-0.33333333333333326,0.6043029735153319
0.8383838383838385,-0.33333333333333326,0.9946797687212163
0.8585858585858588,-0.33333333333333326,0.9660904470399685
0.8787878787878789,-0.33333333333333326,0.8659963377358667
0.8989898989898992,-0.33333333333333326,0.5159625574467689
0.9191919191919193,-0.33333333333333326,0.5935747901787864
0.9393939393939394,-0.33333333333333326,0.925640532481294
0.9595959595959598,-0.33333333333333326,0.6350939981941857
0.9797979797979799,-0.33333333333333326,0.9427201687957507
1.0,-0.33333333333333326,0.6806254203293085
-1.0,-0.31313131313131304,0.7653884077463697
-0.9797979797979798,-0.31313131313131304,0.5136341430183594
-0.9595959595959596,-0.31313131313131304,0.6907532597188533
-0.9393939393939394,-0.31313131313131304,0.9624447902321457
-0.9191919191919192,-0.31313131313131304,0.5121755393847356
-0.898989898989899,-0.31313131313131304,0.6082854253174009
-0.8787878787878788,-0.31313131313131304,0.6382554827900937
-0.8585858585858586,-0.31313131313131304,0.6542952213761547
-0.8383838383838383,-0.31313131313131304,0.6070654074248144
-0.8181818181818181,-0.31313131313131304,0.40163642836141666
-0.797979797979798,-0.31313131313131304,0.2826343240243338
-0.7777777777777778,-0.31313131313131304,0.39458546078394985
-0.7575757575757576,-0.31313131313131304,0.363043206334691
-0.7373737373737373,-0.31313131313131304,0.3552043479832688
-0.7171717171717171,-0.31313131313131304,0.28980620544209235
-0.696969696969697,-0.31313131313131304,0.10007699346730115
-0.6767676767676767,-0.31313131313131304,0.39677839166628104
-0.6565656565656566,-0.31313131313131304,0.4916249522358953
-0.6363636363636364,-0.31313131313131304,0.46006714383894265
-0.6161616161616161,-0.31313131313131304,0.21190542762614434
-0.5959595959595959,-0.31313131313131304,-0.12170399802657983
-0.5757575757575757,-0.31313131313131304,0.2640531818204883
-0.5555555555555556,-0.31313131313131304,0.07039721713849123
-0.5353535353535352,-0.31313131313131304,0.031873047921652714
-0.5151515151515151,-0.31313131313131304,0.02817825057054052
-0.4949494949494949,-0.31313131313131304,0.14141777553143295
-0.4747474747474747,-0.31313131313131304,0.4765050796123612
-0.4545454545454545,-0.31313131313131304,0.26143894692775044
-0.43434343434343425,-0.31313131313131304,0.18951527258954518
-0.41414141414141414,-0.31313131313131304,0.22892100809601262
-0.3939393939393939,-0.31313131313131304,0.013097097237941016
-0.3737373737373737,-0.31313131313131304,0.3703062478908577
-0.3535353535353535,-0.31313131313131304,0.0020302381480228546
-0.33333333333333326,-0.31313131313131304,0.35952829463447245
-0.31313131313131304,-0.31313131313131304,-0.24789408382495673
-0.2929292929292928,-0.31313131313131304,-0.06563781115609067
-0.2727272727272727,-0.31313131313131304,0.014572821424299373
-0.2525252525252525,-0.31313131313131304,-0.043263793132854604
-0.23232323232323226,-0.31313131313131304,-0.21135862807691902
-0.21212121212121204,-0.31313131313131304,0.22191790849128068
-0.19191919191919182,-0.31313131313131304,0.11563378582512944
-0.1717171717171716,-0.31313131313131304,-0.16213599140337978
-0.1515151515151515,-0.31313131313131304,-0.03638426604372587
-0.13131313131313127,-0.31313131313131304,0.1063098308288312
-0.11111111111111105,-0.31313131313131304,-0.19894065739132716
-0.09090909090909083,-0.31313131313131304,-0.004348229083730615
-0.07070707070707061,-0.31313131313131304,-0.5716856832507814
-0.050505050505050386,-0.31313131313131304,-0.01322839436635835
-0.030303030303030276,-0.31313131313131304,0.2326143242501539
-0.010101010101010055,-0.31313131313131304,-0.08864603572971846
0.010101010101010166,-0.31313131313131304,-0.2232281838541681
0.030303030303030498,-0.31313131313131304,-0.2553357183150675
0.05050505050505061,-0.31313131313131304,-0.037079005153138084
0.07070707070707072,-0.31313131313131304,-0.23973387796117357
0.09090909090909105,-0.31313131313131304,-0.30789937219686
0.11111111111111116,-0.31313131313131304,-0.22731228199232886
0.1313131313131315,-0.31313131313131304,0.37702081440960084
0.1515151515151516,-0.31313131313131304,-0.34590965202185453
0.1717171717171717,-0.31313131313131304,0.40422260091089834
0.19191919191919204,-0.31313131313131304,-0.05050957535853421
0.21212121212121215,-0.31313131313131304,-0.42538694144251504
0.2323232323232325,-0.31313131313131304,-0.4281969902590038
0.2525252525252526,-0.31313131313131304,-0.13643534293958093
0.27272727272727293,-0.31313131313131304,-0.25469143307962505
0.29292929292929304,-0.31313131313131304,0.07925447004334324
0.31313131313131315,-0.31313131313131304,0.04944408259580234
0.3333333333333335,-0.31313131313131304,-0.20577029663438723
0.3535353535353536,-0.31313131313131304,0.4001103862899782
0.3737373737373739,-0.31313131313131304,-0.1581112924574094
0.39393939393939403,-0.31313131313131304,-0.07945587551546589
0.41414141414141437,-0.31313131313131304,-0.28259125295336773
0.4343434343434345,-0.31313131313131304,-0.01182044568188513
0.4545454545454546,-0.31313131313131304,-0.3396947628789212
0.4747474747474749,-0.31313131313131304,0.3304201867889642
0.49494949494949503,-0.31313131313131304,-0.09648186700304123
0.5151515151515154,-0.31313131313131304,0.1256997025155599
0.5353535353535355,-0.31313131313131304,0.1420269786912851
0.5555555555555556,-0.31313131313131304,-0.062414880851032195
0.5757575757575759,-0.31313131313131304,0.08505805751197312
0.595959595959596,-0.31313131313131304,0.475225616005625
0.6161616161616164,-0.31313131313131304,0.0772780764961844
0.6363636363636365,-0.31313131313131304,0.075555667587308
0.6565656565656568,-0.31313131313131304,0.35902790990718786
0.6767676767676769,-0.31313131313131304,0.14248576489496748
0.696969696969697,-0.31313131313131304,0.45697139061893344
0.7171717171717173,-0.31313131313131304,0.664119413808923
0.7373737373737375,-0.31313131313131304,0.22221015883100964
0.7575757575757578,-0.31313131313131304,0.6609772086508687
0.7777777777777779,-0.31313131313131304,0.7963938626505844
0.7979797979797982,-0.31313131313131304,0.477303422130985
0.8181818181818183,-0.31313131313131304,0.4532072910109743
0.8383838383838385,-0.31313131313131304,0.3660336756796396
0.8585858585858588,-0.31313131313131304,0.9031235323573752
0.8787878787878789,-0.31313131313131304,0.7972042568093566
0.8989898989898992,-0.31313131313131304,0.5322831166865482
0.9191919191919193,-0.31313131313131304,0.7619184649646739
0.9393939393939394,-0.31313131313131304,0.8176908446107468
0.9595959595959598,-0.31313131313131304,0.9441107529388019
0.9797979797979799,-0.31313131313131304,0.7237978507983656
1.0,-0.31313131313131304,1.141432125748795
-1.0,-0.2929292929292928,0.8595904526167958
-0.9797979797979798,-0.2929292929292928,0.8126728256546863
-0.9595959595959596,-0.2929292929292928,0.9907209295445046
-0.9393939393939394,-0.2929292929292928,0.792619973786204
-0.9191919191919192,-0.2929292929292928,1.1581099724843302
-0.898989898989899,-0.2929292929292928,0.6879877442198983
-0.8787878787878788,-0.2929292929292928,0.4766742453770638
-0.8585858585858586,-0.2929292929292928,0.7026475320387994
-0.8383838383838383,-0.2929292929292928,1.1472801248671165
-0.8181818181818181,-0.2929292929292928,0.29009086530367684
-0.797979797979798,-0.2929292929292928,0.5536842833361844
-0.7777777777777778,-0.2929292929292928,0.3545239695579817
-0.7575757575757576,-0.2929292929292928,0.594122075580784
-0.7373737373737373,-0.2929292929292928,0.4611841853221426
-0.7171717171717171,-0.2929292929292928,0.4040478920891514
-0.696969696969697,-0.2929292929292928,0.19370932116486825
-0.6767676767676767,-0.2929292929292928,0.6336820496263775
-0.6565656565656566,-0.2929292929292928,0.3361677258380746
-0.6363636363636364,-0.2929292929292928,0.18476121757026018
-0.6161616161616161,-0.2929292929292928,0.25331519652962325
-0.5959595959595959,-0.2929292929292928,0.34250019574911617
-0.5757575757575757,-0.2929292929292928,0.12489372773191594
-0.5555555555555556,-0.2929292929292928,0.17410079581557075
-0.5353535353535352,-0.2929292929292928,-0.01687472870998924
-0.5151515151515151,-0.2929292929292928,0.15299915537632822
-0.4949494949494949,-0.2929292929292928,0.30589501413737774
-0.4747474747474747,-0.2929292929292928,0.3183234604489109
-0.4545454545454545,-0.2929292929292928,-0.0907384970997857
-0.43434343434343425,-0.2929292929292928,0.3104842721419344
-0.41414141414141414,-0.2929292929292928,0.10695597436565499
-0.3939393939393939,-0.2929292929292928,0.19467954067385512
-0.3737373737373737,-0.2929292929292928,0.3141075370780244
-0.3535353535353535,-0.2929292929292928,-0.03199074246457591
-0.33333333333333326,-0.2929292929292928,0.23921080518405358
-0.31313131313131304,-0.2929292929292928,0.09180683906804744
-0.2929292929292928,-0.2929292929292928,-0.35454181010927943
-0.2727272727272727,-0.2929292929292928,0.02638505163224919
-0.2525252525252525,-0.2929292929292928,-0.35791834277168877
-0.23232323232323226,-0.2929292929292928,0.2981696245832721
-0.21212121212121204,-0.2929292929292928,-0.4332236170626782
-0.19191919191919182,-0.2929292929292928,0.20416065049426613
-0.1717171717171716,-0.2929292929292928,-0.36752588914634443
-0.1515151515151515,-0.2929292929292928,0.4137560567943813
-0.13131313131313127,-0.2929292929292928,-0.24292800308683554
-0.11111111111111105,-0.2929292929292928,0.14273863189374708
-0.09090909090909083,-0.2929292929292928,0.20771236684141203
-0.07070707070707061,-0.2929292929292928,-0.08383004061397098
-0.050505050505050386,-0.2929292929292928,-0.07765415026917695
-0.030303030303030276,-0.2929292929292928,-0.17408300832553367
-0.010101010101010055,-0.2929292929292928,-0.20526545925112022
0.010101010101010166,-0.2929292929292928,-0.11101399248010389
0.030303030303030498,-0.2929292929292928,-0.15696868517791907
0.05050505050505061,-0.2929292929292928,-0.152246343144406
0.07070707070707072,-0.2929292929292928,0.09826289630869228
0.09090909090909105,-0.2929292929292928,-0.2828192244812831
0.11111111111111116,-0.2929292929292928,-0.02560148852313865
0.1313131313131315,-0.2929292929292928,-0.08441978017857778
0.1515151515151516,-0.2929292929292928,-0.33050632670262015
0.1717171717171717,-0.2929292929292928,0.049143875556977884
0.19191919191919204,-0.2929292929292928,0.14841869950613085
0.21212121212121215,-0.2929292929292928,0.0879553413009446
0.2323232323232325,-0.2929292929292928,-0.33139596908242513
0.2525252525252526,-0.2929292929292928,-0.17001872081753389
0.27272727272727293,-0.2929292929292928,-0.3528283812749558
0.29292929292929304,-0.2929292929292928,-0.009016167783117614
0.31313131313131315,-0.2929292929292928,0.009034613138048622
0.3333333333333335,-0.2929292929292928,-0.06237995217430077
0.3535353535353536,-0.2929292929292928,0.25800127040927034
0.3737373737373739,-0.2929292929292928,-0.015829312003121696
0.39393939393939403,-0.2929292929292928,-0.1019049390282371
0.41414141414141437,-0.2929292929292928,0.08268375543030217
0.4343434343434345,-0.2929292929292928,-0.12729327368002213
0.4545454545454546,-0.2929292929292928,0.21269086334668164
0.4747474747474749,-0.2929292929292928,0.28045756768633057
0.49494949494949503,-0.2929292929292928,0.1226225886567694
0.5151515151515154,-0.2929292929292928,0.06020919919866667
0.5353535353535355,-0.2929292929292928,0.21619245368639228
0.5555555555555556,-0.2929292929292928,0.47859222178889543
0.5757575757575759,-0.2929292929292928,0.5433477707133932
0.595959595959596,-0.2929292929292928,0.14176383824369107
0.6161616161616164,-0.2929292929292928,0.20725803658346287
0.6363636363636365,-0.2929292929292928,0.19765268417784582
0.6565656565656568,-0.2929292929292928,0.12237763456330045
0.6767676767676769,-0.2929292929292928,0.4650264065142813
0.696969696969697,-0.2929292929292928,0.4504788294416709
0.7171717171717173,-0.2929292929292928,0.34861247802595047
0.7373737373737375,-0.2929292929292928,0.575813030487615
0.7575757575757578,-0.2929292929292928,0.4230427429965311
0.7777777777777779,-0.2929292929292928,0.352386561904798
0.7979797979797982,-0.2929292929292928,0.5742503027273673
0.8181818181818183,-0.2929292929292928,0.41657224257945846
0.8383838383838385,-0.2929292929292928,0.47519029879660485
0.8585858585858588,-0.2929292929292928,0.4724077242279778
0.8787878787878789,-0.2929292929292928,0.4500026440605681
0.8989898989898992,-0.2929292929292928,0.5026317386378095
0.9191919191919193,-0.2929292929292928,0.9343072233460923
0.9393939393939394,-0.2929292929292928,0.5835563450645812
0.9595959595959598,-0.2929292929292928,1.1995855112181997
0.9797979797979799,-0.2929292929292928,0.8214631110649131
1.0,-0.2929292929292928,0.8547553837817159
-1.0,-0.2727272727272727,0.6793300692239124
-0.9797979797979798,-0.2727272727272727,0.7941357539665567
-0.9595959595959596,-0.2727272727272727,0.6081621094260539
-0.9393939393939394,-0.2727272727272727,0.8335485520684667
-0.9191919191919192,-0.2727272727272727,0.47279083389998483
-0.898989898989899,-0.2727272727272727,0.7720872487470336
-0.8787878787878788,-0.2727272727272727,1.0067598893113092
-0.8585858585858586,-0.2727272727272727,0.4042345838286366
-0.8383838383838383,-0.2727272727272727,0.5991258918840412
-0.8181818181818181,-0.2727272727272727,0.6713885939858003
-0.797979797979798,-0.2727272727272727,0.5548219567377599
-0.7777777777777778,-0.2727272727272727,0.48169690906557106
-0.7575757575757576,-0.2727272727272727,0.6929850645532081
-0.7373737373737373,-0.2727272727272727,0.5356575313164398
-0.7171717171717171,-0.2727272727272727,0.4434524278775649
-0.696969696969697,-0.2727272727272727,0.5077906694732799
-0.6767676767676767,-0.2727272727272727,0.39222625578209874
-0.6565656565656566,-0.2727272727272727,0.3894240451868597
-0.6363636363636364,-0.2727272727272727,0.8285463347478035
-0.6161616161616161,-0.2727272727272727,0.3859108694508032
-0.5959595959595959,-0.2727272727272727,0.343701575822622
-0.5757575757575757,-0.2727272727272727,0.6722654867676463
-0.5555555555555556,-0.2727272727272727,0.3398952965276259
-0.5353535353535352,-0.2727272727272727,0.22306464256126946
-0.5151515151515151,-0.2727272727272727,-0.043667697574473585
-0.4949494949494949,-0.2727272727272727,0.6293825987691651
-0.4747474747474747,-0.2727272727272727,0.09181151108840538
-0.4545454545454545,-0.2727272727272727,-0.08264817088763204
-0.43434343434343425,-0.2727272727272727,-0.1425826541052173
-0.41414141414141414,-0.2727272727272727,0.20016104081988556
-0.3939393939393939,-0.2727272727272727,0.035428179545745224
-0.3737373737373737,-0.2727272727272727,-0.13979095863689583
-0.3535353535353535,-0.2727272727272727,0.05928862174724708
-0.33333333333333326,-0.2727272727272727,-0.15392984157666342
-0.31313131313131304,-0.2727272727272727,0.0004479190402038591
-0.2929292929292928,-0.2727272727272727,-0.14274275619301174
-0.2727272727272727,-0.2727272727272727,0.2671440588438933
-0.2525252525252525,-0.2727272727272727,0.008297698883373127
-0.23232323232323226,-0.2727272727272727,0.07742104382537163
-0.21212121212121204,-0.2727272727272727,-0.046704294758304524
-0.19191919191919182,-0.2727272727272727,-0.03420433389371636
-0.1717171717171716,-0.2727272727272727,-0.16927920692155246
-0.1515151515151515,-0.2727272727272727,0.0323915126870552
-0.13131313131313127,-0.2727272727272727,0.3838386992851779
-0.11111111111111105,-0.2727272727272727,-0.23328022115082067
-0.09090909090909083,-0.2727272727272727,-0.2590433508538358
-0.07070707070707061,-0.2727272727272727,-0.19789033504181347
-0.050505050505050386,-0.2727272727272727,-0.15111861559850598
-0.030303030303030276,-0.2727272727272727,-0.3793590265951113
-0.010101010101010055,-0.2727272727272727,-0.09262724908868158
0.010101010101010166,-0.2727272727272727,-0.2257485528715764
0.030303030303030498,-0.2727272727272727,-0.0686277035790703
0.05050505050505061,-0.2727272727272727,-0.4324783054757658
0.07070707070707072,-0.2727272727272727,0.05813931745971371
0.09090909090909105,-0.2727272727272727,-0.24637040466532817
0.11111111111111116,-0.2727272727272727,-0.10799461860698392
0.1313131313131315,-0.2727272727272727,-0.12221280137190645
0.1515151515151516,-0.2727272727272727,0.2723195841668365
0.1717171717171717,-0.2727272727272727,-0.4154336020813235
0.19191919191919204,-0.2727272727272727,-0.0015350592584245579
0.21212121212121215,-0.2727272727272727,-0.37522246355099337
0.2323232323232325,-0.2727272727272727,-0.1547194750904123
0.2525252525252526,-0.2727272727272727,-0.08074812812722455
0.27272727272727293,-0.2727272727272727,0.274872852897198
0.29292929292929304,-0.2727272727272727,-0.20071845181520387
0.31313131313131315,-0.2727272727272727,-0.11857551365604439
0.3333333333333335,-0.2727272727272727,0.16529309215308507
0.3535353535353536,-0.2727272727272727,0.2617962270107028
0.3737373737373739,-0.2727272727272727,-0.10233435160098024
0.39393939393939403,-0.2727272727272727,0.07359774501099156
0.41414141414141437,-0.2727272727272727,-0.07085539887058472
0.4343434343434345,-0.2727272727272727,0.11882509361978098
0.4545454545454546,-0.2727272727272727,0.15116464346367728
0.4747474747474749,-0.2727272727272727,0.41597986991746194
0.49494949494949503,-0.2727272727272727,-0.26149247724866376
0.5151515151515154,-0.2727272727272727,0.27311227288562206
0.5353535353535355,-0.2727272727272727,0.1921173803507168
0.5555555555555556,-0.2727272727272727,0.24145886280942416
0.5757575757575759,-0.2727272727272727,0.1480148294058695
0.595959595959596,-0.2727272727272727,0.321696682878622
0.6161616161616164,-0.2727272727272727,0.18687696272953136
0.6363636363636365,-0.2727272727272727,0.3025496734490427
0.6565656565656568,-0.2727272727272727,0.48036668856873666
0.6767676767676769,-0.2727272727272727,0.33358227582003336
0.696969696969697,-0.2727272727272727,0.3264483199548253
0.7171717171717173,-0.2727272727272727,0.41902666938258304
0.7373737373737375,-0.2727272727272727,0.5386188599316263
0.7575757575757578,-0.2727272727272727,0.33153716430098745
0.7777777777777779,-0.2727272727272727,0.41269451870605134
0.7979797979797982,-0.2727272727272727,0.4722880748949881
0.8181818181818183,-0.2727272727272727,0.803969958840133
0.8383838383838385,-0.2727272727272727,1.1288538807092765
0.8585858585858588,-0.2727272727272727,0.5082437793544547
0.8787878787878789,-0.2727272727272727,0.8345927266576314
0.8989898989898992,-0.2727272727272727,0.5485958336383194
0.9191919191919193,-0.2727272727272727,0.9287706238950355
0.9393939393939394,-0.2727272727272727,0.7301262558834615
0.9595959595959598,-0.2727272727272727,1.2133979890548876
0.9797979797979799,-0.2727272727272727,1.2314718355744074
1.0,-0.2727272727272727,0.6249120768187104
-1.0,-0.2525252525252525,1.1860209393766674
-0.9797979797979798,-0.2525252525252525,0.7030107111896655
-0.9595959595959596,-0.2525252525252525,0.9315763951704655
-0.9393939393939394,-0.2525252525252525,0.8298529863029409
-0.9191919191919192,-0.2525252525252525,0.7149693132663141
-0.898989898989899,-0.2525252525252525,0.595718410684415
-0.8787878787878788,-0.2525252525252525,0.8074539099459175
-0.8585858585858586,-0.2525252525252525,0.5383448651421207
-0.8383838383838383,-0.2525252525252525,0.7781011418294379
-0.8181818181818181,-0.2525252525252525,0.47353590756859665
-0.797979797979798,-0.2525252525252525,0.8276558518715978
-0.7777777777777778,-0.2525252525252525,0.6978462879134508
-0.7575757575757576,-0.2525252525252525,0.07374030935995995
-0.7373737373737373,-0.2525252525252525,0.8536895614324266
-0.7171717171717171,-0.2525252525252525,0.2394015388988232
-0.696969696969697,-0.2525252525252525,0.7457761495842565
-0.6767676767676767,-0.2525252525252525,0.5037345384322517
-0.6565656565656566,-0.2525252525252525,0.48158406444321006
-0.6363636363636364,-0.2525252525252525,0.37594375487565257
-0.6161616161616161,-0.2525252525252525,0.45176903556119863
-0.5959595959595959,-0.2525252525252525,0.4299118206206233
-0.5757575757575757,-0.2525252525252525,0.28324739004271987
-0.5555555555555556,-0.2525252525252525,0.3575172782286995
-0.5353535353535352,-0.2525252525252525,0.3614033715870292
-0.5151515151515151,-0.2525252525252525,0.21153012591143028
-0.4949494949494949,-0.2525252525252525,0.2918983303184579
-0.4747474747474747,-0.2525252525252525,0.2441622676888256
-0.4545454545454545,-0.2525252525252525,0.42830948718593664
-0.43434343434343425,-0.2525252525252525,0.09111675803489645
-0.41414141414141414,-0.2525252525252525,0.08256626545272648
-0.3939393939393939,-0.2525252525252525,-0.18885505762534371
-0.3737373737373737,-0.2525252525252525,0.09330471412607902
-0.3535353535353535,-0.2525252525252525,-0.017076727205852307
-0.33333333333333326,-0.2525252525252525,-0.08765096356015044
-0.31313131313131304,-0.2525252525252525,0.007003911273211205
-0.2929292929292928,-0.2525252525252525,-0.10343664968926959
-0.2727272727272727,-0.2525252525252525,0.2881172567381673
-0.2525252525252525,-0.2525252525252525,0.1718974476701679
-0.23232323232323226,-0.2525252525252525,-0.10859028878028773
-0.21212121212121204,-0.2525252525252525,0.19610545001380622
-0.19191919191919182,-0.2525252525252525,0.31640487377721693
-0.1717171717171716,-0.2525252525252525,-0.2823862762421861
-0.1515151515151515,-0.2525252525252525,0.030236882226336026
-0.13131313131313127,-0.2525252525252525,-0.17941596254284434
-0.11111111111111105,-0.2525252525252525,0.1584988777506729
-0.09090909090909083,-0.2525252525252525,-0.08261197057167176
-0.07070707070707061,-0.2525252525252525,-0.3025508728575906
-0.050505050505050386,-0.2525252525252525,0.23025633484677663
-0.030303030303030276,-0.2525252525252525,0.1273337656467286
-0.010101010101010055,-0.2525252525252525,0.012314656242587096
0.010101010101010166,-0.2525252525252525,-0.029944730488906397
0.030303030303030498,-0.2525252525252525,-0.011385786308690318
0.05050505050505061,-0.2525252525252525,-0.2799586151048448
0.07070707070707072,-0.2525252525252525,0.21978596926416644
0.09090909090909105,-0.2525252525252525,-0.22122306413474818
0.11111111111111116,-0.2525252525252525,-0.05079589757124002
0.1313131313131315,-0.2525252525252525,-0.0687023360098205
0.1515151515151516,-0.2525252525252525,-0.07501412148438327
0.1717171717171717,-0.2525252525252525,-0.21650162978857285
0.19191919191919204,-0.2525252525252525,0.24609662686079642
0.21212121212121215,-0.2525252525252525,0.04159303447734839
0.2323232323232325,-0.2525252525252525,-0.24853099111589022
0.2525252525252526,-0.2525252525252525,0.19431453816670965
0.27272727272727293,-0.2525252525252525,0.3855381276583635
0.29292929292929304,-0.2525252525252525,0.16175380024624278
0.31313131313131315,-0.2525252525252525,-0.38800828594688697
0.3333333333333335,-0.2525252525252525,-0.06524033832743219
0.3535353535353536,-0.2525252525252525,0.24721387944692746
0.3737373737373739,-0.2525252525252525,-0.13247840498558244
0.39393939393939403,-0.2525252525252525,0.024723597247428356
0.41414141414141437,-0.2525252525252525,-0.1944383388133132
0.4343434343434345,-0.2525252525252525,0.1538100622976173
0.4545454545454546,-0.2525252525252525,0.1444390549338915
0.4747474747474749,-0.2525252525252525,0.18670076094931293
0.49494949494949503,-0.2525252525252525,-0.06856256511216705
0.5151515151515154,-0.2525252525252525,-0.0030257081095377836
0.5353535353535355,-0.2525252525252525,0.2405974069390538
0.5555555555555556,-0.2525252525252525,0.19747091378704562
0.5757575757575759,-0.2525252525252525,0.3553959708661471
0.595959595959596,-0.2525252525252525,0.11203989808208434
0.6161616161616164,-0.2525252525252525,0.47316592272566604
0.6363636363636365,-0.2525252525252525,0.6656181783609847
0.6565656565656568,-0.2525252525252525,0.31643086768897805
0.6767676767676769,-0.2525252525252525,0.38228695964759635
0.696969696969697,-0.2525252525252525,0.24785666254741281
0.7171717171717173,-0.2525252525252525,-0.12961677166832763
0.7373737373737375,-0.2525252525252525,0.4584636579395564
0.7575757575757578,-0.2525252525252525,0.43475612479072334
0.7777777777777779,-0.2525252525252525,0.6617729109890071
0.7979797979797982,-0.2525252525252525,0.9589610128929564
0.8181818181818183,-0.2525252525252525,0.20164470046478716
0.8383838383838385,-0.2525252525252525,0.6775435982466441
0.8585858585858588,-0.2525252525252525,0.659805270696053
0.8787878787878789,-0.2525252525252525,0.7219845115004184
0.8989898989898992,-0.2525252525252525,0.6882920396714365
0.9191919191919193,-0.2525252525252525,1.023355552026646
0.9393939393939394,-0.2525252525252525,0.7143975757678868
0.9595959595959598,-0.2525252525252525,0.8445726288857074
0.9797979797979799,-0.2525252525252525,1.3265450031109787
1.0,-0.2525252525252525,0.9817084996990852
-1.0,-0.23232323232323226,0.9503243943402268
-0.9797979797979798,-0.23232323232323226,1.023337712717997
-0.9595959595959596,-0.23232323232323226,0.7255892105890053
-0.9393939393939394,-0.23232323232323226,0.6133859933224484
-0.9191919191919192,-0.23232323232323226,0.9862866194913005
-0.898989898989899,-0.23232323232323226,0.6863306729495201
-0.8787878787878788,-0.23232323232323226,0.6350521282023084
-0.8585858585858586,-0.23232323232323226,0.7404765764675125
-0.8383838383838383,-0.23232323232323226,0.710186054226793
-0.8181818181818181,-0.23232323232323226,0.1131522364977462
-0.797979797979798,-0.23232323232323226,0.3564188799225192
-0.7777777777777778,-0.23232323232323226,0.5535858080595917
-0.7575757575757576,-0.23232323232323226,0.6642852768377682
-0.7373737373737373,-0.23232323232323226,0.6353916088353826
-0.7171717171717171,-0.23232323232323226,0.21607121409276764
-0.696969696969697,-0.23232323232323226,0.43156666191476667
-0.6767676767676767,-0.23232323232323226,0.7499392525340314
-0.6565656565656566,-0.23232323232323226,-0.15111792194570628
-0.6363636363636364,-0.23232323232323226,0.3899849480709855
-0.6161616161616161,-0.23232323232323226,0.29508988328834684
-0.5959595959595959,-0.23232323232323226,0.5269334764645103
-0.5757575757575757,-0.23232323232323226,0.5520493062333005
-0.5555555555555556,-0.23232323232323226,0.5196684492022772
-0.5353535353535352,-0.23232323232323226,0.1834604869385803
-0.5151515151515151,-0.23232323232323226,-0.0448466893994692
-0.4949494949494949,-0.23232323232323226,0.10689573549175088
-0.4747474747474747,-0.23232323232323226,0.2368542122672166
-0.4545454545454545,-0.23232323232323226,-0.10999226613240873
-0.43434343434343425,-0.23232323232323226,0.15851750103421755
-0.41414141414141414,-0.23232323232323226,0.07903725246501964
-0.3939393939393939,-0.23232323232323226,0.0467010502153547
-0.3737373737373737,-0.23232323232323226,0.08669295187777376
-0.3535353535353535,-0.23232323232323226,0.23948315057465736
-0.33333333333333326,-0.23232323232323226,-0.2663123495481621
-0.31313131313131304,-0.23232323232323226,0.1885824876642535
-0.2929292929292928,-0.23232323232323226,0.4810976264201323
-0.2727272727272727,-0.23232323232323226,-0.05729141372199106
-0.2525252525252525,-0.23232323232323226,-0.21308223006187696
-0.23232323232323226,-0.23232323232323226,0.030067713626896975
-0.21212121212121204,-0.23232323232323226,0.12262597613437806
-0.19191919191919182,-0.23232323232323226,-0.08489915774261
-0.1717171717171716,-0.23232323232323226,-0.04896981819103479
-0.1515151515151515,-0.23232323232323226,0.33274938180657765
-0.13131313131313127,-0.23232323232323226,0.0495747750234878
-0.11111111111111105,-0.23232323232323226,-0.00713943096205831
-0.09090909090909083,-0.23232323232323226,0.23872958430279645
-0.07070707070707061,-0.23232323232323226,-0.07434683113614422
-0.050505050505050386,-0.23232323232323226,0.28057069050163674
-0.030303030303030276,-0.23232323232323226,-0.0534564386804658
-0.010101010101010055,-0.23232323232323226,-0.14308326720165632
0.010101010101010166,-0.23232323232323226,-0.11810002442877679
0.030303030303030498,-0.23232323232323226,0.11250525742748776
0.05050505050505061,-0.23232323232323226,-0.16962447919583906
0.07070707070707072,-0.23232323232323226,-0.21118888787950477
0.09090909090909105,-0.23232323232323226,-0.011446020524307439
0.11111111111111116,-0.23232323232323226,-0.16078342103893084
0.1313131313131315,-0.23232323232323226,-0.18826494655969844
0.1515151515151516,-0.23232323232323226,0.11026464797181211
0.1717171717171717,-0.23232323232323226,-0.4100647044881991
0.19191919191919204,-0.23232323232323226,-0.0010602692699238046
0.21212121212121215,-0.23232323232323226,-0.023893032368088166
0.2323232323232325,-0.23232323232323226,0.20672288726396004
0.2525252525252526,-0.23232323232323226,-0.027439444107500148
0.27272727272727293,-0.23232323232323226,0.0492758269388745
0.29292929292929304,-0.23232323232323226,0.043187487743692674
0.31313131313131315,-0.23232323232323226,-0.004575655828242306
0.3333333333333335,-0.23232323232323226,0.3262396011442834
0.3535353535353536,-0.23232323232323226,-0.0019150662752112635
0.3737373737373739,-0.23232323232323226,0.28479072949377054
0.39393939393939403,-0.23232323232323226,-0.020596073491567307
0.41414141414141437,-0.23232323232323226,0.8233868329152503
0.4343434343434345,-0.23232323232323226,-0.02417934938625546
0.4545454545454546,-0.23232323232323226,0.035978691210514765
0.4747474747474749,-0.23232323232323226,0.10023705033508802
0.49494949494949503,-0.23232323232323226,-0.10295855376038718
0.5151515151515154,-0.23232323232323226,0.2807961035229668
0.5353535353535355,-0.23232323232323226,-0.2109613651950529
0.5555555555555556,-0.23232323232323226,0.2329490419808955
0.5757575757575759,-0.23232323232323226,0.2516968727927999
0.595959595959596,-0.23232323232323226,0.5243037782535738
0.6161616161616164,-0.23232323232323226,0.19122633192042054
0.6363636363636365,-0.23232323232323226,0.271234515219595
0.6565656565656568,-0.23232323232323226,0.39756730403250706
0.6767676767676769,-0.23232323232323226,0.6104671547770544
0.696969696969697,-0.23232323232323226,-0.06097998592948567
0.7171717171717173,-0.23232323232323226,0.10851589521901994
0.7373737373737375,-0.23232323232323226,0.6752424185275462
0.7575757575757578,-0.23232323232323226,1.1424733303990566
0.7777777777777779,-0.23232323232323226,0.732937859900296
0.7979797979797982,-0.23232323232323226,0.7032826027316214
0.8181818181818183,-0.23232323232323226,0.5101024368228586
0.8383838383838385,-0.23232323232323226,0.9346992450519658
0.8585858585858588,-0.23232323232323226,0.6402839281913798
0.8787878787878789,-0.23232323232323226,0.7950023967522688
0.8989898989898992,-0.23232323232323226,1.0654797825590572
0.9191919191919193,-0.23232323232323226,0.765630255038297
0.9393939393939394,-0.23232323232323226,0.9420445516023153
0.9595959595959598,-0.23232323232323226,0.38339324508836126
0.9797979797979799,-0.23232323232323226,0.3513936385166643
1.0,-0.23232323232323226,1.0837998391399037
-1.0,-0.21212121212121204,1.1095955797936448
-0.9797979797979798,-0.21212121212121204,0.5851824290162804
-0.9595959595959596,-0.21212121212121204,0.7994602713085325
-0.9393939393939394,-0.21212121212121204,0.5554012556958084
-0.9191919191919192,-0.21212121212121204,0.7309009752942198
-0.898989898989899,-0.21212121212121204,0.8567254277591632
-0.8787878787878788,-0.21212121212121204,0.7181967343743308
-0.8585858585858586,-0.21212121212121204,0.557754751627427
-0.8383838383838383,-0.21212121212121204,0.9167997325274124
-0.8181818181818181,-0.21212121212121204,0.9201163598854957
-0.797979797979798,-0.21212121212121204,0.6275342259198852
-0.7777777777777778,-0.21212121212121204,0.4723920227148016
-0.7575757575757576,-0.21212121212121204,0.6454893284057546
-0.7373737373737373,-0.21212121212121204,0.0658023844467201
-0.7171717171717171,-0.21212121212121204,0.35121444302877713
-0.696969696969697,-0.21212121212121204,0.501813394882909
-0.6767676767676767,-0.21212121212121204,0.8571837527145911
-0.6565656565656566,-0.21212121212121204,0.499591169505751
-0.6363636363636364,-0.21212121212121204,0.7790332992121696
-0.6161616161616161,-0.21212121212121204,0.33395092916864366
-0.5959595959595959,-0.21212121212121204,0.10727626947940841
-0.5757575757575757,-0.21212121212121204,0.09886925544691033
-0.5555555555555556,-0.21212121212121204,0.2552000434273551
-0.5353535353535352,-0.21212121212121204,0.013086677913498546
-0.5151515151515151,-0.21212121212121204,0.2441464133429105
-0.4949494949494949,-0.21212121212121204,-0.007257186327541326
-0.4747474747474747,-0.21212121212121204,0.2508335833088074
-0.4545454545454545,-0.21212121212121204,0.229573893676071
-0.43434343434343425,-0.21212121212121204,0.07463120206340532
-0.41414141414141414,-0.21212121212121204,0.38447224518627243
-0.3939393939393939,-0.21212121212121204,-0.02742229948621039
-0.3737373737373737,-0.21212121212121204,0.3661384081442548
-0.3535353535353535,-0.21212121212121204,-0.006237625267596997
-0.33333333333333326,-0.21212121212121204,0.19715883265638928
-0.31313131313131304,-0.21212121212121204,0.1857777636530395
-0.2929292929292928,-0.21212121212121204,-0.057171211797077195
-0.2727272727272727,-0.21212121212121204,0.021900966462806776
-0.2525252525252525,-0.21212121212121204,-0.18954972528087427
-0.23232323232323226,-0.21212121212121204,0.13797796889108466
-0.21212121212121204,-0.21212121212121204,-0.250565737456244
-0.19191919191919182,-0.21212121212121204,0.038722970796731176
-0.1717171717171716,-0.21212121212121204,0.2031609936883528
-0.1515151515151515,-0.21212121212121204,-0.2922181868075002
-0.13131313131313127,-0.21212121212121204,0.4391481740450659
-0.11111111111111105,-0.21212121212121204,0.06368062866728982
-0.09090909090909083,-0.21212121212121204,0.09743254005678394
-0.07070707070707061,-0.21212121212121204,0.022473999514924396
-0.050505050505050386,-0.21212121212121204,0.1006565745938309
-0.030303030303030276,-0.21212121212121204,-0.29524735660052653
-0.010101010101010055,-0.21212121212121204,-0.1272887079651085
0.010101010101010166,-0.21212121212121204,-0.3827272378472264
0.030303030303030498,-0.21212121212121204,-0.03443426637451526
0.05050505050505061,-0.21212121212121204,-0.25266903375712424
0.07070707070707072,-0.21212121212121204,-0.2287138177917164
0.09090909090909105,-0.21212121212121204,-0.1485123398942541
0.11111111111111116,-0.21212121212121204,-0.24789323983477546
0.1313131313131315,-0.21212121212121204,0.1909174503804005
0.1515151515151516,-0.21212121212121204,-0.058595378444228144
0.1717171717171717,-0.21212121212121204,0.35589473828523344
0.19191919191919204,-0.21212121212121204,-0.2862399173650888
0.21212121212121215,-0.21212121212121204,0.10174947191335826
0.2323232323232325,-0.21212121212121204,0.1018330793655977
0.2525252525252526,-0.21212121212121204,0.18436972615719657
0.27272727272727293,-0.21212121212121204,-0.272774258686735
0.29292929292929304,-0.21212121212121204,0.2753986315981143
0.31313131313131315,-0.21212121212121204,0.15392000998862165
0.3333333333333335,-0.21212121212121204,-0.23483469888421996
0.3535353535353536,-0.21212121212121204,0.07401745072740414
0.3737373737373739,-0.21212121212121204,0.14155289174117058
0.39393939393939403,-0.21212121212121204,0.6597386136742058
0.41414141414141437,-0.21212121212121204,-0.04039188188915621
0.4343434343434345,-0.21212121212121204,0.3306952827153369
0.4545454545454546,-0.21212121212121204,0.4157812641960069
0.4747474747474749,-0.21212121212121204,0.18105705337233144
0.49494949494949503,-0.21212121212121204,-0.14907957320727908
0.5151515151515154,-0.21212121212121204,0.2912793111959426
0.5353535353535355,-0.21212121212121204,0.4025034161499501
0.5555555555555556,-0.21212121212121204,0.08925871541484443
0.5757575757575759,-0.21212121212121204,0.4410950273996314
0.595959595959596,-0.21212121212121204,0.2698450725530822
0.6161616161616164,-0.21212121212121204,0.22607977540692864
0.6363636363636365,-0.21212121212121204,0.4733662467648281
0.6565656565656568,-0.21212121212121204,-0.15503350678752015
0.6767676767676769,-0.21212121212121204,0.50395694504295
0.696969696969697,-0.21212121212121204,0.4938462875716787
0.7171717171717173,-0.21212121212121204,0.3579121494518371
0.7373737373737375,-0.21212121212121204,0.35318719268015025
0.7575757575757578,-0.21212121212121204,0.7206319754173527
0.7777777777777779,-0.21212121212121204,0.6576194157092775
0.7979797979797982,-0.21212121212121204,0.8438671460391645
0.8181818181818183,-0.21212121212121204,0.7966518175830378
0.8383838383838385,-0.21212121212121204,0.7245213375319457
0.8585858585858588,-0.21212121212121204,0.9020438215936596
0.8787878787878789,-0.21212121212121204,1.0076742559923368
0.8989898989898992,-0.21212121212121204,0.8540160342671004
0.9191919191919193,-0.21212121212121204,0.5455140292624694
0.9393939393939394,-0.21212121212121204,0.3757085167362625
0.9595959595959598,-0.21212121212121204,0.7889234919385196
0.9797979797979799,-0.21212121212121204,0.783603994877061
1.0,-0.21212121212121204,0.9659324974234967
-1.0,-0.19191919191919182,1.1665962424125589
-0.9797979797979798,-0.19191919191919182,0.7685097394868811
-0.9595959595959596,-0.19191919191919182,0.8686451658503733
-0.9393939393939394,-0.19191919191919182,1.0185803023975244
-0.9191919191919192,-0.19191919191919182,0.626162653601845
-0.898989898989899,-0.19191919191919182,0.7846218358725828
-0.8787878787878788,-0.19191919191919182,0.8301463675276267
-0.8585858585858586,-0.19191919191919182,0.5164770209583962
-0.8383838383838383,-0.19191919191919182,0.671452316412267
-0.8181818181818181,-0.19191919191919182,0.4451202054188941
-0.797979797979798,-0.19191919191919182,0.32567598842568884
-0.7777777777777778,-0.19191919191919182,0.21066036127208798
-0.7575757575757576,-0.19191919191919182,0.2429914906353638
-0.7373737373737373,-0.19191919191919182,0.4294223910955703
-0.7171717171717171,-0.19191919191919182,0.3061454148953616
-0.696969696969697,-0.19191919191919182,0.6844318822567633
-0.6767676767676767,-0.19191919191919182,0.3970243811713257
-0.6565656565656566,-0.19191919191919182,0.5122769224458378
-0.6363636363636364,-0.19191919191919182,0.3908537429490436
-0.6161616161616161,-0.19191919191919182,0.5382139202120172
-0.5959595959595959,-0.19191919191919182,0.4918673030761467
-0.5757575757575757,-0.19191919191919182,0.2624550381172346
-0.5555555555555556,-0.19191919191919182,0.7295742671245404
-0.5353535353535352,-0.19191919191919182,0.4420393684003838
-0.5151515151515151,-0.19191919191919182,0.18307066593135443
-0.4949494949494949,-0.19191919191919182,0.5017472378228349
-0.4747474747474747,-0.19191919191919182,0.1010280279879422
-0.4545454545454545,-0.19191919191919182,-0.29261588796393123
-0.43434343434343425,-0.19191919191919182,0.4838539339051938
-0.41414141414141414,-0.19191919191919182,0.07952745500450727
-0.3939393939393939,-0.19191919191919182,0.03180030970060614
-0.3737373737373737,-0.19191919191919182,0.3527957381773311
-0.3535353535353535,-0.19191919191919182,0.15344966660591133
-0.33333333333333326,-0.19191919191919182,0.12586029271683633
-0.31313131313131304,-0.19191919191919182,0.13328377166387834
-0.2929292929292928,-0.19191919191919182,0.011372123015473676
-0.2727272727272727,-0.19191919191919182,0.09372891615836901
-0.2525252525252525,-0.19191919191919182,0.16860499810860444
-0.23232323232323226,-0.19191919191919182,0.2077810621218841
-0.21212121212121204,-0.19191919191919182,0.03953172969094573
-0.19191919191919182,-0.19191919191919182,-0.6171351137768202
-0.1717171717171716,-0.19191919191919182,0.2644098487040145
-0.1515151515151515,-0.19191919191919182,-0.40516103742868526
-0.13131313131313127,-0.19191919191919182,0.1429518070887231
-0.11111111111111105,-0.19191919191919182,0.1991041010050456
-0.09090909090909083,-0.19191919191919182,0.4627241142780635
-0.07070707070707061,-0.19191919191919182,-0.23882002412338857
-0.050505050505050386,-0.19191919191919182,0.179977970401042
-0.030303030303030276,-0.19191919191919182,0.15360062704681932
-0.010101010101010055,-0.19191919191919182,0.41111360754519377
0.010101010101010166,-0.19191919191919182,0.09043703372628878
0.030303030303030498,-0.19191919191919182,0.01184232384897757
0.05050505050505061,-0.19191919191919182,-0.12353105996366334
0.07070707070707072,-0.19191919191919182,0.2876951321997821
0.09090909090909105,-0.19191919191919182,-0.4017566879690275
0.11111111111111116,-0.19191919191919182,0.15808122364591676
0.1313131313131315,-0.19191919191919182,-0.1334743960263615
0.1515151515151516,-0.19191919191919182,0.06580306493195529
0.1717171717171717,-0.19191919191919182,0.28421523643280044
0.19191919191919204,-0.19191919191919182,0.25851017828685774
0.21212121212121215,-0.19191919191919182,-0.05674760726398439
0.2323232323232325,-0.19191919191919182,-0.1900738504042549
0.2525252525252526,-0.19191919191919182,0.28397452661665457
0.27272727272727293,-0.19191919191919182,-0.16833615413988098
0.29292929292929304,-0.19191919191919182,0.22009762656653026
0.31313131313131315,-0.19191919191919182,0.309584972227648
0.3333333333333335,-0.19191919191919182,0.25088495362752417
0.3535353535353536,-0.19191919191919182,-0.21072850430947188
0.3737373737373739,-0.19191919191919182,0.054652421877974706
0.39393939393939403,-0.19191919191919182,0.23215749939057184
0.41414141414141437,-0.19191919191919182,-0.23332561406729652
0.4343434343434345,-0.19191919191919182,0.018029489493830902
0.4545454545454546,-0.19191919191919182,0.1965012766044723
0.4747474747474749,-0.19191919191919182,0.4795672741155634
0.49494949494949503,-0.19191919191919182,0.22584995742503203
0.5151515151515154,-0.19191919191919182,0.15723611469641513
0.5353535353535355,-0.19191919191919182,0.37527564194890817
0.5555555555555556,-0.19191919191919182,0.5067244728410231
0.5757575757575759,-0.19191919191919182,0.5314098703978742
0.595959595959596,-0.19191919191919182,0.5150949342295726
0.6161616161616164,-0.19191919191919182,0.12408110743963707
0.6363636363636365,-0.19191919191919182,0.5386148312996064
0.6565656565656568,-0.19191919191919182,0.7699949414322599
0.6767676767676769,-0.19191919191919182,0.15702807401079671
0.696969696969697,-0.19191919191919182,0.723785147857372
0.7171717171717173,-0.19191919191919182,0.20024109801639872
0.7373737373737375,-0.19191919191919182,1.0564465641141212
0.7575757575757578,-0.19191919191919182,0.44593066186532143
0.7777777777777779,-0.19191919191919182,0.8309425483392896
0.7979797979797982,-0.19191919191919182,0.6978629740567698
0.8181818181818183,-0.19191919191919182,0.44901175100446195
0.8383838383838385,-0.19191919191919182,1.085221965641187
0.8585858585858588,-0.19191919191919182,0.3394029285686207
0.8787878787878789,-0.19191919191919182,0.7144449135206087
0.8989898989898992,-0.19191919191919182,0.6627100949115367
0.9191919191919193,-0.19191919191919182,0.37593224882828974
0.9393939393939394,-0.19191919191919182,0.8245923540430252
0.9595959595959598,-0.19191919191919182,0.7360176048808174
0.9797979797979799,-0.19191919191919182,0.9191326363731729
1.0,-0.19191919191919182,0.7647319882771131
-1.0,-0.1717171717171716,1.1967959515354258
-0.9797979797979798,-0.1717171717171716,0.7357782341767292
-0.9595959595959596,-0.1717171717171716,0.783957248562469
-0.9393939393939394,-0.1717171717171716,1.0617067773869753
-0.9191919191919192,-0.1717171717171716,0.7014728713136335
-0.898989898989899,-0.1717171717171716,0.6498990542348172
-0.8787878787878788,-0.1717171717171716,0.48797154777511215
-0.8585858585858586,-0.1717171717171716,0.7579761193012425
-0.8383838383838383,-0.1717171717171716,0.4715595229580415
-0.8181818181818181,-0.1717171717171716,0.6145347597629214
-0.797979797979798,-0.1717171717171716,0.5895944233776741
-0.7777777777777778,-0.1717171717171716,0.2350569516253771
-0.7575757575757576,-0.1717171717171716,0.6574633579695944
-0.7373737373737373,-0.1717171717171716,0.5692066003743146
-0.7171717171717171,-0.1717171717171716,0.633655110955182
-0.696969696969697,-0.1717171717171716,0.3341367709976101
-0.6767676767676767,-0.1717171717171716,0.5781822360634026
-0.6565656565656566,-0.1717171717171716,0.39478708643661187
-0.6363636363636364,-0.1717171717171716,0.4057991668847666
-0.6161616161616161,-0.1717171717171716,0.368435598035304
-0.5959595959595959,-0.1717171717171716,0.27307429933172805
-0.5757575757575757,-0.1717171717171716,0.08961607111447006
-0.5555555555555556,-0.1717171717171716,0.5164154434921207
-0.5353535353535352,-0.1717171717171716,0.48464804421790286
-0.5151515151515151,-0.1717171717171716,0.36185398638551125
-0.4949494949494949,-0.1717171717171716,0.38723040585612595
-0.4747474747474747,-0.1717171717171716,0.2530368241964079
-0.4545454545454545,-0.1717171717171716,0.47641595795112746
-0.43434343434343425,-0.1717171717171716,0.20560062097450876
-0.41414141414141414,-0.1717171717171716,0.12451906013018016
-0.3939393939393939,-0.1717171717171716,-0.015020659248936419
-0.3737373737373737,-0.1717171717171716,0.22787192424459804
-0.3535353535353535,-0.1717171717171716,0.1768069447165363
-0.33333333333333326,-0.1717171717171716,-0.059377897231372975
-0.31313131313131304,-0.1717171717171716,-0.3242728137999325
-0.2929292929292928,-0.1717171717171716,0.22970564611056182
-0.2727272727272727,-0.1717171717171716,-0.1406339165039049
-0.2525252525252525,-0.1717171717171716,0.21310190215747934
-0.23232323232323226,-0.1717171717171716,-0.07966159161757995
-0.21212121212121204,-0.1717171717171716,0.11851845026991571
-0.19191919191919182,-0.1717171717171716,-0.08629394446258332
-0.1717171717171716,-0.1717171717171716,0.3629890671396301
-0.1515151515151515,-0.1717171717171716,0.2539715568539095
-0.13131313131313127,-0.1717171717171716,0.17267935437153817
-0.11111111111111105,-0.1717171717171716,-0.08086432251722186
-0.09090909090909083,-0.1717171717171716,-0.3719501342041107
-0.07070707070707061,-0.1717171717171716,0.0587640837116453
-0.050505050505050386,-0.1717171717171716,-0.0543597378300941
-0.030303030303030276,-0.1717171717171716,0.016836482368780183
-0.010101010101010055,-0.1717171717171716,-0.08608778175230526
0.010101010101010166,-0.1717171717171716,-0.1348941128860575
0.030303030303030498,-0.1717171717171716,0.28040859801657353
0.05050505050505061,-0.1717171717171716,0.2252897698773276
0.07070707070707072,-0.1717171717171716,-0.12905570309584977
0.09090909090909105,-0.1717171717171716,0.018285720460006885
0.11111111111111116,-0.1717171717171716,0.2841779230232581
0.1313131313131315,-0.1717171717171716,0.48825755040855856
0.1515151515151516,-0.1717171717171716,-0.3179873316074775
0.1717171717171717,-0.1717171717171716,0.11159934828878952
0.19191919191919204,-0.1717171717171716,0.017458432835817682
0.21212121212121215,-0.1717171717171716,-0.007627869211203644
0.2323232323232325,-0.1717171717171716,-0.26247020535087234
0.2525252525252526,-0.1717171717171716,0.0028867305549718156
0.27272727272727293,-0.1717171717171716,0.0786033382312864
0.29292929292929304,-0.1717171717171716,-0.11364317445007699
0.31313131313131315,-0.1717171717171716,-0.08043488782576833
0.3333333333333335,-0.1717171717171716,-0.08517305573859121
0.3535353535353536,-0.1717171717171716,-0.11692714743240899
0.3737373737373739,-0.1717171717171716,0.05576639590868588
0.39393939393939403,-0.1717171717171716,-0.2716418961153193
0.41414141414141437,-0.1717171717171716,0.3222782314921907
0.4343434343434345,-0.1717171717171716,-0.012957812311166383
0.4545454545454546,-0.1717171717171716,0.06117711018613932
0.4747474747474749,-0.1717171717171716,-0.22366417651959544
0.49494949494949503,-0.1717171717171716,0.39528556175643925
0.5151515151515154,-0.1717171717171716,0.1675346005950227
0.5353535353535355,-0.1717171717171716,0.47419452809295004
0.5555555555555556,-0.1717171717171716,0.25846352033286424
0.5757575757575759,-0.1717171717171716,0.11154975683145818
0.595959595959596,-0.1717171717171716,0.5511613671346819
0.6161616161616164,-0.1717171717171716,0.3627157473923487
0.6363636363636365,-0.1717171717171716,0.36435830761968974
0.6565656565656568,-0.1717171717171716,0.3181960768638794
0.6767676767676769,-0.1717171717171716,0.5330591815022405
0.696969696969697,-0.1717171717171716,0.4158893235438733
0.7171717171717173,-0.1717171717171716,0.6909773335162889
0.7373737373737375,-0.1717171717171716,0.05314569597882596
0.7575757575757578,-0.1717171717171716,0.34231431621517305
0.7777777777777779,-0.1717171717171716,0.6424527058329434
0.7979797979797982,-0.1717171717171716,0.4154307554057075
0.8181818181818183,-0.1717171717171716,0.449400499567402
0.8383838383838385,-0.1717171717171716,0.896735870737345
0.8585858585858588,-0.1717171717171716,0.9207822954050696
0.8787878787878789,-0.1717171717171716,0.6997181621307734
0.8989898989898992,-0.1717171717171716,0.715735734916784
0.9191919191919193,-0.1717171717171716,0.9806831335986557
0.9393939393939394,-0.1717171717171716,0.7179119313607489
0.9595959595959598,-0.1717171717171716,1.0062764732409764
0.9797979797979799,-0.1717171717171716,0.7765294190405744
1.0,-0.1717171717171716,0.9914577388790311
-1.0,-0.1515151515151515,0.9390879813605186
-0.9797979797979798,-0.1515151515151515,1.3365249583339835
-0.9595959595959596,-0.1515151515151515,0.5479091333901038
-0.9393939393939394,-0.1515151515151515,0.6186156987222498
-0.9191919191919192,-0.1515151515151515,0.778879677908932
-0.898989898989899,-0.1515151515151515,0.6241282174665362
-0.8787878787878788,-0.1515151515151515,0.5559547578941865
-0.8585858585858586,-0.1515151515151515,0.6731491110457232
-0.8383838383838383,-0.1515151515151515,0.9734822992874874
-0.8181818181818181,-0.1515151515151515,0.48945629019408027
-0.797979797979798,-0.1515151515151515,0.45413876781491513
-0.7777777777777778,-0.1515151515151515,0.7708594822561201
-0.7575757575757576,-0.1515151515151515,0.3155691988159006
-0.7373737373737373,-0.1515151515151515,0.5378189887148784
-0.7171717171717171,-0.1515151515151515,0.5328713411048713
-0.696969696969697,-0.1515151515151515,0.5828751294358374
-0.6767676767676767,-0.1515151515151515,0.33426404647320385
-0.6565656565656566,-0.1515151515151515,0.6584079157032913
-0.6363636363636364,-0.1515151515151515,0.37811272849065886
-0.6161616161616161,-0.1515151515151515,0.2759132246644766
-0.5959595959595959,-0.1515151515151515,0.37095731915301805
-0.5757575757575757,-0.1515151515151515,-0.056193119517145285
-0.5555555555555556,-0.1515151515151515,0.2576717658785487
-0.5353535353535352,-0.1515151515151515,0.4494958550479379
-0.5151515151515151,-0.1515151515151515,0.3686203975535064
-0.4949494949494949,-0.1515151515151515,0.5283845503080884
-0.4747474747474747,-0.1515151515151515,0.27248114172385074
-0.4545454545454545,-0.1515151515151515,0.36281272882114435
-0.43434343434343425,-0.1515151515151515,-0.22014248026908864
-0.41414141414141414,-0.1515151515151515,0.13706822041418068
-0.3939393939393939,-0.1515151515151515,0.16199533469841085
-0.3737373737373737,-0.1515151515151515,-0.0711759557423624
-0.3535353535353535,-0.1515151515151515,0.0010912013403733545
-0.33333333333333326,-0.1515151515151515,0.0005857095174188337
-0.31313131313131304,-0.1515151515151515,0.002361734532439111
-0.2929292929292928,-0.1515151515151515,0.03563681689074219
-0.2727272727272727,-0.1515151515151515,0.33704257550679234
-0.2525252525252525,-0.1515151515151515,-0.15869801471499767
-0.23232323232323226,-0.1515151515151515,-0.4931806836622209
-0.21212121212121204,-0.1515151515151515,0.11809492278544652
-0.19191919191919182,-0.1515151515151515,0.29920518256674977
-0.1717171717171716,-0.1515151515151515,-0.15484550946999304
-0.1515151515151515,-0.1515151515151515,-0.015003589249804336
-0.13131313131313127,-0.1515151515151515,0.30510682401965905
-0.11111111111111105,-0.1515151515151515,-0.16318447951727627
-0.09090909090909083,-0.1515151515151515,-0.4356891405777006
-0.07070707070707061,-0.1515151515151515,0.06038115778240338
-0.050505050505050386,-0.1515151515151515,0.05044911463417066
-0.030303030303030276,-0.1515151515151515,0.04376016817378602
-0.010101010101010055,-0.1515151515151515,0.08526373722252895
0.010101010101010166,-0.1515151515151515,0.09784124039945054
0.030303030303030498,-0.1515151515151515,0.28824212225158646
0.05050505050505061,-0.1515151515151515,0.13407025285193414
0.07070707070707072,-0.1515151515151515,-0.09077376881087766
0.09090909090909105,-0.1515151515151515,-0.29702589141354446
0.11111111111111116,-0.1515151515151515,0.1964631161054848
0.1313131313131315,-0.1515151515151515,-0.1027847223814174
0.1515151515151516,-0.1515151515151515,0.11712427699646513
0.1717171717171717,-0.1515151515151515,0.491763561820093
0.19191919191919204,-0.1515151515151515,-0.12713466353220143
0.21212121212121215,-0.1515151515151515,0.1526845102355121
0.2323232323232325,-0.1515151515151515,0.0103770503638754
0.2525252525252526,-0.1515151515151515,-0.33015516698929587
0.27272727272727293,-0.1515151515151515,-0.024524881675364013
0.29292929292929304,-0.1515151515151515,0.0015629947610109954
0.31313131313131315,-0.1515151515151515,-0.2993659097011311
0.3333333333333335,-0.1515151515151515,0.026838625970533554
0.3535353535353536,-0.1515151515151515,0.06577741005170719
0.3737373737373739,-0.1515151515151515,0.2629003635737011
0.39393939393939403,-0.1515151515151515,-0.17770906186916033
0.41414141414141437,-0.1515151515151515,0.13035694527626657
0.4343434343434345,-0.1515151515151515,-0.09208895664373329
0.4545454545454546,-0.1515151515151515,0.11662854763876736
0.4747474747474749,-0.1515151515151515,0.5440969780512357
0.49494949494949503,-0.1515151515151515,0.48476321070628464
0.5151515151515154,-0.1515151515151515,0.06085804350434215
0.5353535353535355,-0.1515151515151515,0.06155216539228692
0.5555555555555556,-0.1515151515151515,0.3732249283567597
0.5757575757575759,-0.1515151515151515,0.43546437076634337
0.595959595959596,-0.1515151515151515,0.07120390153564032
0.6161616161616164,-0.1515151515151515,0.49558238233717394
0.6363636363636365,-0.1515151515151515,0.49686502744160477
0.6565656565656568,-0.1515151515151515,0.3936490192042183
0.6767676767676769,-0.1515151515151515,0.18995096851122156
0.696969696969697,-0.1515151515151515,0.743298982397254
0.7171717171717173,-0.1515151515151515,0.30563916659057366
0.7373737373737375,-0.1515151515151515,0.6119875001447811
0.7575757575757578,-0.1515151515151515,0.27580921886439785
0.7777777777777779,-0.1515151515151515,0.913072665037678
0.7979797979797982,-0.1515151515151515,0.7771423092202753
0.8181818181818183,-0.1515151515151515,0.6535846442534772
0.8383838383838385,-0.1515151515151515,0.6935954956834869
0.8585858585858588,-0.1515151515151515,0.5149415205679952
0.8787878787878789,-0.1515151515151515,0.7054302120673085
0.8989898989898992,-0.1515151515151515,0.5188761791361765
0.9191919191919193,-0.1515151515151515,0.8184139531249124
0.9393939393939394,-0.1515151515151515,0.8734237273669007
0.9595959595959598,-0.1515151515151515,1.3292762742432167
0.9797979797979799,-0.1515151515151515,0.843882538691124
1.0,-0.1515151515151515,0.9736740446477565
-1.0,-0.13131313131313127,0.7962071303474799
-0.9797979797979798,-0.13131313131313127,0.9269301469062745
-0.9595959595959596,-0.13131313131313127,0.8766992022214112
-0.9393939393939394,-0.13131313131313127,0.6765109400866461
-0.9191919191919192,-0.13131313131313127,0.6977841707633525
-0.898989898989899,-0.13131313131313127,0.5121553024052672
-0.8787878787878788,-0.13131313131313127,0.7163644621439708
-0.8585858585858586,-0.13131313131313127,0.61338046867259
-0.8383838383838383,-0.13131313131313127,0.6332186288742258
-0.8181818181818181,-0.13131313131313127,0.81607933402446
-0.797979797979798,-0.13131313131313127,1.11862381165999
-0.7777777777777778,-0.13131313131313127,0.5695980923163649
-0.7575757575757576,-0.13131313131313127,0.3248807084465752
-0.7373737373737373,-0.13131313131313127,0.6693826070825412
-0.7171717171717171,-0.13131313131313127,0.4697729255418988
-0.696969696969697,-0.13131313131313127,0.7702391173084113
-0.6767676767676767,-0.13131313131313127,0.28138853820459725
-0.6565656565656566,-0.13131313131313127,0.4551702272028339
-0.6363636363636364,-0.13131313131313127,0.45188454166597036
-0.6161616161616161,-0.13131313131313127,0.18144631958940163
-0.5959595959595959,-0.13131313131313127,0.21010564980924956
-0.5757575757575757,-0.13131313131313127,0.27654258805384135
-0.5555555555555556,-0.13131313131313127,-0.019228273301084065
-0.5353535353535352,-0.13131313131313127,0.27683047882832695
-0.5151515151515151,-0.13131313131313127,0.4049989005317203
-0.4949494949494949,-0.13131313131313127,0.21208556965765862
-0.4747474747474747,-0.13131313131313127,0.39731523998034196
-0.4545454545454545,-0.13131313131313127,0.15414889076976446
-0.43434343434343425,-0.13131313131313127,0.33116112754534577
-0.41414141414141414,-0.13131313131313127,0.2722556331898926
-0.3939393939393939,-0.13131313131313127,0.16494668166601267
-0.3737373737373737,-0.13131313131313127,0.20580946478631126
-0.3535353535353535,-0.13131313131313127,-0.243990904220596
-0.33333333333333326,-0.13131313131313127,0.35550047645056265
-0.31313131313131304,-0.13131313131313127,0.39838719178800247
-0.2929292929292928,-0.13131313131313127,0.10453248495972065
-0.2727272727272727,-0.13131313131313127,0.06705427492168523
-0.2525252525252525,-0.13131313131313127,0.11144825811159483
-0.23232323232323226,-0.13131313131313127,0.04884838670480863
-0.21212121212121204,-0.13131313131313127,0.02596891267122681
-0.19191919191919182,-0.13131313131313127,0.192251316381462
-0.1717171717171716,-0.13131313131313127,0.008910704122455504
-0.1515151515151515,-0.13131313131313127,0.25864865591693253
-0.13131313131313127,-0.13131313131313127,0.196170901038362
-0.11111111111111105,-0.13131313131313127,0.050741447929373906
-0.09090909090909083,-0.13131313131313127,-0.3913664251238379
-0.07070707070707061,-0.13131313131313127,-0.023801426936017223
-0.050505050505050386,-0.13131313131313127,0.21437400151534686
-0.030303030303030276,-0.13131313131313127,0.14444152538551466
-0.010101010101010055,-0.13131313131313127,-0.2719056552199835
0.010101010101010166,-0.13131313131313127,-0.04732496231364457
0.030303030303030498,-0.13131313131313127,0.43490628786525365
0.05050505050505061,-0.13131313131313127,-0.0030701746179082057
0.07070707070707072,-0.13131313131313127,0.12725912503535602
0.09090909090909105,-0.13131313131313127,0.10619118224099794
0.11111111111111116,-0.13131313131313127,0.3581107960983988
0.1313131313131315,-0.13131313131313127,0.23499401074735957
0.1515151515151516,-0.13131313131313127,0.4253729406179919
0.1717171717171717,-0.13131313131313127,-0.21481813450248083
0.19191919191919204,-0.13131313131313127,-0.21849046363867386
0.21212121212121215,-0.13131313131313127,0.38254468000245906
0.2323232323232325,-0.13131313131313127,0.2871221489123072
0.2525252525252526,-0.13131313131313127,-0.15488013351738933
0.27272727272727293,-0.13131313131313127,-0.012356990060844578
0.29292929292929304,-0.13131313131313127,0.24615209361352744
0.31313131313131315,-0.13131313131313127,0.09855358254671027
0.3333333333333335,-0.13131313131313127,0.09565936292820197
0.3535353535353536,-0.13131313131313127,-0.1823052356182175
0.3737373737373739,-0.13131313131313127,-0.2307319947195725
0.39393939393939403,-0.13131313131313127,0.4862162018903804
0.41414141414141437,-0.13131313131313127,-0.15851385605883536
0.4343434343434345,-0.13131313131313127,-0.05172988641165577
0.4545454545454546,-0.13131313131313127,0.13500403975567143
0.4747474747474749,-0.13131313131313127,0.18625619153839618
0.49494949494949503,-0.13131313131313127,-0.21439923976426178
0.5151515151515154,-0.13131313131313127,0.30093722510372356
0.5353535353535355,-0.13131313131313127,0.2182086627166908
0.5555555555555556,-0.13131313131313127,0.5133040716023743
0.5757575757575759,-0.13131313131313127,0.319289590203141
0.595959595959596,-0.13131313131313127,0.3205827843701935
0.6161616161616164,-0.13131313131313127,0.35453417677674665
0.6363636363636365,-0.13131313131313127,0.14103514864290131
0.6565656565656568,-0.13131313131313127,0.5330524018850632
0.6767676767676769,-0.13131313131313127,0.3321412562283391
0.696969696969697,-0.13131313131313127,0.3583448501692907
0.7171717171717173,-0.13131313131313127,0.1585651989523345
0.7373737373737375,-0.13131313131313127,0.5024274118405504
0.7575757575757578,-0.13131313131313127,0.562258845442716
0.7777777777777779,-0.13131313131313127,0.5198237427346162
0.7979797979797982,-0.13131313131313127,0.9318831530778964
0.8181818181818183,-0.13131313131313127,0.9342057056392151
0.8383838383838385,-0.13131313131313127,0.8664822112575555
0.8585858585858588,-0.13131313131313127,1.1817496891625496
0.8787878787878789,-0.13131313131313127,0.7283005472620937
0.8989898989898992,-0.13131313131313127,0.6195299447677435
0.9191919191919193,-0.13131313131313127,0.9541676293695679
0.9393939393939394,-0.13131313131313127,0.9009370699096716
0.9595959595959598,-0.13131313131313127,0.6980789884850446
0.9797979797979799,-0.13131313131313127,1.2084931803514123
1.0,-0.13131313131313127,0.9051934510041532
-1.0,-0.11111111111111105,0.7907873229524786
-0.9797979797979798,-0.11111111111111105,0.7493415570895658
-0.9595959595959596,-0.11111111111111105,0.7032144909364031
-0.9393939393939394,-0.11111111111111105,1.3218228676626733
-0.9191919191919192,-0.11111111111111105,1.048475957213979
-0.898989898989899,-0.11111111111111105,0.7032259266116857
-0.8787878787878788,-0.11111111111111105,0.2701843676796926
-0.8585858585858586,-0.11111111111111105,0.7432147527658212
-0.8383838383838383,-0.11111111111111105,0.5624821922218035
-0.8181818181818181,-0.11111111111111105,0.4620545141604443
-0.797979797979798,-0.11111111111111105,0.6096189954582385
-0.7777777777777778,-0.11111111111111105,0.750644975432287
-0.7575757575757576,-0.11111111111111105,0.4100654202053221
-0.7373737373737373,-0.11111111111111105,0.5687584609770066
-0.7171717171717171,-0.11111111111111105,0.18083516300119268
-0.696969696969697,-0.11111111111111105,0.4970254715387746
-0.6767676767676767,-0.11111111111111105,0.0846282081098707
-0.6565656565656566,-0.11111111111111105,0.208762571034517
-0.6363636363636364,-0.11111111111111105,0.40339000374870565
-0.6161616161616161,-0.11111111111111105,0.3287594417000807
-0.5959595959595959,-0.11111111111111105,0.3176236798535568
-0.5757575757575757,-0.11111111111111105,0.31087914480000295
-0.5555555555555556,-0.11111111111111105,0.21067151186323932
-0.5353535353535352,-0.11111111111111105,0.25720361962688487
-0.5151515151515151,-0.11111111111111105,0.31626949991142217
-0.4949494949494949,-0.11111111111111105,0.12909864303921464
-0.4747474747474747,-0.11111111111111105,-0.17185617187086133
-0.4545454545454545,-0.11111111111111105,0.04607351600283252
-0.43434343434343425,-0.11111111111111105,0.474348342205288
-0.41414141414141414,-0.11111111111111105,0.46256528693660626
-0.3939393939393939,-0.11111111111111105,0.017192445735009554
-0.3737373737373737,-0.11111111111111105,0.23873055743006305
-0.3535353535353535,-0.11111111111111105,0.5487378335411401
-0.33333333333333326,-0.11111111111111105,0.3377287499236119
-0.31313131313131304,-0.11111111111111105,0.002619629899489828
-0.2929292929292928,-0.11111111111111105,-0.08915601301127471
-0.2727272727272727,-0.11111111111111105,-0.1898162234289638
-0.2525252525252525,-0.11111111111111105,0.5380986852714684
-0.23232323232323226,-0.11111111111111105,-0.11963946086406327
-0.21212121212121204,-0.11111111111111105,0.10212158503503457
-0.19191919191919182,-0.11111111111111105,-0.028103805107156446
-0.1717171717171716,-0.11111111111111105,0.03180400710728169
-0.1515151515151515,-0.11111111111111105,0.23977337388847103
-0.13131313131313127,-0.11111111111111105,0.4558230999507658
-0.11111111111111105,-0.11111111111111105,-0.001421680771854916
-0.09090909090909083,-0.11111111111111105,0.4728246301053725
-0.07070707070707061,-0.11111111111111105,0.3857277079528954
-0.050505050505050386,-0.11111111111111105,-0.32024371551424546
-0.030303030303030276,-0.11111111111111105,0.17378428422504483
-0.010101010101010055,-0.11111111111111105,0.06994886354898446
0.010101010101010166,-0.11111111111111105,0.13663748941986997
0.030303030303030498,-0.11111111111111105,-0.17929995929175035
0.05050505050505061,-0.11111111111111105,0.25668605603041433
0.07070707070707072,-0.11111111111111105,0.19841209450318292
0.09090909090909105,-0.11111111111111105,-0.10774140244232235
0.11111111111111116,-0.11111111111111105,0.2876500842034097
0.1313131313131315,-0.11111111111111105,0.234836700027488
0.1515151515151516,-0.11111111111111105,0.07593234187582298
0.1717171717171717,-0.11111111111111105,0.58683334936087
0.19191919191919204,-0.11111111111111105,-0.15509692817582088
0.21212121212121215,-0.11111111111111105,0.12125522907040034
0.2323232323232325,-0.11111111111111105,-0.09899445635253107
0.2525252525252526,-0.11111111111111105,0.0901294651488387
0.27272727272727293,-0.11111111111111105,-0.1588726714605449
0.29292929292929304,-0.11111111111111105,0.13996692060420324
0.31313131313131315,-0.11111111111111105,0.07072108711405835
0.3333333333333335,-0.11111111111111105,-0.03130305354997402
0.3535353535353536,-0.11111111111111105,0.3261594269167527
0.3737373737373739,-0.11111111111111105,0.553171840827704
0.39393939393939403,-0.11111111111111105,-0.16123537377731262
0.41414141414141437,-0.11111111111111105,0.36133646239901795
0.4343434343434345,-0.11111111111111105,0.39603298058318637
0.4545454545454546,-0.11111111111111105,-0.05815491274362
0.4747474747474749,-0.11111111111111105,0.3930863191538454
0.49494949494949503,-0.11111111111111105,-0.02792301860456181
0.5151515151515154,-0.11111111111111105,0.22421022186021006
0.5353535353535355,-0.11111111111111105,0.46848308510821446
0.5555555555555556,-0.11111111111111105,0.43129240605730496
0.5757575757575759,-0.11111111111111105,0.6510359968178479
0.595959595959596,-0.11111111111111105,0.11611866431709483
0.6161616161616164,-0.11111111111111105,0.4972187241014361
0.6363636363636365,-0.11111111111111105,0.35600420937735305
0.6565656565656568,-0.11111111111111105,0.26642381083639644
0.6767676767676769,-0.11111111111111105,0.4967513093270131
0.696969696969697,-0.11111111111111105,0.46322955733059545
0.7171717171717173,-0.11111111111111105,0.572488247546586
0.7373737373737375,-0.11111111111111105,0.2798652915772552
0.7575757575757578,-0.11111111111111105,0.6180628143569177
0.7777777777777779,-0.11111111111111105,0.6283181853011176
0.7979797979797982,-0.11111111111111105,0.5688029940548653
0.8181818181818183,-0.11111111111111105,1.0068907462292875
0.8383838383838385,-0.11111111111111105,0.8720904567466189
0.8585858585858588,-0.11111111111111105,0.4317892810803031
0.8787878787878789,-0.11111111111111105,0.4545201778291783
0.8989898989898992,-0.11111111111111105,0.9640101530415711
0.9191919191919193,-0.11111111111111105,0.8864147843964961
0.9393939393939394,-0.11111111111111105,0.8896617615364892
0.9595959595959598,-0.11111111111111105,0.7263762518798749
0.9797979797979799,-0.11111111111111105,0.8053243251830207
1.0,-0.11111111111111105,0.8526123982565716
-1.0,-0.09090909090909083,1.039329669440709
-0.9797979797979798,-0.09090909090909083,0.8871998629257871
-0.9595959595959596,-0.09090909090909083,0.7865691865781332
-0.9393939393939394,-0.09090909090909083,0.9364824498225518
-0.9191919191919192,-0.09090909090909083,0.9802368211697977
-0.898989898989899,-0.09090909090909083,1.114601148797216
-0.8787878787878788,-0.09090909090909083,1.139590895519706
-0.8585858585858586,-0.09090909090909083,0.7738541166050479
-0.8383838383838383,-0.09090909090909083,0.5004844611407818
-0.8181818181818181,-0.09090909090909083,0.571986048563254
-0.797979797979798,-0.09090909090909083,0.5470221655858993
-0.7777777777777778,-0.09090909090909083,0.31834976444247753
-0.7575757575757576,-0.09090909090909083,0.4950524898216023
-0.7373737373737373,-0.09090909090909083,0.8307656755259327
-0.7171717171717171,-0.09090909090909083,0.4904858803563708
-0.696969696969697,-0.09090909090909083,0.318514141245694
-0.6767676767676767,-0.09090909090909083,0.6933893252338024
-0.6565656565656566,-0.09090909090909083,0.6557380845470184
-0.6363636363636364,-0.09090909090909083,0.44471586987288797
-0.6161616161616161,-0.09090909090909083,0.4258803100560628
-0.5959595959595959,-0.09090909090909083,0.6010094981578127
-0.5757575757575757,-0.09090909090909083,0.5802131579465448
-0.5555555555555556,-0.09090909090909083,0.09407047982660999
-0.5353535353535352,-0.09090909090909083,0.44782318622844175
-0.5151515151515151,-0.09090909090909083,0.3804411838492086
-0.4949494949494949,-0.09090909090909083,0.07550516829791976
-0.4747474747474747,-0.09090909090909083,0.2952905825302551
-0.4545454545454545,-0.09090909090909083,0.23782283290702547
-0.43434343434343425,-0.09090909090909083,0.09471389271735244
-0.41414141414141414,-0.09090909090909083,0.07219520050635934
-0.3939393939393939,-0.09090909090909083,0.13070104853644066
-0.3737373737373737,-0.09090909090909083,0.32016857904485113
-0.3535353535353535,-0.09090909090909083,0.30189659522891027
-0.33333333333333326,-0.09090909090909083,0.29334662294900515
-0.31313131313131304,-0.09090909090909083,0.10722961620423871
-0.2929292929292928,-0.09090909090909083,-0.09802742741072415
-0.2727272727272727,-0.09090909090909083,0.20689510259460428
-0.2525252525252525,-0.09090909090909083,-0.11000113980333594
-0.23232323232323226,-0.09090909090909083,0.18193063732134934
-0.21212121212121204,-0.09090909090909083,0.2449543359675435
-0.19191919191919182,-0.09090909090909083,0.007242052019122626
-0.1717171717171716,-0.09090909090909083,0.07610877507869312
-0.1515151515151515,-0.09090909090909083,-0.3162605307107159
-0.13131313131313127,-0.09090909090909083,-0.24199311124106193
-0.11111111111111105,-0.09090909090909083,-0.27558209265342953
-0.09090909090909083,-0.09090909090909083,-0.052272983353665065
-0.07070707070707061,-0.09090909090909083,-0.13360587848232044
-0.050505050505050386,-0.09090909090909083,0.047888225608618794
-0.030303030303030276,-0.09090909090909083,0.08619792373422963
-0.010101010101010055,-0.09090909090909083,-0.025774767275018415
0.010101010101010166,-0.09090909090909083,0.12838393708940715
0.030303030303030498,-0.09090909090909083,-0.10206165492280744
0.05050505050505061,-0.09090909090909083,-0.12376309249116454
0.07070707070707072,-0.09090909090909083,0.3947327482976808
0.09090909090909105,-0.09090909090909083,0.4758996052077884
0.11111111111111116,-0.09090909090909083,0.02583516858657164
0.1313131313131315,-0.09090909090909083,-0.0554404122863258
0.1515151515151516,-0.09090909090909083,-0.11934722908930714
0.1717171717171717,-0.09090909090909083,-0.06700705157920507
0.19191919191919204,-0.09090909090909083,0.19391196938466088
0.21212121212121215,-0.09090909090909083,-0.09981240593237797
0.2323232323232325,-0.09090909090909083,0.19180928260308988
0.2525252525252526,-0.09090909090909083,-0.1261360782045558
0.27272727272727293,-0.09090909090909083,-0.33119995534151575
0.29292929292929304,-0.09090909090909083,0.3192195694673581
0.31313131313131315,-0.09090909090909083,-0.20586173919370643
0.3333333333333335,-0.09090909090909083,0.33693990220767395
0.3535353535353536,-0.09090909090909083,0.4221342160173982
0.3737373737373739,-0.09090909090909083,0.12987955984161187
0.39393939393939403,-0.09090909090909083,-0.1241153063036908
0.41414141414141437,-0.09090909090909083,0.3047092059066238
0.4343434343434345,-0.09090909090909083,0.2969997501156339
0.4545454545454546,-0.09090909090909083,0.6076945616668392
0.4747474747474749,-0.09090909090909083,0.21736403918767527
0.49494949494949503,-0.09090909090909083,0.1963329798836814
0.5151515151515154,-0.09090909090909083,0.6150891897206898
0.5353535353535355,-0.09090909090909083,-0.020688493648959527
0.5555555555555556,-0.09090909090909083,0.025203798734353133
0.5757575757575759,-0.09090909090909083,0.3343528941422659
0.595959595959596,-0.09090909090909083,0.19834423995060285
0.6161616161616164,-0.09090909090909083,0.6878067217785604
0.6363636363636365,-0.09090909090909083,0.22665704450076313
0.6565656565656568,-0.09090909090909083,0.5933458473230874
0.6767676767676769,-0.09090909090909083,0.4871240709112154
0.696969696969697,-0.09090909090909083,0.5723451531709559
0.7171717171717173,-0.09090909090909083,0.7126842557959119
0.7373737373737375,-0.09090909090909083,0.9037539766242182
0.7575757575757578,-0.09090909090909083,0.34964715314294614
0.7777777777777779,-0.09090909090909083,0.4554550251641043
0.7979797979797982,-0.09090909090909083,0.6268635921489691
0.8181818181818183,-0.09090909090909083,0.6746114589120246
0.8383838383838385,-0.09090909090909083,0.4933837222119961
0.8585858585858588,-0.09090909090909083,0.5133004085150183
0.8787878787878789,-0.09090909090909083,0.9147012358095259
0.8989898989898992,-0.09090909090909083,0.6208348189807873
0.9191919191919193,-0.09090909090909083,0.6719394397821117
0.9393939393939394,-0.09090909090909083,0.9200960408317559
0.9595959595959598,-0.09090909090909083,0.5401812997106892
0.9797979797979799,-0.09090909090909083,0.9089782859854849
1.0,-0.09090909090909083,0.8081044503532968
-1.0,-0.07070707070707061,1.1866663439845277
-0.9797979797979798,-0.07070707070707061,1.1650568297489805
-0.9595959595959596,-0.07070707070707061,0.6245531124632562
-0.9393939393939394,-0.07070707070707061,0.9567018152649602
-0.9191919191919192,-0.07070707070707061,1.1840842251190766
-0.898989898989899,-0.07070707070707061,1.0315859762094197
-0.8787878787878788,-0.07070707070707061,0.3713315226171874
-0.8585858585858586,-0.07070707070707061,0.6108077860542598
-0.8383838383838383,-0.07070707070707061,0.5919608649347088
-0.8181818181818181,-0.07070707070707061,0.45467223784038613
-0.797979797979798,-0.07070707070707061,0.6911860508536148
-0.7777777777777778,-0.07070707070707061,0.3847749169485202
-0.7575757575757576,-0.07070707070707061,0.5409179963909998
-0.7373737373737373,-0.07070707070707061,0.7815151066590207
-0.7171717171717171,-0.07070707070707061,0.4778894818464587
-0.696969696969697,-0.07070707070707061,0.6348728247237196
-0.6767676767676767,-0.07070707070707061,0.7640422968862385
-0.6565656565656566,-0.07070707070707061,0.43612777710075895
-0.6363636363636364,-0.07070707070707061,0.1969455270462415
-0.6161616161616161,-0.07070707070707061,0.05309141261439626
-0.5959595959595959,-0.07070707070707061,0.407974137935015
-0.5757575757575757,-0.07070707070707061,0.38737691088400555
-0.5555555555555556,-0.07070707070707061,0.19602158500057615
-0.5353535353535352,-0.07070707070707061,-0.11957895834434068
-0.5151515151515151,-0.07070707070707061,0.12073932219101777
-0.4949494949494949,-0.07070707070707061,0.48113389220564595
-0.4747474747474747,-0.07070707070707061,0.11232040439758434
-0.4545454545454545,-0.07070707070707061,0.08171635640200302
-0.43434343434343425,-0.07070707070707061,0.24986721040508478
-0.41414141414141414,-0.07070707070707061,0.11810868836537283
-0.3939393939393939,-0.07070707070707061,0.06061666214135797
-0.3737373737373737,-0.07070707070707061,0.015081208849822336
-0.3535353535353535,-0.07070707070707061,-0.12856752179394532
-0.33333333333333326,-0.07070707070707061,0.2675204998467518
-0.31313131313131304,-0.07070707070707061,0.21159623933738358
-0.2929292929292928,-0.07070707070707061,-0.08361822849023497
-0.2727272727272727,-0.07070707070707061,-0.011954349128090833
-0.2525252525252525,-0.07070707070707061,0.4210625840762003
-0.23232323232323226,-0.07070707070707061,-0.5140414767009485
-0.21212121212121204,-0.07070707070707061,0.0317702356596607
-0.19191919191919182,-0.07070707070707061,-0.288838412352118
-0.1717171717171716,-0.07070707070707061,0.22634958925345186
-0.1515151515151515,-0.07070707070707061,0.30024037466451403
-0.13131313131313127,-0.07070707070707061,-0.09054546541598561
-0.11111111111111105,-0.07070707070707061,0.04286689585981902
-0.09090909090909083,-0.07070707070707061,-0.3383237713798548
-0.07070707070707061,-0.07070707070707061,-0.0009948108895338572
-0.050505050505050386,-0.07070707070707061,-0.21644528373874228
-0.030303030303030276,-0.07070707070707061,0.2890806148873127
-0.010101010101010055,-0.07070707070707061,-0.04608945114338156
0.010101010101010166,-0.07070707070707061,0.04744413956354232
0.030303030303030498,-0.07070707070707061,0.0017794075387920529
0.05050505050505061,-0.07070707070707061,-0.3026500984161515
0.07070707070707072,-0.07070707070707061,-0.08376220734091405
0.09090909090909105,-0.07070707070707061,-0.11077025286022736
0.11111111111111116,-0.07070707070707061,-0.12772378035746568
0.1313131313131315,-0.07070707070707061,0.23598070416288758
0.1515151515151516,-0.07070707070707061,-0.2552979578837383
0.1717171717171717,-0.07070707070707061,-0.20343480025535468
0.19191919191919204,-0.07070707070707061,-0.19757977248351724
0.21212121212121215,-0.07070707070707061,0.24574943962586396
0.2323232323232325,-0.07070707070707061,0.1641177795586382
0.2525252525252526,-0.07070707070707061,-0.22494057560787653
0.27272727272727293,-0.07070707070707061,-0.11497694677317033
0.29292929292929304,-0.07070707070707061,-0.03365414737319364
0.31313131313131315,-0.07070707070707061,0.13890821350059576
0.3333333333333335,-0.07070707070707061,0.14244348544745136
0.3535353535353536,-0.07070707070707061,-0.2482967950540228
0.3737373737373739,-0.07070707070707061,0.012693817326917822
0.39393939393939403,-0.07070707070707061,0.3770020905985476
0.41414141414141437,-0.07070707070707061,0.1473521218570897
0.4343434343434345,-0.07070707070707061,0.004238075847242229
0.4545454545454546,-0.07070707070707061,0.05960928533615523
0.4747474747474749,-0.07070707070707061,-0.09971091628097312
0.49494949494949503,-0.07070707070707061,0.06377406272965255
0.5151515151515154,-0.07070707070707061,0.22424483316137006
0.5353535353535355,-0.07070707070707061,0.20681974067852413
0.5555555555555556,-0.07070707070707061,-0.01087562457537572
0.5757575757575759,-0.07070707070707061,0.5446296709675402
0.595959595959596,-0.07070707070707061,0.6588376582222868
0.6161616161616164,-0.07070707070707061,0.2866788164751444
0.6363636363636365,-0.07070707070707061,0.17168697891229986
0.6565656565656568,-0.07070707070707061,0.5362010457519027
0.6767676767676769,-0.07070707070707061,0.5625021438610857
0.696969696969697,-0.07070707070707061,0.3469150207503767
0.7171717171717173,-0.07070707070707061,0.4949557895367046
0.7373737373737375,-0.07070707070707061,0.6666063333256745
0.7575757575757578,-0.07070707070707061,0.6179808749118533
0.7777777777777779,-0.07070707070707061,0.8619525346651564
0.7979797979797982,-0.07070707070707061,0.3965177866212345
0.8181818181818183,-0.07070707070707061,0.9879905936406147
0.8383838383838385,-0.07070707070707061,0.6571768031910168
0.8585858585858588,-0.07070707070707061,0.92026209806633
0.8787878787878789,-0.07070707070707061,0.7692298472134153
0.8989898989898992,-0.07070707070707061,0.8715251928110076
0.9191919191919193,-0.07070707070707061,0.5567040099970559
0.9393939393939394,-0.07070707070707061,0.9918653855708108
0.9595959595959598,-0.07070707070707061,0.6901193689554456
0.9797979797979799,-0.07070707070707061,0.4786012421759717
1.0,-0.07070707070707061,0.6914451143625209
-1.0,-0.050505050505050386,1.052647364144951
-0.9797979797979798,-0.050505050505050386,0.7647955936095611
-0.9595959595959596,-0.050505050505050386,1.4890821187723369
-0.9393939393939394,-0.050505050505050386,0.8421744825300508
-0.9191919191919192,-0.050505050505050386,0.6099732498324554
-0.898989898989899,-0.050505050505050386,0.9426878529072688
-0.8787878787878788,-0.050505050505050386,0.8013222841014019
-0.8585858585858586,-0.050505050505050386,0.5223177951416
-0.8383838383838383,-0.050505050505050386,0.5433099525430097
-0.8181818181818181,-0.050505050505050386,0.9499254245389339
-0.797979797979798,-0.050505050505050386,0.8448481473107216
-0.7777777777777778,-0.050505050505050386,0.5500942682880727
-0.7575757575757576,-0.050505050505050386,0.5294537584919606
-0.7373737373737373,-0.050505050505050386,0.6235089510460626
-0.7171717171717171,-0.050505050505050386,0.3413702184682862
-0.696969696969697,-0.050505050505050386,0.4599743794584623
-0.6767676767676767,-0.050505050505050386,0.13159774352360276
-0.6565656565656566,-0.050505050505050386,0.6335552326309615
-0.6363636363636364,-0.050505050505050386,0.2423624087001097
-0.6161616161616161,-0.050505050505050386,0.16985980620205038
-0.5959595959595959,-0.050505050505050386,0.3020003260665248
-0.5757575757575757,-0.050505050505050386,0.3776396830498571
-0.5555555555555556,-0.050505050505050386,0.3525745164086849
-0.5353535353535352,-0.050505050505050386,0.06614520997670775
-0.5151515151515151,-0.050505050505050386,0.39567964402871514
-0.4949494949494949,-0.050505050505050386,0.7509577579911021
-0.4747474747474747,-0.050505050505050386,0.347669992681425
-0.4545454545454545,-0.050505050505050386,0.4618441501552891
-0.43434343434343425,-0.050505050505050386,0.31022549924368714
-0.41414141414141414,-0.050505050505050386,0.45364235874655523
-0.3939393939393939,-0.050505050505050386,0.06860927270776648
-0.3737373737373737,-0.050505050505050386,0.0713685653448544
-0.3535353535353535,-0.050505050505050386,0.1238994009390425
-0.33333333333333326,-0.050505050505050386,-0.24801496435488263
-0.31313131313131304,-0.050505050505050386,0.5765654037607758
-0.2929292929292928,-0.050505050505050386,0.34709494763787657
-0.2727272727272727,-0.050505050505050386,0.01932699909101797
-0.2525252525252525,-0.050505050505050386,-0.13271866625085385
-0.23232323232323226,-0.050505050505050386,0.1438975838769766
-0.21212121212121204,-0.050505050505050386,0.31138204202478087
-0.19191919191919182,-0.050505050505050386,-0.07059407528993664
-0.1717171717171716,-0.050505050505050386,0.17378378262638744
-0.1515151515151515,-0.050505050505050386,0.04522768925643195
-0.13131313131313127,-0.050505050505050386,-0.044415913186099186
-0.11111111111111105,-0.050505050505050386,0.40210651168400063
-0.09090909090909083,-0.050505050505050386,0.050315571191696336
-0.07070707070707061,-0.050505050505050386,-0.3187003644732767
-0.050505050505050386,-0.050505050505050386,-0.2959428193111318
-0.030303030303030276,-0.050505050505050386,0.20538909924018525
-0.010101010101010055,-0.050505050505050386,-0.16361122029476377
0.010101010101010166,-0.050505050505050386,-0.004438108941142315
0.030303030303030498,-0.050505050505050386,0.0694857504724098
0.05050505050505061,-0.050505050505050386,-0.2513497309799337
0.07070707070707072,-0.050505050505050386,-0.15009041160916647
0.09090909090909105,-0.050505050505050386,0.4865423513475376
0.11111111111111116,-0.050505050505050386,-0.1515816277100537
0.1313131313131315,-0.050505050505050386,0.1936451346434037
0.1515151515151516,-0.050505050505050386,0.1456551945218693
0.1717171717171717,-0.050505050505050386,0.2073383875833308
0.19191919191919204,-0.050505050505050386,0.2204056329642248
0.21212121212121215,-0.050505050505050386,-0.018157208685277232
0.2323232323232325,-0.050505050505050386,-0.17972246548351561
0.2525252525252526,-0.050505050505050386,0.018107554422095357
0.27272727272727293,-0.050505050505050386,-0.019484275312543584
0.29292929292929304,-0.050505050505050386,0.016076087042056042
0.31313131313131315,-0.050505050505050386,0.16550827029886367
0.3333333333333335,-0.050505050505050386,-0.0970780526736258
0.3535353535353536,-0.050505050505050386,-0.008183229831855626
0.3737373737373739,-0.050505050505050386,0.3159091562329863
0.39393939393939403,-0.050505050505050386,0.08416641252086234
0.41414141414141437,-0.050505050505050386,0.29443237655232835
0.4343434343434345,-0.050505050505050386,0.2745026742796347
0.4545454545454546,-0.050505050505050386,-0.10341920257006817
0.4747474747474749,-0.050505050505050386,-0.0747801997349482
0.49494949494949503,-0.050505050505050386,0.03512662184692192
0.5151515151515154,-0.050505050505050386,0.23100921645053774
0.5353535353535355,-0.050505050505050386,0.2105658521403822
0.5555555555555556,-0.050505050505050386,0.16791336813125265
0.5757575757575759,-0.050505050505050386,0.23164134688793198
0.595959595959596,-0.050505050505050386,0.14962211196347455
0.6161616161616164,-0.050505050505050386,0.5739957373888009
0.6363636363636365,-0.050505050505050386,0.5502716007913618
0.6565656565656568,-0.050505050505050386,0.34941524625564085
0.6767676767676769,-0.050505050505050386,0.0643480112057454
0.696969696969697,-0.050505050505050386,0.44859631621607265
0.7171717171717173,-0.050505050505050386,0.29014804688048124
0.7373737373737375,-0.050505050505050386,0.6022619966530725
0.7575757575757578,-0.050505050505050386,0.4319616483048633
0.7777777777777779,-0.050505050505050386,0.5334935729163083
0.7979797979797982,-0.050505050505050386,0.8394239056141571
0.8181818181818183,-0.050505050505050386,0.8290523724266403
0.8383838383838385,-0.050505050505050386,1.0335566902948907
0.8585858585858588,-0.050505050505050386,0.8113890714834274
0.8787878787878789,-0.050505050505050386,0.6455902844874464
0.8989898989898992,-0.050505050505050386,0.8663840755211509
0.9191919191919193,-0.050505050505050386,0.7562085714832664
0.9393939393939394,-0.050505050505050386,0.6936109347144721
0.9595959595959598,-0.050505050505050386,0.7166984780904304
0.9797979797979799,-0.050505050505050386,0.9736094105991332
1.0,-0.050505050505050386,1.1665955814812508
-1.0,-0.030303030303030276,0.9079032372550188
-0.9797979797979798,-0.030303030303030276,0.7628201481257664
-0.9595959595959596,-0.030303030303030276,0.9634624237631026
-0.9393939393939394,-0.030303030303030276,0.7791853997265527
-0.9191919191919192,-0.030303030303030276,0.8301389979467451
-0.898989898989899,-0.030303030303030276,1.2714548631207838
-0.8787878787878788,-0.030303030303030276,0.7313141999642792
-0.8585858585858586,-0.030303030303030276,0.7823160770642908
-0.8383838383838383,-0.030303030303030276,0.7311067276628819
-0.8181818181818181,-0.030303030303030276,0.5121310509407349
-0.797979797979798,-0.030303030303030276,0.7528681526605395
-0.7777777777777778,-0.030303030303030276,0.3924055729246584
-0.7575757575757576,-0.030303030303030276,0.5303239077284594
-0.7373737373737373,-0.030303030303030276,0.5680281093048586
-0.7171717171717171,-0.030303030303030276,0.3279536221170959
-0.696969696969697,-0.030303030303030276,0.48963379498080656
-0.6767676767676767,-0.030303030303030276,0.5083747706100156
-0.6565656565656566,-0.030303030303030276,0.43562565188453756
-0.6363636363636364,-0.030303030303030276,0.31953717818831384
-0.6161616161616161,-0.030303030303030276,0.39254862401159313
-0.5959595959595959,-0.030303030303030276,0.5066259408353853
-0.5757575757575757,-0.030303030303030276,0.3990367226381537
-0.5555555555555556,-0.030303030303030276,0.21940179896819806
-0.5353535353535352,-0.030303030303030276,0.2920976936819879
-0.5151515151515151,-0.030303030303030276,-0.17911177233880543
-0.4949494949494949,-0.030303030303030276,0.33593256477126415
-0.4747474747474747,-0.030303030303030276,-0.0034535609788526045
-0.4545454545454545,-0.030303030303030276,0.20783129986819215
-0.43434343434343425,-0.030303030303030276,0.1557136579652445
-0.41414141414141414,-0.030303030303030276,0.2365648331857827
-0.3939393939393939,-0.030303030303030276,0.42698613147785497
-0.3737373737373737,-0.030303030303030276,0.01672831187444604
-0.3535353535353535,-0.030303030303030276,-0.1724972593234198
-0.33333333333333326,-0.030303030303030276,0.15634879936433493
-0.31313131313131304,-0.030303030303030276,0.11523378898275921
-0.2929292929292928,-0.030303030303030276,-0.14524779246765213
-0.2727272727272727,-0.030303030303030276,0.041131761999951486
-0.2525252525252525,-0.030303030303030276,-0.35332987013935935
-0.23232323232323226,-0.030303030303030276,-0.4380859418338249
-0.21212121212121204,-0.030303030303030276,-0.15269831061264091
-0.19191919191919182,-0.030303030303030276,0.14970750103366204
-0.1717171717171716,-0.030303030303030276,0.13611903350092458
-0.1515151515151515,-0.030303030303030276,0.08175112809072896
-0.13131313131313127,-0.030303030303030276,0.12193166583908152
-0.11111111111111105,-0.030303030303030276,-0.16799315325383798
-0.09090909090909083,-0.030303030303030276,0.16841590005150026
-0.07070707070707061,-0.030303030303030276,0.15743754060356907
-0.050505050505050386,-0.030303030303030276,-0.26497050127848815
-0.030303030303030276,-0.030303030303030276,-0.01081253447937814
-0.010101010101010055,-0.030303030303030276,0.07739882105534218
0.010101010101010166,-0.030303030303030276,-0.13815290505178346
0.030303030303030498,-0.030303030303030276,-0.42704210523984465
0.05050505050505061,-0.030303030303030276,0.5243419499998945
0.07070707070707072,-0.030303030303030276,-0.011364962061720808
0.09090909090909105,-0.030303030303030276,0.06477588815652333
0.11111111111111116,-0.030303030303030276,-0.06379162100716002
0.1313131313131315,-0.030303030303030276,0.1840948419391401
0.1515151515151516,-0.030303030303030276,0.11866625690356926
0.1717171717171717,-0.030303030303030276,-0.0027300540006505586
0.19191919191919204,-0.030303030303030276,0.023778084342438235
0.21212121212121215,-0.030303030303030276,0.1635409329560191
0.2323232323232325,-0.030303030303030276,0.08039825958924621
0.2525252525252526,-0.030303030303030276,0.037617040155354414
0.27272727272727293,-0.030303030303030276,0.2613969855514757
0.29292929292929304,-0.030303030303030276,0.3733053738779244
0.31313131313131315,-0.030303030303030276,0.27863504419058155
0.3333333333333335,-0.030303030303030276,0.22944236987007094
0.3535353535353536,-0.030303030303030276,0.4052524017438556
0.3737373737373739,-0.030303030303030276,0.31079739899766456
0.39393939393939403,-0.030303030303030276,0.4996457645237987
0.41414141414141437,-0.030303030303030276,0.3477027031189375
0.4343434343434345,-0.030303030303030276,-0.2770008154411795
0.4545454545454546,-0.030303030303030276,0.14658293128042982
0.4747474747474749,-0.030303030303030276,0.13050563068919874
0.49494949494949503,-0.030303030303030276,0.21522978985925142
0.5151515151515154,-0.030303030303030276,0.16477922234125675
0.5353535353535355,-0.030303030303030276,0.3619668164902651
0.5555555555555556,-0.030303030303030276,0.18419241774517792
0.5757575757575759,-0.030303030303030276,0.32918595388538086
0.595959595959596,-0.030303030303030276,0.22644293693467601
0.6161616161616164,-0.030303030303030276,0.3849457943506584
0.6363636363636365,-0.030303030303030276,0.30850152880555803
0.6565656565656568,-0.030303030303030276,0.3844935392289357
0.6767676767676769,-0.030303030303030276,0.37405229957464436
0.696969696969697,-0.030303030303030276,0.5775080719895467
0.7171717171717173,-0.030303030303030276,0.2267946302938466
0.7373737373737375,-0.030303030303030276,0.8463765727737909
0.7575757575757578,-0.030303030303030276,0.3771021249384944
0.7777777777777779,-0.030303030303030276,0.46716823641130145
0.7979797979797982,-0.030303030303030276,0.4105417308377341
0.8181818181818183,-0.030303030303030276,0.6550315379798116
0.8383838383838385,-0.030303030303030276,0.5025684777006281
0.8585858585858588,-0.030303030303030276,0.9910731065996039
0.8787878787878789,-0.030303030303030276,0.6529188610041333
0.8989898989898992,-0.030303030303030276,0.87337158838314
0.9191919191919193,-0.030303030303030276,0.9751217963287533
0.9393939393939394,-0.030303030303030276,1.230825054179878
0.9595959595959598,-0.030303030303030276,0.9619950458435925
0.9797979797979799,-0.030303030303030276,0.7475250715123438
1.0,-0.030303030303030276,1.1930113343574302
-1.0,-0.010101010101010055,1.0835374761165104
-0.9797979797979798,-0.010101010101010055,1.1634208358774094
-0.9595959595959596,-0.010101010101010055,0.7941576234678551
-0.9393939393939394,-0.010101010101010055,1.159668867294327
-0.9191919191919192,-0.010101010101010055,0.9610671506338481
-0.898989898989899,-0.010101010101010055,0.7386110400150814
-0.8787878787878788,-0.010101010101010055,0.8539465194230393
-0.8585858585858586,-0.010101010101010055,1.0246145279003407
-0.8383838383838383,-0.010101010101010055,1.2352366396243926
-0.8181818181818181,-0.010101010101010055,0.43130692617206146
-0.797979797979798,-0.010101010101010055,0.4601372260392118
-0.7777777777777778,-0.010101010101010055,0.6475272415484826
-0.7575757575757576,-0.010101010101010055,0.761918332942073
-0.7373737373737373,-0.010101010101010055,0.60101004349316
-0.7171717171717171,-0.010101010101010055,0.8723520521825874
-0.696969696969697,-0.010101010101010055,0.4997478556322426
-0.6767676767676767,-0.010101010101010055,0.26255393380148295
-0.6565656565656566,-0.010101010101010055,0.3388849439919736
-0.6363636363636364,-0.010101010101010055,0.7060757943131559
-0.6161616161616161,-0.010101010101010055,0.767315439556691
-0.5959595959595959,-0.010101010101010055,0.5840714164771535
-0.5757575757575757,-0.010101010101010055,0.3696575330044917
-0.5555555555555556,-0.010101010101010055,0.2018436799529762
-0.5353535353535352,-0.010101010101010055,0.12263458276614331
-0.5151515151515151,-0.010101010101010055,0.0007907661194554994
-0.4949494949494949,-0.010101010101010055,0.4152617914801039
-0.4747474747474747,-0.010101010101010055,0.023142715017472254
-0.4545454545454545,-0.010101010101010055,0.6890011647749386
-0.43434343434343425,-0.010101010101010055,0.03327636828302291
-0.41414141414141414,-0.010101010101010055,-0.021518290811567198
-0.3939393939393939,-0.010101010101010055,-0.009404150019000801
-0.3737373737373737,-0.010101010101010055,-0.057593632778475956
-0.3535353535353535,-0.010101010101010055,0.3410858932478298
-0.33333333333333326,-0.010101010101010055,-0.12957195612766842
-0.31313131313131304,-0.010101010101010055,-0.027693049392215244
-0.2929292929292928,-0.010101010101010055,0.03180402065992517
-0.2727272727272727,-0.010101010101010055,0.4652790673330242
-0.2525252525252525,-0.010101010101010055,0.12433157149568962
-0.23232323232323226,-0.010101010101010055,0.04816825519776672
-0.21212121212121204,-0.010101010101010055,-0.001353263905061304
-0.19191919191919182,-0.010101010101010055,0.07448347750585807
-0.1717171717171716,-0.010101010101010055,-0.1618659569071293
-0.1515151515151515,-0.010101010101010055,0.0020318999346216372
-0.13131313131313127,-0.010101010101010055,-0.2349137492347342
-0.11111111111111105,-0.010101010101010055,-0.10067768011969849
-0.09090909090909083,-0.010101010101010055,0.11987678537876674
-0.07070707070707061,-0.010101010101010055,0.038807979669094606
-0.050505050505050386,-0.010101010101010055,-0.18798175606613482
-0.030303030303030276,-0.010101010101010055,0.11868708544019506
-0.010101010101010055,-0.010101010101010055,0.17641937602766955
0.010101010101010166,-0.010101010101010055,0.001682998865499938
0.030303030303030498,-0.010101010101010055,-0.14485926945344996
0.05050505050505061,-0.010101010101010055,-0.13127490471959996
0.07070707070707072,-0.010101010101010055,-0.38720924751033525
0.09090909090909105,-0.010101010101010055,0.11799006984990337
0.11111111111111116,-0.010101010101010055,0.2254776331834905
0.1313131313131315,-0.010101010101010055,-0.44601785716011333
0.1515151515151516,-0.010101010101010055,-0.05018738476809666
0.1717171717171717,-0.010101010101010055,-0.22876107201875986
0.19191919191919204,-0.010101010101010055,0.030299631456935167
0.21212121212121215,-0.010101010101010055,-0.26456694812026477
0.2323232323232325,-0.010101010101010055,0.2427652701119638
0.2525252525252526,-0.010101010101010055,-0.16985972536390417
0.27272727272727293,-0.010101010101010055,0.1609096749533132
0.29292929292929304,-0.010101010101010055,0.26358857401014246
0.31313131313131315,-0.010101010101010055,0.08338064144159754
0.3333333333333335,-0.010101010101010055,-0.003869831796064052
0.3535353535353536,-0.010101010101010055,0.36338896671567544
0.3737373737373739,-0.010101010101010055,-0.3330390518821238
0.39393939393939403,-0.010101010101010055,0.3612140876292562
0.41414141414141437,-0.010101010101010055,0.39288162801592197
0.4343434343434345,-0.010101010101010055,-0.19370185792000041
0.4545454545454546,-0.010101010101010055,0.14269435087015916
0.4747474747474749,-0.010101010101010055,-0.13387326596714938
0.49494949494949503,-0.010101010101010055,0.18890292026833055
0.5151515151515154,-0.010101010101010055,0.1790635173845737
0.5353535353535355,-0.010101010101010055,0.41301818667419166
0.5555555555555556,-0.010101010101010055,0.1547735611441558
0.5757575757575759,-0.010101010101010055,0.47151197887196716
0.595959595959596,-0.010101010101010055,0.2951479742773003
0.6161616161616164,-0.010101010101010055,0.12135566572272827
0.6363636363636365,-0.010101010101010055,-0.1618136266668555
0.6565656565656568,-0.010101010101010055,0.17325073709856953
0.6767676767676769,-0.010101010101010055,0.44179603612779694
0.696969696969697,-0.010101010101010055,0.6801212531385912
0.7171717171717173,-0.010101010101010055,0.5512318615133478
0.7373737373737375,-0.010101010101010055,0.4924149628349353
0.7575757575757578,-0.010101010101010055,0.6169241613723955
0.7777777777777779,-0.010101010101010055,0.6593342443263592
0.7979797979797982,-0.010101010101010055,0.37294264188974174
0.8181818181818183,-0.010101010101010055,0.8467373251195857
0.8383838383838385,-0.010101010101010055,0.6650845921007567
0.8585858585858588,-0.010101010101010055,0.7770233661012071
0.8787878787878789,-0.010101010101010055,0.7389791308017158
0.8989898989898992,-0.010101010101010055,0.933143710053413
0.9191919191919193,-0.010101010101010055,0.465231756997586
0.9393939393939394,-0.010101010101010055,0.5421319920734546
0.9595959595959598,-0.010101010101010055,1.0112279778331525
0.9797979797979799,-0.010101010101010055,0.6962933220401493
1.0,-0.010101010101010055,0.645802394222271
-1.0,0.010101010101010166,1.3191315051154124
-0.9797979797979798,0.010101010101010166,1.0091571175208371
-0.9595959595959596,0.010101010101010166,0.9670366870214876
-0.9393939393939394,0.010101010101010166,1.0491009519238321
-0.9191919191919192,0.010101010101010166,0.6875687186975317
-0.898989898989899,0.010101010101010166,0.757281921660827
-0.8787878787878788,0.010101010101010166,0.6874526982568303
-0.8585858585858586,0.010101010101010166,0.47164072110346383
-0.8383838383838383,0.010101010101010166,0.5581932825357946
-0.8181818181818181,0.010101010101010166,0.7503922293241598
-0.797979797979798,0.010101010101010166,0.5600081656555906
-0.7777777777777778,0.010101010101010166,0.3360854252914682
-0.7575757575757576,0.010101010101010166,0.9990410377040938
-0.7373737373737373,0.010101010101010166,0.4206325599538949
-0.7171717171717171,0.010101010101010166,0.29357954883070025
-0.696969696969697,0.010101010101010166,0.834596329166734
-0.6767676767676767,0.010101010101010166,0.4748522473091834
-0.6565656565656566,0.010101010101010166,0.10611429278731421
-0.6363636363636364,0.010101010101010166,-0.1365833634239449
-0.6161616161616161,0.010101010101010166,0.60878074061681
-0.5959595959595959,0.010101010101010166,0.2432973019275652
-0.5757575757575757,0.010101010101010166,0.02318231416307992
-0.5555555555555556,0.010101010101010166,0.26450359195312956
-0.5353535353535352,0.010101010101010166,0.2513694369099088
-0.5151515151515151,0.010101010101010166,-0.09564458538194387
-0.4949494949494949,0.010101010101010166,0.05754106634684644
-0.4747474747474747,0.010101010101010166,0.087779706243509
-0.4545454545454545,0.010101010101010166,0.29330681694540955
-0.43434343434343425,0.010101010101010166,0.45253996714764155
-0.41414141414141414,0.010101010101010166,0.15047644607038332
-0.3939393939393939,0.010101010101010166,0.337502454611318
-0.3737373737373737,0.010101010101010166,0.0056577979445735505
-0.3535353535353535,0.010101010101010166,0.411657965406839
-0.33333333333333326,0.010101010101010166,0.4855397816192134
-0.31313131313131304,0.010101010101010166,0.15599622543438635
-0.2929292929292928,0.010101010101010166,-0.08268181926668351
-0.2727272727272727,0.010101010101010166,0.0522988970611651
-0.2525252525252525,0.010101010101010166,-0.38707620225856965
-0.23232323232323226,0.010101010101010166,-0.10884366432769668
-0.21212121212121204,0.010101010101010166,0.07570721653443244
-0.19191919191919182,0.010101010101010166,0.06134177212867596
-0.1717171717171716,0.010101010101010166,-0.17765779722275726
-0.1515151515151515,0.010101010101010166,-0.16013649301444108
-0.13131313131313127,0.010101010101010166,-0.2547449433731942
-0.11111111111111105,0.010101010101010166,-0.06722115805531596
-0.09090909090909083,0.010101010101010166,-0.07599385416383071
-0.07070707070707061,0.010101010101010166,0.2472554716879192
-0.050505050505050386,0.010101010101010166,-0.1497659798380382
-0.030303030303030276,0.010101010101010166,0.12860354080303885
-0.010101010101010055,0.010101010101010166,-0.41934082322152755
0.010101010101010166,0.010101010101010166,-0.05544482086847152
0.030303030303030498,0.010101010101010166,-0.05720356241225914
0.05050505050505061,0.010101010101010166,-0.03983540340934753
0.07070707070707072,0.010101010101010166,-0.059190757546872724
0.09090909090909105,0.010101010101010166,0.25306784056397813
0.11111111111111116,0.010101010101010166,0.0852608037138914
0.1313131313131315,0.010101010101010166,-0.04909688993658547
0.1515151515151516,0.010101010101010166,-0.004445603817115184
0.1717171717171717,0.010101010101010166,-0.06290646570080856
0.19191919191919204,0.010101010101010166,0.30038246445037453
0.21212121212121215,0.010101010101010166,-0.10766185601361819
0.2323232323232325,0.010101010101010166,-0.030734883882624686
0.2525252525252526,0.010101010101010166,0.1304822295325167
0.27272727272727293,0.010101010101010166,0.2921803623864245
0.29292929292929304,0.010101010101010166,0.15208649440701133
0.31313131313131315,0.010101010101010166,0.07602925509842091
0.3333333333333335,0.010101010101010166,-0.3800106301970859
0.3535353535353536,0.010101010101010166,0.25915121219387355
0.3737373737373739,0.010101010101010166,0.29603734932777026
0.39393939393939403,0.010101010101010166,0.2416276108850498
0.41414141414141437,0.010101010101010166,0.10787075987494019
0.4343434343434345,0.010101010101010166,0.5377119982493371
0.4545454545454546,0.010101010101010166,0.1222774932372774
0.4747474747474749,0.010101010101010166,0.2864660983071977
0.49494949494949503,0.010101010101010166,-0.10740221038825268
0.5151515151515154,0.010101010101010166,0.3095111675327998
0.5353535353535355,0.010101010101010166,0.5105149463482244
0.5555555555555556,0.010101010101010166,0.11358961056379327
0.5757575757575759,0.010101010101010166,0.6067523134724719
0.595959595959596,0.010101010101010166,0.28516040266504283
0.6161616161616164,0.010101010101010166,0.23636875307316155
0.6363636363636365,0.010101010101010166,0.013974815591493273
0.6565656565656568,0.010101010101010166,0.5401479621919941
0.6767676767676769,0.010101010101010166,0.651977311142725
0.696969696969697,0.010101010101010166,0.4561240274450732
0.7171717171717173,0.010101010101010166,0.6478767149986652
0.7373737373737375,0.010101010101010166,0.6026226915112624
0.7575757575757578,0.010101010101010166,0.5367894806079835
0.7777777777777779,0.010101010101010166,0.5257083863226469
0.7979797979797982,0.010101010101010166,0.7102153702159247
0.8181818181818183,0.010101010101010166,0.8506905578609535
0.8383838383838385,0.010101010101010166,0.5638348662303466
0.8585858585858588,0.010101010101010166,0.6169092955971275
0.8787878787878789,0.010101010101010166,0.6595307254542736
0.8989898989898992,0.010101010101010166,0.9566259485863836
0.9191919191919193,0.010101010101010166,0.8392924257708975
0.9393939393939394,0.010101010101010166,0.983046119230217
0.9595959595959598,0.010101010101010166,0.574175975342851
0.9797979797979799,0.010101010101010166,0.9160849427559945
1.0,0.010101010101010166,0.9207484734892282
-1.0,0.030303030303030498,1.1081491922781974
-0.9797979797979798,0.030303030303030498,0.9896494119521562
-0.9595959595959596,0.030303030303030498,1.0740906654342322
-0.9393939393939394,0.030303030303030498,0.6288881832334227
-0.9191919191919192,0.030303030303030498,0.8618327801370673
-0.898989898989899,0.030303030303030498,1.1048713939323138
-0.8787878787878788,0.030303030303030498,0.5779871455039963
-0.8585858585858586,0.030303030303030498,0.5484188774768443
-0.8383838383838383,0.030303030303030498,0.9722868038986234
-0.8181818181818181,0.030303030303030498,0.8451690778068925
-0.797979797979798,0.030303030303030498,0.5228098065593199
-0.7777777777777778,0.030303030303030498,0.7841058243615102
-0.7575757575757576,0.030303030303030498,0.7055825973182894
-0.7373737373737373,0.030303030303030498,0.255236846227548
-0.7171717171717171,0.030303030303030498,0.431347950728468
-0.696969696969697,0.030303030303030498,0.31806664029103404
-0.6767676767676767,0.030303030303030498,0.28873048196128376
-0.6565656565656566,0.030303030303030498,0.3280459413669673
-0.6363636363636364,0.030303030303030498,0.6077866450465107
-0.6161616161616161,0.030303030303030498,0.4133694214983299
-0.5959595959595959,0.030303030303030498,0.3234369749492335
-0.5757575757575757,0.030303030303030498,0.41650770303921436
-0.5555555555555556,0.030303030303030498,0.20394577811413384
-0.5353535353535352,0.030303030303030498,0.2675684555554054
-0.5151515151515151,0.030303030303030498,0.18048800423299732
-0.4949494949494949,0.030303030303030498,0.4481635081858738
-0.4747474747474747,0.030303030303030498,0.1016254737385445
-0.4545454545454545,0.030303030303030498,-0.03953294083907846
-0.43434343434343425,0.030303030303030498,-0.23656113007282736
-0.41414141414141414,0.030303030303030498,0.27635043705475437
-0.3939393939393939,0.030303030303030498,0.5292742477303409
-0.3737373737373737,0.030303030303030498,0.12036691355042467
-0.3535353535353535,0.030303030303030498,0.5184231538337033
-0.33333333333333326,0.030303030303030498,0.6697126077162688
-0.31313131313131304,0.030303030303030498,0.4386919416939234
-0.2929292929292928,0.030303030303030498,0.36193900348677305
-0.2727272727272727,0.030303030303030498,-0.10537234388758972
-0.2525252525252525,0.030303030303030498,0.08867288312064737
-0.23232323232323226,0.030303030303030498,0.2195541316942808
-0.21212121212121204,0.030303030303030498,-0.026554728993074934
-0.19191919191919182,0.030303030303030498,-0.06884318083976498
-0.1717171717171716,0.030303030303030498,0.1370005922339426
-0.1515151515151515,0.030303030303030498,-0.4362922055751515
-0.13131313131313127,0.030303030303030498,-0.16711881209923307
-0.11111111111111105,0.030303030303030498,0.10269273863461428
-0.09090909090909083,0.030303030303030498,0.014984727410905863
-0.07070707070707061,0.030303030303030498,0.22618364143605602
-0.050505050505050386,0.030303030303030498,-0.13174798889010977
-0.030303030303030276,0.030303030303030498,-0.0211292620247887
-0.010101010101010055,0.030303030303030498,-0.023605569642842505
0.010101010101010166,0.030303030303030498,-0.28961346666995885
0.030303030303030498,0.030303030303030498,-0.22658707133461414
0.05050505050505061,0.030303030303030498,-0.23670823226017407
0.07070707070707072,0.030303030303030498,-0.09620068776114198
0.09090909090909105,0.030303030303030498,0.1066168695467055
0.11111111111111116,0.030303030303030498,0.0012631516455409008
0.1313131313131315,0.030303030303030498,0.1611579713982241
0.1515151515151516,0.030303030303030498,0.21018499700993631
0.1717171717171717,0.030303030303030498,-0.2800432705255989
0.19191919191919204,0.030303030303030498,0.046418067310045594
0.21212121212121215,0.030303030303030498,-0.317740011967794
0.2323232323232325,0.030303030303030498,-0.2373527019519735
0.2525252525252526,0.030303030303030498,0.07396818678834849
0.27272727272727293,0.030303030303030498,0.19982391302436986
0.29292929292929304,0.030303030303030498,0.19144106422362317
0.31313131313131315,0.030303030303030498,-0.12595578799855256
0.3333333333333335,0.030303030303030498,0.003260836231752981
0.3535353535353536,0.030303030303030498,-0.05543284793170673
0.3737373737373739,0.030303030303030498,-0.45126144141351765
0.39393939393939403,0.030303030303030498,0.00768401182808473
0.41414141414141437,0.030303030303030498,0.33643866269007017
0.4343434343434345,0.030303030303030498,0.34987494768213623
0.4545454545454546,0.030303030303030498,0.21260253006437213
0.4747474747474749,0.030303030303030498,0.1968053820348366
0.49494949494949503,0.030303030303030498,0.06154357420474221
0.5151515151515154,0.030303030303030498,0.30005281324467376
0.5353535353535355,0.030303030303030498,0.4790776513973418
0.5555555555555556,0.030303030303030498,0.06968835085823616
0.5757575757575759,0.030303030303030498,0.1001188306874114
0.595959595959596,0.030303030303030498,0.17704649546370368
0.6161616161616164,0.030303030303030498,0.6075656919443305
0.6363636363636365,0.030303030303030498,0.45840042244784246
0.6565656565656568,0.030303030303030498,0.7365551503677126
0.6767676767676769,0.030303030303030498,0.4189273651039895
0.696969696969697,0.030303030303030498,0.7431502482902126
0.7171717171717173,0.030303030303030498,0.9308495996827395
0.7373737373737375,0.030303030303030498,0.39424428625111113
0.7575757575757578,0.030303030303030498,0.4276266468865224
0.7777777777777779,0.030303030303030498,0.5438378240522199
0.7979797979797982,0.030303030303030498,0.8075375040491948
0.8181818181818183,0.030303030303030498,0.6771460796599397
0.8383838383838385,0.030303030303030498,0.8657458950899075
0.8585858585858588,0.030303030303030498,0.591804740472073
0.8787878787878789,0.030303030303030498,0.9454305728278721
0.8989898989898992,0.030303030303030498,0.6274957047860191
0.9191919191919193,0.030303030303030498,0.812638623657581
0.9393939393939394,0.030303030303030498,0.8870013525627883
0.9595959595959598,0.030303030303030498,0.8052051382102932
0.9797979797979799,0.030303030303030498,1.2090008004143267
1.0,0.030303030303030498,1.0870050166967484
-1.0,0.05050505050505061,1.0286418175887542
-0.9797979797979798,0.05050505050505061,1.0862103137180013
-0.9595959595959596,0.05050505050505061,0.6435365038282579
-0.9393939393939394,0.05050505050505061,0.5502893763607986
-0.9191919191919192,0.05050505050505061,0.887556886980842
-0.898989898989899,0.05050505050505061,0.6555081265621363
-0.8787878787878788,0.05050505050505061,0.5552541372880806
-0.8585858585858586,0.05050505050505061,0.37630672806974974
-0.8383838383838383,0.05050505050505061,0.8689012491922281
-0.8181818181818181,0.05050505050505061,0.6572886997896451
-0.797979797979798,0.05050505050505061,0.9814564450112689
-0.7777777777777778,0.05050505050505061,0.36501188908589277
-0.7575757575757576,0.05050505050505061,0.43403038221960605
-0.7373737373737373,0.05050505050505061,0.6214021448448286
-0.7171717171717171,0.05050505050505061,0.3558307553716317
-0.696969696969697,0.05050505050505061,0.5814584268528457
-0.6767676767676767,0.05050505050505061,0.25818889298341685
-0.6565656565656566,0.05050505050505061,0.7171667330309648
-0.6363636363636364,0.05050505050505061,0.23964247111187187
-0.6161616161616161,0.05050505050505061,0.3022264651549361
-0.5959595959595959,0.05050505050505061,0.25623570829608366
-0.5757575757575757,0.05050505050505061,0.27027644300753173
-0.5555555555555556,0.05050505050505061,0.3950368073363024
-0.5353535353535352,0.05050505050505061,0.04336816428035828
-0.5151515151515151,0.05050505050505061,0.3804012477794431
-0.4949494949494949,0.05050505050505061,0.021540898573458228
-0.4747474747474747,0.05050505050505061,0.34110855050136085
-0.4545454545454545,0.05050505050505061,-0.1590165436831254
-0.43434343434343425,0.05050505050505061,0.1639319173167832
-0.41414141414141414,0.05050505050505061,0.4917311845907577
-0.3939393939393939,0.05050505050505061,-0.0953916001348313
-0.3737373737373737,0.05050505050505061,0.04497829667424583
-0.3535353535353535,0.05050505050505061,0.14091979028670848
-0.33333333333333326,0.05050505050505061,0.2768628311846182
-0.31313131313131304,0.05050505050505061,-0.04894139565845956
-0.2929292929292928,0.05050505050505061,0.04124485982530468
-0.2727272727272727,0.05050505050505061,0.05269960322177915
-0.2525252525252525,0.05050505050505061,-0.1375207369690971
-0.23232323232323226,0.05050505050505061,0.20935606710542787
-0.21212121212121204,0.05050505050505061,0.22452631054390532
-0.19191919191919182,0.05050505050505061,-0.04924865176105293
-0.1717171717171716,0.05050505050505061,-0.13376890010937734
-0.1515151515151515,0.05050505050505061,-0.16012321643551986
-0.13131313131313127,0.05050505050505061,-0.09230122303336898
-0.11111111111111105,0.05050505050505061,-0.058677546091131336
-0.09090909090909083,0.05050505050505061,-0.23867500883215553
-0.07070707070707061,0.05050505050505061,0.054132828518275146
-0.050505050505050386,0.05050505050505061,-0.15584273427246692
-0.030303030303030276,0.05050505050505061,-0.14342276990669162
-0.010101010101010055,0.05050505050505061,-0.08489490313261894
0.010101010101010166,0.05050505050505061,0.20472871603786097
0.030303030303030498,0.05050505050505061,0.1284223584242854
0.05050505050505061,0.05050505050505061,-0.34608972384815595
0.07070707070707072,0.05050505050505061,0.2083551332627979
0.09090909090909105,0.05050505050505061,-0.016983672184465018
0.11111111111111116,0.05050505050505061,0.2466000591972039
0.1313131313131315,0.05050505050505061,-0.2148484446298291
0.1515151515151516,0.05050505050505061,-0.04613357646942213
0.1717171717171717,0.05050505050505061,-0.029206275383700853
0.19191919191919204,0.05050505050505061,-0.035904216266771594
0.21212121212121215,0.05050505050505061,0.08374078686688667
0.2323232323232325,0.05050505050505061,0.10401006392021864
0.2525252525252526,0.05050505050505061,0.0728513432120143
0.27272727272727293,0.05050505050505061,0.27705704942223963
0.29292929292929304,0.05050505050505061,0.2234568379455279
0.31313131313131315,0.05050505050505061,-0.14981464330379524
0.3333333333333335,0.05050505050505061,0.1645349073208075
0.3535353535353536,0.05050505050505061,0.1667541765162957
0.3737373737373739,0.05050505050505061,0.1678805216619233
0.39393939393939403,0.05050505050505061,0.46005166345346804
0.41414141414141437,0.05050505050505061,0.37025754316028886
0.4343434343434345,0.05050505050505061,0.550109366704198
0.4545454545454546,0.05050505050505061,0.17831617102503527
0.4747474747474749,0.05050505050505061,0.024954498942711983
0.49494949494949503,0.05050505050505061,0.22655834692372068
0.5151515151515154,0.05050505050505061,0.46908159837668406
0.5353535353535355,0.05050505050505061,0.44261190937008477
0.5555555555555556,0.05050505050505061,0.4070433601615867
0.5757575757575759,0.05050505050505061,0.5145133191151856
0.595959595959596,0.05050505050505061,0.13129341818319634
0.6161616161616164,0.05050505050505061,0.3161122034511282
0.6363636363636365,0.05050505050505061,0.7418435614443137
0.6565656565656568,0.05050505050505061,0.6585487183160671
0.6767676767676769,0.05050505050505061,0.6335996117679139
0.696969696969697,0.05050505050505061,0.3411331519412364
0.7171717171717173,0.05050505050505061,0.48927368757006173
0.7373737373737375,0.05050505050505061,0.5788506796180544
0.7575757575757578,0.05050505050505061,0.46307518339556186
0.7777777777777779,0.05050505050505061,0.5161774781207972
0.7979797979797982,0.05050505050505061,1.0466457773034723
0.8181818181818183,0.05050505050505061,0.4222298770574928
0.8383838383838385,0.05050505050505061,0.8005807309198759
0.8585858585858588,0.05050505050505061,1.156629318443117
0.8787878787878789,0.05050505050505061,0.496448504548567
0.8989898989898992,0.05050505050505061,0.6190326010052916
0.9191919191919193,0.05050505050505061,0.8626530826787205
0.9393939393939394,0.05050505050505061,0.8519389023777373
0.9595959595959598,0.05050505050505061,1.2659723607017281
0.9797979797979799,0.05050505050505061,0.9946221948406685
1.0,0.05050505050505061,1.1978092626605246
-1.0,0.07070707070707072,1.1258977939092372
-0.9797979797979798,0.07070707070707072,0.7707681584032755
-0.9595959595959596,0.07070707070707072,0.5514823536557538
-0.9393939393939394,0.07070707070707072,0.798956473262795
-0.9191919191919192,0.07070707070707072,0.7694570053225931
-0.898989898989899,0.07070707070707072,0.5333037442251567
-0.8787878787878788,0.07070707070707072,1.0450587883911127
-0.8585858585858586,0.07070707070707072,0.6744113277577025
-0.8383838383838383,0.07070707070707072,0.7914861019831261
-0.8181818181818181,0.07070707070707072,0.8827029311388452
-0.797979797979798,0.07070707070707072,0.6069936417869938
-0.7777777777777778,0.07070707070707072,0.5716858115933697
-0.7575757575757576,0.07070707070707072,0.5142517992876773
-0.7373737373737373,0.07070707070707072,0.871587560556252
-0.7171717171717171,0.07070707070707072,0.7067216489034425
-0.696969696969697,0.07070707070707072,0.2909741055837892
-0.6767676767676767,0.07070707070707072,0.40600934981708914
-0.6565656565656566,0.07070707070707072,0.9146810414676756
-0.6363636363636364,0.07070707070707072,0.3656107488588096
-0.6161616161616161,0.07070707070707072,0.6077110557186511
-0.5959595959595959,0.07070707070707072,0.7617721881260324
-0.5757575757575757,0.07070707070707072,-0.18698929796132224
-0.5555555555555556,0.07070707070707072,0.4030328016157355
-0.5353535353535352,0.07070707070707072,0.0300308971265677
-0.5151515151515151,0.07070707070707072,0.11119798183523566
-0.4949494949494949,0.07070707070707072,0.3672956086313457
-0.4747474747474747,0.07070707070707072,0.34898772285271273
-0.4545454545454545,0.07070707070707072,0.49903187674457505
-0.43434343434343425,0.07070707070707072,0.21086446213421828
-0.41414141414141414,0.07070707070707072,0.2941882066032321
-0.3939393939393939,0.07070707070707072,0.2553181979594596
-0.3737373737373737,0.07070707070707072,-0.2182382809310208
-0.3535353535353535,0.07070707070707072,0.13422139037028677
-0.33333333333333326,0.07070707070707072,0.203356529536351
-0.31313131313131304,0.07070707070707072,-0.06725728249656687
-0.2929292929292928,0.07070707070707072,0.16832983187095138
-0.2727272727272727,0.07070707070707072,0.20366788116507129
-0.2525252525252525,0.07070707070707072,-0.04905546591275854
-0.23232323232323226,0.07070707070707072,0.34227581212805896
-0.21212121212121204,0.07070707070707072,-0.2576833694067511
-0.19191919191919182,0.07070707070707072,0.04876420165324251
-0.1717171717171716,0.07070707070707072,-0.018077659002938264
-0.1515151515151515,0.07070707070707072,0.43518138194597805
-0.13131313131313127,0.07070707070707072,0.08555756574465231
-0.11111111111111105,0.07070707070707072,-0.09120056155380357
-0.09090909090909083,0.07070707070707072,-0.1775799893501346
-0.07070707070707061,0.07070707070707072,0.2130630089481954
-0.050505050505050386,0.07070707070707072,-0.02800925112480777
-0.030303030303030276,0.07070707070707072,0.06426266867185568
-0.010101010101010055,0.07070707070707072,-0.2063863068758605
0.010101010101010166,0.07070707070707072,-0.1465067691248049
0.030303030303030498,0.07070707070707072,0.0754709468423883
0.05050505050505061,0.07070707070707072,0.03653056203069521
0.07070707070707072,0.07070707070707072,0.4585400614903894
0.09090909090909105,0.07070707070707072,-0.12829201603635687
0.11111111111111116,0.07070707070707072,-0.3464273456756253
0.1313131313131315,0.07070707070707072,0.188628578649954
0.1515151515151516,0.07070707070707072,0.2727693346618511
0.1717171717171717,0.07070707070707072,-0.022058367386711686
0.19191919191919204,0.07070707070707072,0.07393259596251302
0.21212121212121215,0.07070707070707072,0.012417937812451575
0.2323232323232325,0.07070707070707072,-0.13619889716823264
0.2525252525252526,0.07070707070707072,-0.07468782897879313
0.27272727272727293,0.07070707070707072,-0.018023888470998534
0.29292929292929304,0.07070707070707072,0.2268787678981572
0.31313131313131315,0.07070707070707072,-0.05836660558532779
0.3333333333333335,0.07070707070707072,-0.1814189901395487
0.3535353535353536,0.07070707070707072,-0.27237057142915133
0.3737373737373739,0.07070707070707072,0.34155440147565896
0.39393939393939403,0.07070707070707072,0.017774735158248234
0.41414141414141437,0.07070707070707072,-0.2602724339239592
0.4343434343434345,0.07070707070707072,0.41496616671545006
0.4545454545454546,0.07070707070707072,0.041080990052680205
0.4747474747474749,0.07070707070707072,0.3861584657138977
0.49494949494949503,0.07070707070707072,0.061278904823524855
0.5151515151515154,0.07070707070707072,0.32174007495651785
0.5353535353535355,0.07070707070707072,0.3084871404964314
0.5555555555555556,0.07070707070707072,-0.14268178836527456
0.5757575757575759,0.07070707070707072,0.18419113825258504
0.595959595959596,0.07070707070707072,0.691746089276623
0.6161616161616164,0.07070707070707072,0.09984341060751456
0.6363636363636365,0.07070707070707072,0.39470391491635975
0.6565656565656568,0.07070707070707072,0.48077807182377
0.6767676767676769,0.07070707070707072,0.4926677480725283
0.696969696969697,0.07070707070707072,0.26387337377215836
0.7171717171717173,0.07070707070707072,0.3435608439399226
0.7373737373737375,0.07070707070707072,0.36916833589044196
0.7575757575757578,0.07070707070707072,0.506229956081073
0.7777777777777779,0.07070707070707072,1.1062582546833768
0.7979797979797982,0.07070707070707072,0.2704704423220564
0.8181818181818183,0.07070707070707072,0.3760663074077529
0.8383838383838385,0.07070707070707072,0.42761348531009846
0.8585858585858588,0.07070707070707072,0.8442202112710425
0.8787878787878789,0.07070707070707072,0.46060869013025374
0.8989898989898992,0.07070707070707072,0.8946957427231256
0.9191919191919193,0.07070707070707072,0.6919216169266802
0.9393939393939394,0.07070707070707072,0.7115128741694667
0.9595959595959598,0.07070707070707072,0.8370428812023303
0.9797979797979799,0.07070707070707072,0.9888652891675017
1.0,0.07070707070707072,0.9976553437203513
-1.0,0.09090909090909105,0.9254880639418188
-0.9797979797979798,0.09090909090909105,0.6532085085996491
-0.9595959595959596,0.09090909090909105,0.5781488643928496
-0.9393939393939394,0.09090909090909105,0.7515835877367554
-0.9191919191919192,0.09090909090909105,1.0353300933907144
-0.898989898989899,0.09090909090909105,0.799970645666687
-0.8787878787878788,0.09090909090909105,1.0263827782027142
-0.8585858585858586,0.09090909090909105,0.6048639052129325
-0.8383838383838383,0.09090909090909105,0.9115520680574214
-0.8181818181818181,0.09090909090909105,0.6165290665799517
-0.797979797979798,0.09090909090909105,0.3594491598121235
-0.7777777777777778,0.09090909090909105,0.6792930088931848
-0.7575757575757576,0.09090909090909105,0.4739398102460272
-0.7373737373737373,0.09090909090909105,0.42627908901137074
-0.7171717171717171,0.09090909090909105,0.6765906183951266
-0.696969696969697,0.09090909090909105,0.65802384564562
-0.6767676767676767,0.09090909090909105,0.7973215623784781
-0.6565656565656566,0.09090909090909105,0.22782747531328304
-0.6363636363636364,0.09090909090909105,0.03417865761428518
-0.6161616161616161,0.09090909090909105,0.42947176212893423
-0.5959595959595959,0.09090909090909105,0.5425122501933679
-0.5757575757575757,0.09090909090909105,0.2198127180265379
-0.5555555555555556,0.09090909090909105,0.14748053461009814
-0.5353535353535352,0.09090909090909105,0.08039963898483943
-0.5151515151515151,0.09090909090909105,0.3172693105127137
-0.4949494949494949,0.09090909090909105,-0.046119056775231815
-0.4747474747474747,0.09090909090909105,0.3310111781522605
-0.4545454545454545,0.09090909090909105,-0.0749863193214409
-0.43434343434343425,0.09090909090909105,0.2715507746690138
-0.41414141414141414,0.09090909090909105,0.12031872925504367
-0.3939393939393939,0.09090909090909105,-0.022605734884146966
-0.3737373737373737,0.09090909090909105,-0.05687144694367027
-0.3535353535353535,0.09090909090909105,0.38609045461828073
-0.33333333333333326,0.09090909090909105,0.19033018648773203
-0.31313131313131304,0.09090909090909105,0.05823923406754471
-0.2929292929292928,0.09090909090909105,0.22794305488577837
-0.2727272727272727,0.09090909090909105,0.1113867668015573
-0.2525252525252525,0.09090909090909105,-0.08021163113255683
-0.23232323232323226,0.09090909090909105,0.1461266299017736
-0.21212121212121204,0.09090909090909105,0.26319428867574035
-0.19191919191919182,0.09090909090909105,0.09471999489127357
-0.1717171717171716,0.09090909090909105,-0.233890643772539
-0.1515151515151515,0.09090909090909105,0.13391157524605612
-0.13131313131313127,0.09090909090909105,-0.08351157332140122
-0.11111111111111105,0.09090909090909105,0.2115483081171085
-0.09090909090909083,0.09090909090909105,0.2276699696460442
-0.07070707070707061,0.09090909090909105,-0.0384564944669621
-0.050505050505050386,0.09090909090909105,0.5680250691329274
-0.030303030303030276,0.09090909090909105,-0.35250421157653333
-0.010101010101010055,0.09090909090909105,0.30575447142386003
0.010101010101010166,0.09090909090909105,0.10622883918434577
0.030303030303030498,0.09090909090909105,-0.28135789494163627
0.05050505050505061,0.09090909090909105,0.2270338608979353
0.07070707070707072,0.09090909090909105,0.16907761221823597
0.09090909090909105,0.09090909090909105,0.04993977231844381
0.11111111111111116,0.09090909090909105,0.05250898500262577
0.1313131313131315,0.09090909090909105,0.19779566205525376
0.1515151515151516,0.09090909090909105,0.12152756014428871
0.1717171717171717,0.09090909090909105,0.1274537119168358
0.19191919191919204,0.09090909090909105,0.11653215945027962
0.21212121212121215,0.09090909090909105,-0.11269368206696523
0.2323232323232325,0.09090909090909105,0.08769998557435912
0.2525252525252526,0.09090909090909105,-0.12475424511955255
0.27272727272727293,0.09090909090909105,0.24988324501672746
0.29292929292929304,0.09090909090909105,-0.09098959513985949
0.31313131313131315,0.09090909090909105,-0.021801895608721034
0.3333333333333335,0.09090909090909105,0.11420150384868942
0.3535353535353536,0.09090909090909105,0.19641031879811666
0.3737373737373739,0.09090909090909105,-0.3036873285347262
0.39393939393939403,0.09090909090909105,0.48526701037665254
0.41414141414141437,0.09090909090909105,-0.17963390586647712
0.4343434343434345,0.09090909090909105,0.20396329344106912
0.4545454545454546,0.09090909090909105,-0.007348438511705968
0.4747474747474749,0.09090909090909105,0.5041936990898365
0.49494949494949503,0.09090909090909105,0.16606591551777616
0.5151515151515154,0.09090909090909105,0.49829012936453604
0.5353535353535355,0.09090909090909105,0.42124088615083055
0.5555555555555556,0.09090909090909105,0.4625043900573213
0.5757575757575759,0.09090909090909105,0.6035549663921587
0.595959595959596,0.09090909090909105,0.5912879052333515
0.6161616161616164,0.09090909090909105,0.26652702797668226
0.6363636363636365,0.09090909090909105,0.5662314616072353
0.6565656565656568,0.09090909090909105,0.518468807098223
0.6767676767676769,0.09090909090909105,0.4358208887295453
0.696969696969697,0.09090909090909105,0.4293413201337989
0.7171717171717173,0.09090909090909105,0.12807652712788453
0.7373737373737375,0.09090909090909105,0.675699280061664
0.7575757575757578,0.09090909090909105,0.6098944491083167
0.7777777777777779,0.09090909090909105,0.2511496839205689
0.7979797979797982,0.09090909090909105,0.6019397398920386
0.8181818181818183,0.09090909090909105,0.566642328411871
0.8383838383838385,0.09090909090909105,0.8519722217963783
0.8585858585858588,0.09090909090909105,0.9190048010885852
0.8787878787878789,0.09090909090909105,1.1471266006297514
0.8989898989898992,0.09090909090909105,0.8756611923282305
0.9191919191919193,0.09090909090909105,0.8121005032240871
0.9393939393939394,0.09090909090909105,0.9420722746392376
0.9595959595959598,0.09090909090909105,1.083178608612105
0.9797979797979799,0.09090909090909105,1.0290618015364892
1.0,0.09090909090909105,1.316810166870903
-1.0,0.11111111111111116,1.2376147954963503
-0.9797979797979798,0.11111111111111116,0.4982451607101227
-0.9595959595959596,0.11111111111111116,0.33201807771677994
-0.9393939393939394,0.11111111111111116,0.708967614725651
-0.9191919191919192,0.11111111111111116,0.8570096316024679
-0.898989898989899,0.11111111111111116,0.4710506284802168
-0.8787878787878788,0.11111111111111116,0.6812928921072051
-0.8585858585858586,0.11111111111111116,0.4755314026580049
-0.8383838383838383,0.11111111111111116,0.6003335677235401
-0.8181818181818181,0.11111111111111116,0.7224957001606654
-0.797979797979798,0.11111111111111116,0.5236891149907021
-0.7777777777777778,0.11111111111111116,0.5882222771364951
-0.7575757575757576,0.11111111111111116,0.6645920311108537
-0.7373737373737373,0.11111111111111116,0.7679233038834065
-0.7171717171717171,0.11111111111111116,-0.041334097277126336
-0.696969696969697,0.11111111111111116,0.5663802839935219
-0.6767676767676767,0.11111111111111116,0.07971692393733365
-0.6565656565656566,0.11111111111111116,0.0660564941798869
-0.6363636363636364,0.11111111111111116,0.38253059722447674
-0.6161616161616161,0.11111111111111116,0.490910161240012
-0.5959595959595959,0.11111111111111116,0.4204789572163452
-0.5757575757575757,0.11111111111111116,0.48158708395582844
-0.5555555555555556,0.11111111111111116,0.15969889298517775
-0.5353535353535352,0.11111111111111116,0.1502253326763609
-0.5151515151515151,0.11111111111111116,0.543161505973156
-0.4949494949494949,0.11111111111111116,0.01801573224139158
-0.4747474747474747,0.11111111111111116,0.13453810692689008
-0.4545454545454545,0.11111111111111116,0.1646294613533304
-0.43434343434343425,0.11111111111111116,0.3623456437457264
-0.41414141414141414,0.11111111111111116,0.07010711939488273
-0.3939393939393939,0.11111111111111116,0.5518592391718244
-0.3737373737373737,0.11111111111111116,0.1352819539069536
-0.3535353535353535,0.11111111111111116,-0.1526444683101627
-0.33333333333333326,0.11111111111111116,0.08978964212910596
-0.31313131313131304,0.11111111111111116,-0.02037494648227732
-0.2929292929292928,0.11111111111111116,-0.061016129841306194
-0.2727272727272727,0.11111111111111116,0.042844745015246745
-0.2525252525252525,0.11111111111111116,0.11147801443107809
-0.23232323232323226,0.11111111111111116,-0.18422035129461564
-0.21212121212121204,0.11111111111111116,0.14067945035691634
-0.19191919191919182,0.11111111111111116,0.04549870828719659
-0.1717171717171716,0.11111111111111116,0.14509915318576252
-0.1515151515151515,0.11111111111111116,0.006257155345116189
-0.13131313131313127,0.11111111111111116,0.13576149549133532
-0.11111111111111105,0.11111111111111116,-0.0376263781548416
-0.09090909090909083,0.11111111111111116,0.10954892982399639
-0.07070707070707061,0.11111111111111116,0.005662950524747557
-0.050505050505050386,0.11111111111111116,-0.06699023969980461
-0.030303030303030276,0.11111111111111116,-0.23723602731394872
-0.010101010101010055,0.11111111111111116,-0.02325280301070015
0.010101010101010166,0.11111111111111116,0.448527528167036
0.030303030303030498,0.11111111111111116,0.2400525811250896
0.05050505050505061,0.11111111111111116,0.10085385791024279
0.07070707070707072,0.11111111111111116,-0.15927901953679333
0.09090909090909105,0.11111111111111116,-0.2447502090319278
0.11111111111111116,0.11111111111111116,0.07728823543975442
0.1313131313131315,0.11111111111111116,-0.016805044099657593
0.1515151515151516,0.11111111111111116,-0.15530747952533702
0.1717171717171717,0.11111111111111116,0.22581124226345506
0.19191919191919204,0.11111111111111116,0.3669071599925228
0.21212121212121215,0.11111111111111116,-0.10002321814082113
0.2323232323232325,0.11111111111111116,0.42106730737914777
0.2525252525252526,0.11111111111111116,0.08298381284142012
0.27272727272727293,0.11111111111111116,0.3892082595315895
0.29292929292929304,0.11111111111111116,0.42623827742520665
0.31313131313131315,0.11111111111111116,0.23966358227657164
0.3333333333333335,0.11111111111111116,-0.14631067458075747
0.3535353535353536,0.11111111111111116,0.31530526019887317
0.3737373737373739,0.11111111111111116,0.22543886208209496
0.39393939393939403,0.11111111111111116,0.0950014518971112
0.41414141414141437,0.11111111111111116,0.02079269316097726
0.4343434343434345,0.11111111111111116,0.40402525555646995
0.4545454545454546,0.11111111111111116,0.05854404108787939
0.4747474747474749,0.11111111111111116,-0.09421246043080281
0.49494949494949503,0.11111111111111116,0.2357927234678219
0.5151515151515154,0.11111111111111116,0.18236488724562294
0.5353535353535355,0.11111111111111116,0.2319138895476836
0.5555555555555556,0.11111111111111116,0.8099966419539251
0.5757575757575759,0.11111111111111116,0.5465035624510418
0.595959595959596,0.11111111111111116,0.32008912014721225
0.6161616161616164,0.11111111111111116,0.29800067984294876
0.6363636363636365,0.11111111111111116,0.3194021633417987
0.6565656565656568,0.11111111111111116,0.5491102959914484
0.6767676767676769,0.11111111111111116,0.4443525763576896
0.696969696969697,0.11111111111111116,0.0700027268055266
0.7171717171717173,0.11111111111111116,0.6227325019639074
0.7373737373737375,0.11111111111111116,0.5223326662758138
0.7575757575757578,0.11111111111111116,0.9002725402386054
0.7777777777777779,0.11111111111111116,0.7756916521468452
0.7979797979797982,0.11111111111111116,0.765012073293632
0.8181818181818183,0.11111111111111116,0.6245752554984109
0.8383838383838385,0.11111111111111116,0.5087066484017762
0.8585858585858588,0.11111111111111116,0.8536764831628123
0.8787878787878789,0.11111111111111116,0.8955087069009462
0.8989898989898992,0.11111111111111116,1.0326354548317171
0.9191919191919193,0.11111111111111116,0.708722745942707
0.9393939393939394,0.11111111111111116,0.44325192723358864
0.9595959595959598,0.11111111111111116,1.0238275898991238
0.9797979797979799,0.11111111111111116,1.055140473437289
1.0,0.11111111111111116,1.1516144033087097
-1.0,0.1313131313131315,1.0485660857083081
-0.9797979797979798,0.1313131313131315,0.9024496044349009
-0.9595959595959596,0.1313131313131315,0.6434326115725262
-0.9393939393939394,0.1313131313131315,1.0382001539940662
-0.9191919191919192,0.1313131313131315,0.8126339807750398
-0.898989898989899,0.1313131313131315,0.8582013731992135
-0.8787878787878788,0.1313131313131315,0.5983072111372526
-0.8585858585858586,0.1313131313131315,0.7296431731963569
-0.8383838383838383,0.1313131313131315,0.6416603768087797
-0.8181818181818181,0.1313131313131315,0.6952260480567014
-0.797979797979798,0.1313131313131315,0.30608639192919357
-0.7777777777777778,0.1313131313131315,0.8674518474476314
-0.7575757575757576,0.1313131313131315,0.5104625881082331
-0.7373737373737373,0.1313131313131315,0.6486949462186049
-0.7171717171717171,0.1313131313131315,0.698747464002574
-0.696969696969697,0.1313131313131315,0.3810235128131428
-0.6767676767676767,0.1313131313131315,0.7305389863830485
-0.6565656565656566,0.1313131313131315,0.7253133832919105
-0.6363636363636364,0.1313131313131315,0.41163093601960343
-0.6161616161616161,0.1313131313131315,0.2725155962674481
-0.5959595959595959,0.1313131313131315,0.6013057627898166
-0.5757575757575757,0.1313131313131315,0.26553568318734067
-0.5555555555555556,0.1313131313131315,0.41815698079410446
-0.5353535353535352,0.1313131313131315,0.32398472622383917
-0.5151515151515151,0.1313131313131315,0.5189186240128096
-0.4949494949494949,0.1313131313131315,0.1022785964965407
-0.4747474747474747,0.1313131313131315,0.15535308084953445
-0.4545454545454545,0.1313131313131315,0.3683303016310207
-0.43434343434343425,0.1313131313131315,-0.09148574602615908
-0.41414141414141414,0.1313131313131315,0.11646102906642086
-0.3939393939393939,0.1313131313131315,0.28332209552362436
-0.3737373737373737,0.1313131313131315,0.17763488055339186
-0.3535353535353535,0.1313131313131315,0.054410783346127624
-0.33333333333333326,0.1313131313131315,-0.16981783719030996
-0.31313131313131304,0.1313131313131315,0.10651852841972195
-0.2929292929292928,0.1313131313131315,-0.08099368774590009
-0.2727272727272727,0.1313131313131315,0.2008688495546998
-0.2525252525252525,0.1313131313131315,0.10391724615496986
-0.23232323232323226,0.1313131313131315,0.1553929816778501
-0.21212121212121204,0.1313131313131315,-0.025109974647227532
-0.19191919191919182,0.1313131313131315,0.0037383311895234257
-0.1717171717171716,0.1313131313131315,0.345235063438223
-0.1515151515151515,0.1313131313131315,-0.0050106483362433556
-0.13131313131313127,0.1313131313131315,0.20633242350209446
-0.11111111111111105,0.1313131313131315,-0.10486997797530197
-0.09090909090909083,0.1313131313131315,-0.2870940624369508
-0.07070707070707061,0.1313131313131315,0.09300109667780856
-0.050505050505050386,0.1313131313131315,-0.2115726748369757
-0.030303030303030276,0.1313131313131315,-0.16459652506782965
-0.010101010101010055,0.1313131313131315,-0.09581536846706026
0.010101010101010166,0.1313131313131315,0.08489432167400404
0.030303030303030498,0.1313131313131315,-0.2881746440721152
0.05050505050505061,0.1313131313131315,-0.14781903318628456
0.07070707070707072,0.1313131313131315,-0.09200748878127243
0.09090909090909105,0.1313131313131315,0.14425539027860196
0.11111111111111116,0.1313131313131315,0.11720924105043042
0.1313131313131315,0.1313131313131315,0.11045878254332969
0.1515151515151516,0.1313131313131315,0.006444458713310204
0.1717171717171717,0.1313131313131315,0.2758493764422446
0.19191919191919204,0.1313131313131315,0.2382955872429876
0.21212121212121215,0.1313131313131315,0.07839654477629308
0.2323232323232325,0.1313131313131315,0.057237625774047424
0.2525252525252526,0.1313131313131315,-0.08748964655909724
0.27272727272727293,0.1313131313131315,-0.18665621672882426
0.29292929292929304,0.1313131313131315,-0.05208737377151412
0.31313131313131315,0.1313131313131315,0.028914362040732562
0.3333333333333335,0.1313131313131315,0.22766266374471328
0.3535353535353536,0.1313131313131315,0.26702810675519933
0.3737373737373739,0.1313131313131315,0.5700445779202661
0.39393939393939403,0.1313131313131315,0.05835514522471098
0.41414141414141437,0.1313131313131315,0.07836538130807355
0.4343434343434345,0.1313131313131315,0.1872986256513837
0.4545454545454546,0.1313131313131315,0.15195955010580342
0.4747474747474749,0.1313131313131315,0.09232041531762372
0.49494949494949503,0.1313131313131315,0.27237446093975753
0.5151515151515154,0.1313131313131315,0.04997263902248067
0.5353535353535355,0.1313131313131315,0.3973942878545386
0.5555555555555556,0.1313131313131315,0.7473414801002454
0.5757575757575759,0.1313131313131315,0.30998977411813233
0.595959595959596,0.1313131313131315,0.21638831214946508
0.6161616161616164,0.1313131313131315,0.7424699662423697
0.6363636363636365,0.1313131313131315,0.3363761021887769
0.6565656565656568,0.1313131313131315,0.6129736154183094
0.6767676767676769,0.1313131313131315,0.6652311068719078
0.696969696969697,0.1313131313131315,0.2638155435498628
0.7171717171717173,0.1313131313131315,0.6129849164836534
0.7373737373737375,0.1313131313131315,0.1898132525814316
0.7575757575757578,0.1313131313131315,0.6559923703708859
0.7777777777777779,0.1313131313131315,0.8495335136053224
0.7979797979797982,0.1313131313131315,0.5701082074811233
0.8181818181818183,0.1313131313131315,0.835995946458968
0.8383838383838385,0.1313131313131315,0.1743313011054317
0.8585858585858588,0.1313131313131315,0.5217642036550361
0.8787878787878789,0.1313131313131315,0.9732309216092725
0.8989898989898992,0.1313131313131315,0.9300973075461239
0.9191919191919193,0.1313131313131315,1.0469487129817705
0.9393939393939394,0.1313131313131315,0.9911738155524187
0.9595959595959598,0.1313131313131315,1.3050209470337122
0.9797979797979799,0.1313131313131315,1.1571813800578608
1.0,0.1313131313131315,0.8352342080924601
-1.0,0.1515151515151516,0.819723670745645
-0.9797979797979798,0.1515151515151516,1.0476441718703011
-0.9595959595959596,0.1515151515151516,1.1194527471952294
-0.9393939393939394,0.1515151515151516,0.9180673029928158
-0.9191919191919192,0.1515151515151516,0.7641159540829079
-0.898989898989899,0.1515151515151516,0.676030461829888
-0.8787878787878788,0.1515151515151516,0.682237679532687
-0.8585858585858586,0.1515151515151516,1.0448821172371365
-0.8383838383838383,0.1515151515151516,0.7158351622833659
-0.8181818181818181,0.1515151515151516,0.5525899003945203
-0.797979797979798,0.1515151515151516,0.5726988601881616
-0.7777777777777778,0.1515151515151516,0.7261774012180697
-0.7575757575757576,0.1515151515151516,0.47064803681889394
-0.7373737373737373,0.1515151515151516,0.4697649026282652
-0.7171717171717171,0.1515151515151516,0.5056065077379279
-0.696969696969697,0.1515151515151516,0.29213331803631604
-0.6767676767676767,0.1515151515151516,0.8459536944372223
-0.6565656565656566,0.1515151515151516,0.6334344117722392
-0.6363636363636364,0.1515151515151516,0.1509751730727793
-0.6161616161616161,0.1515151515151516,0.6013172341826394
-0.5959595959595959,0.1515151515151516,0.4923942165945055
-0.5757575757575757,0.1515151515151516,0.04683416020225922
-0.5555555555555556,0.1515151515151516,0.08182009287095257
-0.5353535353535352,0.1515151515151516,0.187584459990919
-0.5151515151515151,0.1515151515151516,0.4411610808097451
-0.4949494949494949,0.1515151515151516,0.21570331716471886
-0.4747474747474747,0.1515151515151516,0.48482734372145025
-0.4545454545454545,0.1515151515151516,0.24895795360962414
-0.43434343434343425,0.1515151515151516,0.3626791592672074
-0.41414141414141414,0.1515151515151516,-0.09233855195486035
-0.3939393939393939,0.1515151515151516,0.1356609791122096
-0.3737373737373737,0.1515151515151516,-0.09477231020859794
-0.3535353535353535,0.1515151515151516,-0.22991771383190487
-0.33333333333333326,0.1515151515151516,0.12508501581208095
-0.31313131313131304,0.1515151515151516,-0.06571244248876237
-0.2929292929292928,0.1515151515151516,0.07204813048105102
-0.2727272727272727,0.1515151515151516,0.19585325648867427
-0.2525252525252525,0.1515151515151516,0.11644793335969947
-0.23232323232323226,0.1515151515151516,-0.07042807466858021
-0.21212121212121204,0.1515151515151516,-0.0027511474334057547
-0.19191919191919182,0.1515151515151516,-0.04616324838821268
-0.1717171717171716,0.1515151515151516,0.24634306756641808
-0.1515151515151515,0.1515151515151516,0.104766809101315
-0.13131313131313127,0.1515151515151516,-0.008681610230385535
-0.11111111111111105,0.1515151515151516,0.07481563735878088
-0.09090909090909083,0.1515151515151516,-0.04113323003905576
-0.07070707070707061,0.1515151515151516,0.048438933514942537
-0.050505050505050386,0.1515151515151516,-0.17513119602914656
-0.030303030303030276,0.1515151515151516,-0.0071550301029668
-0.010101010101010055,0.1515151515151516,-0.4577087391460557
0.010101010101010166,0.1515151515151516,-0.2925788750807432
0.030303030303030498,0.1515151515151516,-0.013556914814018281
0.05050505050505061,0.1515151515151516,-0.08460987740505085
0.07070707070707072,0.1515151515151516,-0.05869153677351652
0.09090909090909105,0.1515151515151516,-0.17367208869143672
0.11111111111111116,0.1515151515151516,0.18846186791044553
0.1313131313131315,0.1515151515151516,0.07302828724448629
0.1515151515151516,0.1515151515151516,0.11268635153574946
0.1717171717171717,0.1515151515151516,0.18691377107654367
0.19191919191919204,0.1515151515151516,-0.026026601356091757
0.21212121212121215,0.1515151515151516,0.11936038192858266
0.2323232323232325,0.1515151515151516,-0.08431627905940794
0.2525252525252526,0.1515151515151516,0.029192463922908946
0.27272727272727293,0.1515151515151516,-0.08077342630865017
0.29292929292929304,0.1515151515151516,-0.29978248332119584
0.31313131313131315,0.1515151515151516,0.13557594697250291
0.3333333333333335,0.1515151515151516,0.07043488099611234
0.3535353535353536,0.1515151515151516,0.40373759145010407
0.3737373737373739,0.1515151515151516,0.26990063625010036
0.39393939393939403,0.1515151515151516,0.2513384762943076
0.41414141414141437,0.1515151515151516,0.34106315651958735
0.4343434343434345,0.1515151515151516,0.08857649973991233
0.4545454545454546,0.1515151515151516,0.3016305897740912
0.4747474747474749,0.1515151515151516,-0.1811416290786355
0.49494949494949503,0.1515151515151516,0.1342158969741265
0.5151515151515154,0.1515151515151516,0.3964605963266439
0.5353535353535355,0.1515151515151516,0.2006725678483547
0.5555555555555556,0.1515151515151516,0.5649952818238432
0.5757575757575759,0.1515151515151516,0.3298411604788523
0.595959595959596,0.1515151515151516,0.5775583071482271
0.6161616161616164,0.1515151515151516,0.603758549107865
0.6363636363636365,0.1515151515151516,0.28318552955102344
0.6565656565656568,0.1515151515151516,0.06055993073090177
0.6767676767676769,0.1515151515151516,0.4526092533929971
0.696969696969697,0.1515151515151516,0.701684175091039
0.7171717171717173,0.1515151515151516,0.8080036996437456
0.7373737373737375,0.1515151515151516,0.5826982020341056
0.7575757575757578,0.1515151515151516,0.7375684337198016
0.7777777777777779,0.1515151515151516,0.3668953865075985
0.7979797979797982,0.1515151515151516,0.48342552456766896
0.8181818181818183,0.1515151515151516,0.5147718522418402
0.8383838383838385,0.1515151515151516,0.5386958419222079
0.8585858585858588,0.1515151515151516,0.3992505325215636
0.8787878787878789,0.1515151515151516,0.6350013888671023
0.8989898989898992,0.1515151515151516,0.8916612677566227
0.9191919191919193,0.1515151515151516,0.7851685063424445
0.9393939393939394,0.1515151515151516,0.7793449821599259
0.9595959595959598,0.1515151515151516,0.5409847012332648
0.9797979797979799,0.1515151515151516,1.0171748202351085
1.0,0.1515151515151516,0.987241869282059
-1.0,0.1717171717171717,1.107457775040069
-0.9797979797979798,0.1717171717171717,0.9176149317857681
-0.9595959595959596,0.1717171717171717,0.8512943819353382
-0.9393939393939394,0.1717171717171717,0.7775509484309296
-0.9191919191919192,0.1717171717171717,1.0107873976662771
-0.898989898989899,0.1717171717171717,0.28795619281471685
-0.8787878787878788,0.1717171717171717,0.6758125766483892
-0.8585858585858586,0.1717171717171717,0.9510985167923238
-0.8383838383838383,0.1717171717171717,0.9490725147052214
-0.8181818181818181,0.1717171717171717,0.7097187626227096
-0.797979797979798,0.1717171717171717,0.7589604237712186
-0.7777777777777778,0.1717171717171717,0.5048408680096321
-0.7575757575757576,0.1717171717171717,0.6794861109419932
-0.7373737373737373,0.1717171717171717,0.3542302549385196
-0.7171717171717171,0.1717171717171717,0.5840134392890683
-0.696969696969697,0.1717171717171717,0.3945304602192067
-0.6767676767676767,0.1717171717171717,0.3828213149903997
-0.6565656565656566,0.1717171717171717,0.5623207349779787
-0.6363636363636364,0.1717171717171717,0.039666035442539826
-0.6161616161616161,0.1717171717171717,0.29912129074211025
-0.5959595959595959,0.1717171717171717,0.4300154964044412
-0.5757575757575757,0.1717171717171717,0.3582742048474845
-0.5555555555555556,0.1717171717171717,0.06830294107376239
-0.5353535353535352,0.1717171717171717,-0.14831463410180878
-0.5151515151515151,0.1717171717171717,0.37849048725327994
-0.4949494949494949,0.1717171717171717,0.40183558732623786
-0.4747474747474747,0.1717171717171717,0.26037865644219593
-0.4545454545454545,0.1717171717171717,0.12025444389006827
-0.43434343434343425,0.1717171717171717,0.19779445274119087
-0.41414141414141414,0.1717171717171717,-0.0021190804905903693
-0.3939393939393939,0.1717171717171717,-0.5543864396452911
-0.3737373737373737,0.1717171717171717,0.06783397357511534
-0.3535353535353535,0.1717171717171717,-0.11549394716268371
-0.33333333333333326,0.1717171717171717,0.16532043661704943
-0.31313131313131304,0.1717171717171717,0.13495118796734507
-0.2929292929292928,0.1717171717171717,0.3623958767776986
-0.2727272727272727,0.1717171717171717,0.32832921131294424
-0.2525252525252525,0.1717171717171717,0.056120983032845975
-0.23232323232323226,0.1717171717171717,-0.017783664861803182
-0.21212121212121204,0.1717171717171717,-0.18788751811710158
-0.19191919191919182,0.1717171717171717,0.2858693464622747
-0.1717171717171716,0.1717171717171717,-0.08422973256744166
-0.1515151515151515,0.1717171717171717,-0.15646349463453685
-0.13131313131313127,0.1717171717171717,-0.193107753193149
-0.11111111111111105,0.1717171717171717,0.17591414798447824
-0.09090909090909083,0.1717171717171717,0.02222253450889171
-0.07070707070707061,0.1717171717171717,0.23187272094157294
-0.050505050505050386,0.1717171717171717,0.29803061894404903
-0.030303030303030276,0.1717171717171717,0.016612269343341278
-0.010101010101010055,0.1717171717171717,0.3485576926197737
0.010101010101010166,0.1717171717171717,-0.36713650969471184
0.030303030303030498,0.1717171717171717,-0.07602038554886298
0.05050505050505061,0.1717171717171717,0.012960989806723902
0.07070707070707072,0.1717171717171717,-0.3481966944549408
0.09090909090909105,0.1717171717171717,6.855256002646221e-06
0.11111111111111116,0.1717171717171717,-0.2742497035315379
0.1313131313131315,0.1717171717171717,-0.08864815687923132
0.1515151515151516,0.1717171717171717,-0.10795432336384791
0.1717171717171717,0.1717171717171717,0.11309805568062486
0.19191919191919204,0.1717171717171717,-0.24707193430420998
0.21212121212121215,0.1717171717171717,0.17077969729100512
0.2323232323232325,0.1717171717171717,0.08137436137351262
0.2525252525252526,0.1717171717171717,-0.19243288607699854
0.27272727272727293,0.1717171717171717,0.39756498023874265
0.29292929292929304,0.1717171717171717,0.32368403528854417
0.31313131313131315,0.1717171717171717,-0.12446998542512654
0.3333333333333335,0.1717171717171717,0.19252161882941965
0.3535353535353536,0.1717171717171717,0.03757356501520134
0.3737373737373739,0.1717171717171717,0.11579985961290723
0.39393939393939403,0.1717171717171717,0.24638674540535266
0.41414141414141437,0.1717171717171717,-0.02956976743261075
0.4343434343434345,0.1717171717171717,-0.4082644393041589
0.4545454545454546,0.1717171717171717,0.17480985277633768
0.4747474747474749,0.1717171717171717,0.36506769654927634
0.49494949494949503,0.1717171717171717,0.310581532968108
0.5151515151515154,0.1717171717171717,0.1652062399126909
0.5353535353535355,0.1717171717171717,0.4556214459175527
0.5555555555555556,0.1717171717171717,0.11513181494490349
0.5757575757575759,0.1717171717171717,0.36890225147598776
0.595959595959596,0.1717171717171717,0.3547088353552153
0.6161616161616164,0.1717171717171717,-0.0630588121301251
0.6363636363636365,0.1717171717171717,0.38947205814289043
0.6565656565656568,0.1717171717171717,0.3062971489941395
0.6767676767676769,0.1717171717171717,0.32918487506837746
0.696969696969697,0.1717171717171717,0.5240568197097966
0.7171717171717173,0.1717171717171717,0.5914116557033507
0.7373737373737375,0.1717171717171717,0.6267462622579981
0.7575757575757578,0.1717171717171717,0.7774134196507687
0.7777777777777779,0.1717171717171717,0.24827290278807113
0.7979797979797982,0.1717171717171717,0.38467198932489655
0.8181818181818183,0.1717171717171717,0.876995262607569
0.8383838383838385,0.1717171717171717,0.7959107911887984
0.8585858585858588,0.1717171717171717,0.5312939790518451
0.8787878787878789,0.1717171717171717,0.4250312002476583
0.8989898989898992,0.1717171717171717,0.47522460786301457
0.9191919191919193,0.1717171717171717,0.9472428308682661
0.9393939393939394,0.1717171717171717,1.0135284900740666
0.9595959595959598,0.1717171717171717,1.2119411598880951
0.9797979797979799,0.1717171717171717,0.867910753545232
1.0,0.1717171717171717,0.9559042101703048
-1.0,0.19191919191919204,0.560905356641673
-0.9797979797979798,0.19191919191919204,0.9770785751871415
-0.9595959595959596,0.19191919191919204,0.6556561884444991
-0.9393939393939394,0.19191919191919204,0.8814667174181545
-0.9191919191919192,0.19191919191919204,0.6214564551609723
-0.898989898989899,0.19191919191919204,0.8083797734031268
-0.8787878787878788,0.19191919191919204,1.004648192127539
-0.8585858585858586,0.19191919191919204,0.7517316268755332
-0.8383838383838383,0.19191919191919204,0.11997145974362111
-0.8181818181818181,0.19191919191919204,0.3987180667647187
-0.797979797979798,0.19191919191919204,0.4353277233744224
-0.7777777777777778,0.19191919191919204,0.741457518870887
-0.7575757575757576,0.19191919191919204,0.5388523924737383
-0.7373737373737373,0.19191919191919204,0.5463655160175998
-0.7171717171717171,0.19191919191919204,0.2697468669441162
-0.696969696969697,0.19191919191919204,0.7634965015070705
-0.6767676767676767,0.19191919191919204,0.5820506745204046
-0.6565656565656566,0.19191919191919204,0.4489812689917281
-0.6363636363636364,0.19191919191919204,0.6199355962385095
-0.6161616161616161,0.19191919191919204,0.49794733025898064
-0.5959595959595959,0.19191919191919204,0.48915449215543044
-0.5757575757575757,0.19191919191919204,0.055560981004859206
-0.5555555555555556,0.19191919191919204,0.3122119910803832
-0.5353535353535352,0.19191919191919204,0.4136818375611153
-0.5151515151515151,0.19191919191919204,0.37447628145648015
-0.4949494949494949,0.19191919191919204,0.2786931311293681
-0.4747474747474747,0.19191919191919204,0.010639267233696625
-0.4545454545454545,0.19191919191919204,0.048301125940536385
-0.43434343434343425,0.19191919191919204,0.03812498927731808
-0.41414141414141414,0.19191919191919204,0.08452007569676118
-0.3939393939393939,0.19191919191919204,0.14192618676023705
-0.3737373737373737,0.19191919191919204,0.2251719297906532
-0.3535353535353535,0.19191919191919204,-0.01679081427008701
-0.33333333333333326,0.19191919191919204,0.24373741136311355
-0.31313131313131304,0.19191919191919204,-0.08553496406924689
-0.2929292929292928,0.19191919191919204,-0.07865283097026489
-0.2727272727272727,0.19191919191919204,0.0810418927680803
-0.2525252525252525,0.19191919191919204,0.1836622420337247
-0.23232323232323226,0.19191919191919204,-0.05540436162839548
-0.21212121212121204,0.19191919191919204,0.01814531373578821
-0.19191919191919182,0.19191919191919204,-0.08604296315584431
-0.1717171717171716,0.19191919191919204,-0.25141438808218425
-0.1515151515151515,0.19191919191919204,-0.1756509914329113
-0.13131313131313127,0.19191919191919204,0.16101692383121388
-0.11111111111111105,0.19191919191919204,-0.09284108392551518
-0.09090909090909083,0.19191919191919204,0.10921585766176971
-0.07070707070707061,0.19191919191919204,-0.3062602004551414
-0.050505050505050386,0.19191919191919204,-0.3133342838221418
-0.030303030303030276,0.19191919191919204,-0.15245684991932243
-0.010101010101010055,0.19191919191919204,0.3042064328787797
0.010101010101010166,0.19191919191919204,-0.10124205743235647
0.030303030303030498,0.19191919191919204,0.1344666953219579
0.05050505050505061,0.19191919191919204,-0.377398243661429
0.07070707070707072,0.19191919191919204,-0.10608881613859096
0.09090909090909105,0.19191919191919204,-0.01957469641887602
0.11111111111111116,0.19191919191919204,-0.13376357571011738
0.1313131313131315,0.19191919191919204,-0.24325150853261113
0.1515151515151516,0.19191919191919204,0.1041125430722335
0.1717171717171717,0.19191919191919204,0.08836167617746009
0.19191919191919204,0.19191919191919204,0.21276234996269877
0.21212121212121215,0.19191919191919204,-0.01918405552122883
0.2323232323232325,0.19191919191919204,0.03168118317679202
0.2525252525252526,0.19191919191919204,0.21067637624615
0.27272727272727293,0.19191919191919204,-0.03273585751448391
0.29292929292929304,0.19191919191919204,0.3879327395631901
0.31313131313131315,0.19191919191919204,-0.1040522972829567
0.3333333333333335,0.19191919191919204,0.004394811895116993
0.3535353535353536,0.19191919191919204,0.49747887289265585
0.3737373737373739,0.19191919191919204,0.10490819161400214
0.39393939393939403,0.19191919191919204,-0.2947317322487354
0.41414141414141437,0.19191919191919204,-0.016347936025788018
0.4343434343434345,0.19191919191919204,0.20911908522566064
0.4545454545454546,0.19191919191919204,0.40659176203957237
0.4747474747474749,0.19191919191919204,-0.07578488809216835
0.49494949494949503,0.19191919191919204,0.21264181540112265
0.5151515151515154,0.19191919191919204,0.025549427616398668
0.5353535353535355,0.19191919191919204,0.45933866052414485
0.5555555555555556,0.19191919191919204,0.0658641852412915
0.5757575757575759,0.19191919191919204,0.11935578776458625
0.595959595959596,0.19191919191919204,0.34759597518532553
0.6161616161616164,0.19191919191919204,0.28393952782182524
0.6363636363636365,0.19191919191919204,0.5678843577402198
0.6565656565656568,0.19191919191919204,0.6095146028449139
0.6767676767676769,0.19191919191919204,0.3386328153477012
0.696969696969697,0.19191919191919204,0.20324390790060737
0.7171717171717173,0.19191919191919204,0.10044704993498849
0.7373737373737375,0.19191919191919204,0.5357225102764944
0.7575757575757578,0.19191919191919204,0.6923853283392285
0.7777777777777779,0.19191919191919204,0.5849454849428622
0.7979797979797982,0.19191919191919204,0.41511741676081526
0.8181818181818183,0.19191919191919204,0.6275751345995024
0.8383838383838385,0.19191919191919204,0.757531904694892
0.8585858585858588,0.19191919191919204,0.578844861007834
0.8787878787878789,0.19191919191919204,0.8245076874873409
0.8989898989898992,0.19191919191919204,0.7558897542770742
0.9191919191919193,0.19191919191919204,0.7936359732108713
0.9393939393939394,0.19191919191919204,1.1395084262203337
0.9595959595959598,0.19191919191919204,0.9523923116814536
0.9797979797979799,0.19191919191919204,0.713266899417154
1.0,0.19191919191919204,1.1395059724769885
-1.0,0.21212121212121215,0.546843749217016
-0.9797979797979798,0.21212121212121215,0.6883296473792556
-0.9595959595959596,0.21212121212121215,0.9883196698536035
-0.9393939393939394,0.21212121212121215,0.8906930850500988
-0.9191919191919192,0.21212121212121215,0.7705392228073311
-0.898989898989899,0.21212121212121215,0.8849402115418841
-0.8787878787878788,0.21212121212121215,0.6836190563687654
-0.8585858585858586,0.21212121212121215,1.016714705355616
-0.8383838383838383,0.21212121212121215,0.636872719425259
-0.8181818181818181,0.21212121212121215,0.5681503191098862
-0.797979797979798,0.21212121212121215,0.7636652805883702
-0.7777777777777778,0.21212121212121215,0.2610164727921673
-0.7575757575757576,0.21212121212121215,0.6224009337528923
-0.7373737373737373,0.21212121212121215,0.29053584981167035
-0.7171717171717171,0.21212121212121215,0.687850295378319
-0.696969696969697,0.21212121212121215,0.3578350153936677
-0.6767676767676767,0.21212121212121215,0.2674879234402087
-0.6565656565656566,0.21212121212121215,0.3325477102442463
-0.6363636363636364,0.21212121212121215,0.26246166177390456
-0.6161616161616161,0.21212121212121215,0.6404501385121887
-0.5959595959595959,0.21212121212121215,0.294485163656284
-0.5757575757575757,0.21212121212121215,0.27511532588073306
-0.5555555555555556,0.21212121212121215,0.007686125132549182
-0.5353535353535352,0.21212121212121215,0.5683543996473209
-0.5151515151515151,0.21212121212121215,-0.15242136643096896
-0.4949494949494949,0.21212121212121215,0.43819810189749464
-0.4747474747474747,0.21212121212121215,-0.21241552219672272
-0.4545454545454545,0.21212121212121215,0.26215151241821477
-0.43434343434343425,0.21212121212121215,0.11902133904738896
-0.41414141414141414,0.21212121212121215,0.35745358934776084
-0.3939393939393939,0.21212121212121215,0.20732882173859254
-0.3737373737373737,0.21212121212121215,0.16273894889978
-0.3535353535353535,0.21212121212121215,0.2838486608689411
-0.33333333333333326,0.21212121212121215,0.024404540281172782
-0.31313131313131304,0.21212121212121215,-0.05321691208266823
-0.2929292929292928,0.21212121212121215,0.10996097318455392
-0.2727272727272727,0.21212121212121215,-0.18716803969278994
-0.2525252525252525,0.21212121212121215,-0.1375614856549036
-0.23232323232323226,0.21212121212121215,0.0048246064934731
-0.21212121212121204,0.21212121212121215,-0.20639373156293403
-0.19191919191919182,0.21212121212121215,-0.015462883794495695
-0.1717171717171716,0.21212121212121215,-0.12929155653899946
-0.1515151515151515,0.21212121212121215,-0.10282752776262885
-0.13131313131313127,0.21212121212121215,0.14023160775117757
-0.11111111111111105,0.21212121212121215,0.19199981033246635
-0.09090909090909083,0.21212121212121215,-0.05506414370210086
-0.07070707070707061,0.21212121212121215,0.018249580415512702
-0.050505050505050386,0.21212121212121215,0.03774118575720588
-0.030303030303030276,0.21212121212121215,-0.04911057457129743
-0.010101010101010055,0.21212121212121215,-0.11051185522249143
0.010101010101010166,0.21212121212121215,0.24975621562123285
0.030303030303030498,0.21212121212121215,-0.09997531472038143
0.05050505050505061,0.21212121212121215,0.10791216408264834
0.07070707070707072,0.21212121212121215,-0.19627976596536592
0.09090909090909105,0.21212121212121215,-0.17585520517488326
0.11111111111111116,0.21212121212121215,0.06175770156310049
0.1313131313131315,0.21212121212121215,-0.24141250214803897
0.1515151515151516,0.21212121212121215,-0.130295055004907
0.1717171717171717,0.21212121212121215,-0.21341966649504732
0.19191919191919204,0.21212121212121215,0.11163652426663087
0.21212121212121215,0.21212121212121215,-0.00022358065115271866
0.2323232323232325,0.21212121212121215,-0.04035168913056227
0.2525252525252526,0.21212121212121215,0.10620559781523722
0.27272727272727293,0.21212121212121215,0.1710459357410075
0.29292929292929304,0.21212121212121215,0.3666252612658723
0.31313131313131315,0.21212121212121215,0.016387994945253392
0.3333333333333335,0.21212121212121215,-0.14610545609290002
0.3535353535353536,0.21212121212121215,0.3228373794005736
0.3737373737373739,0.21212121212121215,-0.03480732155320321
0.39393939393939403,0.21212121212121215,0.21731116644415127
0.41414141414141437,0.21212121212121215,0.07609531222182957
0.4343434343434345,0.21212121212121215,-0.08086688296889283
0.4545454545454546,0.21212121212121215,0.03038270579719285
0.4747474747474749,0.21212121212121215,0.031795929246324545
0.49494949494949503,0.21212121212121215,0.16857332868822483
0.5151515151515154,0.21212121212121215,0.3704761639997953
0.5353535353535355,0.21212121212121215,0.02213970806050608
0.5555555555555556,0.21212121212121215,0.3970421711348246
0.5757575757575759,0.21212121212121215,0.041464407526685954
0.595959595959596,0.21212121212121215,0.08814436840242096
0.6161616161616164,0.21212121212121215,0.03225305871599282
0.6363636363636365,0.21212121212121215,0.29829058881314424
0.6565656565656568,0.21212121212121215,0.3425039255334743
0.6767676767676769,0.21212121212121215,0.2954330488693275
0.696969696969697,0.21212121212121215,0.1055836851710461
0.7171717171717173,0.21212121212121215,0.17781419198410914
0.7373737373737375,0.21212121212121215,0.47515592934664647
0.7575757575757578,0.21212121212121215,0.8106419832066636
0.7777777777777779,0.21212121212121215,0.13501137875453828
0.7979797979797982,0.21212121212121215,0.46984239946360123
0.8181818181818183,0.21212121212121215,0.7419624970502108
0.8383838383838385,0.21212121212121215,0.465286530427074
0.8585858585858588,0.21212121212121215,0.7699780269978715
0.8787878787878789,0.21212121212121215,0.6505659306782234
0.8989898989898992,0.21212121212121215,0.8197798169252147
0.9191919191919193,0.21212121212121215,0.5199270353299414
0.9393939393939394,0.21212121212121215,0.7210726748698462
0.9595959595959598,0.21212121212121215,1.2488157589982967
0.9797979797979799,0.21212121212121215,1.059515410003655
1.0,0.21212121212121215,0.8681532710949352
-1.0,0.2323232323232325,0.6349691722637448
-0.9797979797979798,0.2323232323232325,0.7847455729567504
-0.9595959595959596,0.2323232323232325,0.6365930734437439
-0.9393939393939394,0.2323232323232325,0.8633841557486258
-0.9191919191919192,0.2323232323232325,0.7956488876450126
-0.898989898989899,0.2323232323232325,0.617930815327177
-0.8787878787878788,0.2323232323232325,0.37587691299972636
-0.8585858585858586,0.2323232323232325,0.6356763395757794
-0.8383838383838383,0.2323232323232325,0.36597158516901523
-0.8181818181818181,0.2323232323232325,0.971805639379518
-0.797979797979798,0.2323232323232325,0.6251800549258841
-0.7777777777777778,0.2323232323232325,0.33296363651231703
-0.7575757575757576,0.2323232323232325,0.37145708597329297
-0.7373737373737373,0.2323232323232325,0.7051232901672237
-0.7171717171717171,0.2323232323232325,0.5342789260990984
-0.696969696969697,0.2323232323232325,0.47106986531995654
-0.6767676767676767,0.2323232323232325,0.4153310408520546
-0.6565656565656566,0.2323232323232325,0.6271824118524869
-0.6363636363636364,0.2323232323232325,0.5872640749745155
-0.6161616161616161,0.2323232323232325,0.09289494627228503
-0.5959595959595959,0.2323232323232325,0.5568613104414964
-0.5757575757575757,0.2323232323232325,-0.1469902577500633
-0.5555555555555556,0.2323232323232325,0.31812092731254316
-0.5353535353535352,0.2323232323232325,-0.09344882965426499
-0.5151515151515151,0.2323232323232325,-0.09087379369608556
-0.4949494949494949,0.2323232323232325,0.36914902151243756
-0.4747474747474747,0.2323232323232325,0.0391763826470066
-0.4545454545454545,0.2323232323232325,0.6633371067797256
-0.43434343434343425,0.2323232323232325,-0.38432339087504475
-0.41414141414141414,0.2323232323232325,-0.21237384441127072
-0.3939393939393939,0.2323232323232325,0.3085798223370847
-0.3737373737373737,0.2323232323232325,-0.002003474850749906
-0.3535353535353535,0.2323232323232325,0.28307868075783027
-0.33333333333333326,0.2323232323232325,0.1578387370001753
-0.31313131313131304,0.2323232323232325,0.17580173376625094
-0.2929292929292928,0.2323232323232325,-0.2685691099480817
-0.2727272727272727,0.2323232323232325,0.23247368315661404
-0.2525252525252525,0.2323232323232325,0.12230068690180632
-0.23232323232323226,0.2323232323232325,0.08120191230987975
-0.21212121212121204,0.2323232323232325,-0.15276203407181543
-0.19191919191919182,0.2323232323232325,-0.10761485923283234
-0.1717171717171716,0.2323232323232325,-0.014987616580620741
-0.1515151515151515,0.2323232323232325,0.22197169338025763
-0.13131313131313127,0.2323232323232325,0.32910615750225986
-0.11111111111111105,0.2323232323232325,0.08119707013116284
-0.09090909090909083,0.2323232323232325,0.14855969223005708
-0.07070707070707061,0.2323232323232325,0.11387262837185008
-0.050505050505050386,0.2323232323232325,0.16682053587618412
-0.030303030303030276,0.2323232323232325,-0.3009401402893127
-0.010101010101010055,0.2323232323232325,0.028713164484122075
0.010101010101010166,0.2323232323232325,0.1265614499752809
0.030303030303030498,0.2323232323232325,-0.20462780214933915
0.05050505050505061,0.2323232323232325,-0.15981007409029918
0.07070707070707072,0.2323232323232325,-0.04218703159932762
0.09090909090909105,0.2323232323232325,-0.16141831098512277
0.11111111111111116,0.2323232323232325,0.06511864206515511
0.1313131313131315,0.2323232323232325,-0.20168499400605383
0.1515151515151516,0.2323232323232325,-0.2648157804249475
0.1717171717171717,0.2323232323232325,0.04903755422520585
0.19191919191919204,0.2323232323232325,-0.2595400168675722
0.21212121212121215,0.2323232323232325,-0.041674382164830624
0.2323232323232325,0.2323232323232325,-0.09577485255946235
0.2525252525252526,0.2323232323232325,-0.07748214562208006
0.27272727272727293,0.2323232323232325,0.034900118512562556
0.29292929292929304,0.2323232323232325,-0.24592101972044933
0.31313131313131315,0.2323232323232325,-0.3385072025134728
0.3333333333333335,0.2323232323232325,-0.06588855336624759
0.3535353535353536,0.2323232323232325,0.20631979468928577
0.3737373737373739,0.2323232323232325,0.06995561270489498
0.39393939393939403,0.2323232323232325,0.06914395421203258
0.41414141414141437,0.2323232323232325,0.35237800551942955
0.4343434343434345,0.2323232323232325,0.2446089622612766
0.4545454545454546,0.2323232323232325,0.06494003727437464
0.4747474747474749,0.2323232323232325,0.5934211668602427
0.49494949494949503,0.2323232323232325,0.05448865637734121
0.5151515151515154,0.2323232323232325,-0.135835208351816
0.5353535353535355,0.2323232323232325,0.2481427578754763
0.5555555555555556,0.2323232323232325,0.22761517232796993
0.5757575757575759,0.2323232323232325,0.10308655107521614
0.595959595959596,0.2323232323232325,0.40078047333383227
0.6161616161616164,0.2323232323232325,0.4313859972069407
0.6363636363636365,0.2323232323232325,0.6764817469062651
0.6565656565656568,0.2323232323232325,0.3973775311948911
0.6767676767676769,0.2323232323232325,0.5618089608195552
0.696969696969697,0.2323232323232325,0.6466071602117377
0.7171717171717173,0.2323232323232325,0.7160969957425749
0.7373737373737375,0.2323232323232325,0.8535371970856028
0.7575757575757578,0.2323232323232325,0.36865102779520986
0.7777777777777779,0.2323232323232325,0.2176628834931021
0.7979797979797982,0.2323232323232325,0.7574672741492976
0.8181818181818183,0.2323232323232325,0.664262362980921
0.8383838383838385,0.2323232323232325,0.5886787398178248
0.8585858585858588,0.2323232323232325,0.4240292857570712
0.8787878787878789,0.2323232323232325,0.7991191077547428
0.8989898989898992,0.2323232323232325,0.7958302737902795
0.9191919191919193,0.2323232323232325,0.8167179236739608
0.9393939393939394,0.2323232323232325,0.9040681165054447
0.9595959595959598,0.2323232323232325,0.6463354377353959
0.9797979797979799,0.2323232323232325,0.9921986858946474
1.0,0.2323232323232325,0.9335988989606085
-1.0,0.2525252525252526,0.7412789670670601
-0.9797979797979798,0.2525252525252526,0.8686961208385189
-0.9595959595959596,0.2525252525252526,1.13609272020263
-0.9393939393939394,0.2525252525252526,0.831075399327182
-0.9191919191919192,0.2525252525252526,0.49727043292759016
-0.898989898989899,0.2525252525252526,0.7040440302709111
-0.8787878787878788,0.2525252525252526,0.7923191033746775
-0.8585858585858586,0.2525252525252526,0.5196671955605436
-0.8383838383838383,0.2525252525252526,0.6202605565154041
-0.8181818181818181,0.2525252525252526,0.3640576948849771
-0.797979797979798,0.2525252525252526,0.34180652174107173
-0.7777777777777778,0.2525252525252526,0.5446476932837179
-0.7575757575757576,0.2525252525252526,0.24454564783261118
-0.7373737373737373,0.2525252525252526,0.4373091730214373
-0.7171717171717171,0.2525252525252526,0.12469056492433278
-0.696969696969697,0.2525252525252526,0.507862022564403
-0.6767676767676767,0.2525252525252526,0.4489308352596846
-0.6565656565656566,0.2525252525252526,0.2984092925854044
-0.6363636363636364,0.2525252525252526,0.2399186199114679
-0.6161616161616161,0.2525252525252526,0.2934200485746637
-0.5959595959595959,0.2525252525252526,0.22709104024984195
-0.5757575757575757,0.2525252525252526,0.46142609355276065
-0.5555555555555556,0.2525252525252526,-0.012098668627233633
-0.5353535353535352,0.2525252525252526,0.037430501773226266
-0.5151515151515151,0.2525252525252526,0.2555572201190409
-0.4949494949494949,0.2525252525252526,0.4138048812275207
-0.4747474747474747,0.2525252525252526,0.16286670642512782
-0.4545454545454545,0.2525252525252526,0.12587616735090035
-0.43434343434343425,0.2525252525252526,-0.2725953477965595
-0.41414141414141414,0.2525252525252526,-0.13855279127125564
-0.3939393939393939,0.2525252525252526,0.17926306698426486
-0.3737373737373737,0.2525252525252526,-0.010095840584340446
-0.3535353535353535,0.2525252525252526,0.31970363024418286
-0.33333333333333326,0.2525252525252526,0.09772969965787603
-0.31313131313131304,0.2525252525252526,0.009251359336591481
-0.2929292929292928,0.2525252525252526,0.2351291886844732
-0.2727272727272727,0.2525252525252526,0.4526038089381855
-0.2525252525252525,0.2525252525252526,0.08829692192178276
-0.23232323232323226,0.2525252525252526,-0.346109900495741
-0.21212121212121204,0.2525252525252526,-0.0009403669985870479
-0.19191919191919182,0.2525252525252526,-0.1162250180527564
-0.1717171717171716,0.2525252525252526,-0.2545219805646279
-0.1515151515151515,0.2525252525252526,0.11328776131853979
-0.13131313131313127,0.2525252525252526,0.12047574057496249
-0.11111111111111105,0.2525252525252526,-0.10747422418203147
-0.09090909090909083,0.2525252525252526,0.007363344401657035
-0.07070707070707061,0.2525252525252526,0.1892510669741784
-0.050505050505050386,0.2525252525252526,-0.10183678724236267
-0.030303030303030276,0.2525252525252526,0.014765316282738097
-0.010101010101010055,0.2525252525252526,0.25108318139672214
0.010101010101010166,0.2525252525252526,-0.2484382243991871
0.030303030303030498,0.2525252525252526,-0.12551141713735403
0.05050505050505061,0.2525252525252526,0.264184354137337
0.07070707070707072,0.2525252525252526,0.13300335344121889
0.09090909090909105,0.2525252525252526,0.0968664892802025
0.11111111111111116,0.2525252525252526,-0.03455407091684387
0.1313131313131315,0.2525252525252526,0.07523365571310159
0.1515151515151516,0.2525252525252526,-0.12139933396889119
0.1717171717171717,0.2525252525252526,0.03602331625723254
0.19191919191919204,0.2525252525252526,-0.1232881211973702
0.21212121212121215,0.2525252525252526,-0.4135880136458913
0.2323232323232325,0.2525252525252526,0.12650585421345317
0.2525252525252526,0.2525252525252526,-0.0633007446201227
0.27272727272727293,0.2525252525252526,0.2831553017229219
0.29292929292929304,0.2525252525252526,-0.034285332898747245
0.31313131313131315,0.2525252525252526,-0.029395942059288457
0.3333333333333335,0.2525252525252526,0.1613777932822108
0.3535353535353536,0.2525252525252526,0.3085931783470369
0.3737373737373739,0.2525252525252526,0.031735411455865364
0.39393939393939403,0.2525252525252526,0.23302033867555869
0.41414141414141437,0.2525252525252526,0.35609954941238126
0.4343434343434345,0.2525252525252526,0.2620221811932618
0.4545454545454546,0.2525252525252526,-0.09044089250930865
0.4747474747474749,0.2525252525252526,0.1348364421719246
0.49494949494949503,0.2525252525252526,-0.23745545742609425
0.5151515151515154,0.2525252525252526,0.35848011397362256
0.5353535353535355,0.2525252525252526,0.263075714424329
0.5555555555555556,0.2525252525252526,0.42361699339132
0.5757575757575759,0.2525252525252526,0.3389961277223862
0.595959595959596,0.2525252525252526,0.5026959938295459
0.6161616161616164,0.2525252525252526,0.11923549913683282
0.6363636363636365,0.2525252525252526,0.6213337574403075
0.6565656565656568,0.2525252525252526,0.08089864239541267
0.6767676767676769,0.2525252525252526,0.725701523110746
0.696969696969697,0.2525252525252526,0.07189470178666457
0.7171717171717173,0.2525252525252526,0.20998137574402964
0.7373737373737375,0.2525252525252526,0.43595481281383885
0.7575757575757578,0.2525252525252526,0.46170945984096423
0.7777777777777779,0.2525252525252526,0.38488941545127486
0.7979797979797982,0.2525252525252526,0.3762900221496551
0.8181818181818183,0.2525252525252526,0.4256700597420464
0.8383838383838385,0.2525252525252526,0.6535197328093244
0.8585858585858588,0.2525252525252526,0.3727522120887233
0.8787878787878789,0.2525252525252526,0.6687973911104347
0.8989898989898992,0.2525252525252526,0.875828234849632
0.9191919191919193,0.2525252525252526,0.3385524403013649
0.9393939393939394,0.2525252525252526,0.9750730896440462
0.9595959595959598,0.2525252525252526,0.9148174841979138
0.9797979797979799,0.2525252525252526,0.772896895180129
1.0,0.2525252525252526,1.1720301010200058
-1.0,0.27272727272727293,0.6638136815160034
-0.9797979797979798,0.27272727272727293,0.7560652220400681
-0.9595959595959596,0.27272727272727293,0.4861210468876548
-0.9393939393939394,0.27272727272727293,0.687825387556806
-0.9191919191919192,0.27272727272727293,0.4497618381882229
-0.898989898989899,0.27272727272727293,1.0272785227578671
-0.8787878787878788,0.27272727272727293,0.8166933410821814
-0.8585858585858586,0.27272727272727293,0.7617844463352073
-0.8383838383838383,0.27272727272727293,0.550940120559954
-0.8181818181818181,0.27272727272727293,0.5502512609425235
-0.797979797979798,0.27272727272727293,0.6958953379848143
-0.7777777777777778,0.27272727272727293,0.37472020605458123
-0.7575757575757576,0.27272727272727293,0.16844306708715984
-0.7373737373737373,0.27272727272727293,0.5890459167045509
-0.7171717171717171,0.27272727272727293,0.8328088916457697
-0.696969696969697,0.27272727272727293,0.36802094459678625
-0.6767676767676767,0.27272727272727293,0.6385531944675165
-0.6565656565656566,0.27272727272727293,0.26006124288176574
-0.6363636363636364,0.27272727272727293,0.5032791604750191
-0.6161616161616161,0.27272727272727293,0.1123220307587148
-0.5959595959595959,0.27272727272727293,0.18276719465540134
-0.5757575757575757,0.27272727272727293,0.4328967738298166
-0.5555555555555556,0.27272727272727293,0.21741802215459455
-0.5353535353535352,0.27272727272727293,0.1470147212751251
-0.5151515151515151,0.27272727272727293,0.1995143747564353
-0.4949494949494949,0.27272727272727293,0.2039548428748727
-0.4747474747474747,0.27272727272727293,0.3122369682805247
-0.4545454545454545,0.27272727272727293,-0.13073688764030014
-0.43434343434343425,0.27272727272727293,0.20000197603568504
-0.41414141414141414,0.27272727272727293,0.4545561668048891
-0.3939393939393939,0.27272727272727293,-0.1971473910823415
-0.3737373737373737,0.27272727272727293,-0.24033158860538598
-0.3535353535353535,0.27272727272727293,0.03188121948861425
-0.33333333333333326,0.27272727272727293,0.27602410625711704
-0.31313131313131304,0.27272727272727293,-0.19357236616918388
-0.2929292929292928,0.27272727272727293,0.03076303000280676
-0.2727272727272727,0.27272727272727293,0.08735257831579536
-0.2525252525252525,0.27272727272727293,-0.029019678653384322
-0.23232323232323226,0.27272727272727293,-0.3670569251865666
-0.21212121212121204,0.27272727272727293,0.22002373913710374
-0.19191919191919182,0.27272727272727293,-0.23105434373940742
-0.1717171717171716,0.27272727272727293,-0.14794276049715027
-0.1515151515151515,0.27272727272727293,-0.2390810546985522
-0.13131313131313127,0.27272727272727293,0.03708200475618405
-0.11111111111111105,0.27272727272727293,0.2050566228763288
-0.09090909090909083,0.27272727272727293,-0.003810226236447334
-0.07070707070707061,0.27272727272727293,-0.07335505208412264
-0.050505050505050386,0.27272727272727293,0.2013646457805613
-0.030303030303030276,0.27272727272727293,-0.08946201962691314
-0.010101010101010055,0.27272727272727293,-0.14313427460540246
0.010101010101010166,0.27272727272727293,0.24927852008030454
0.030303030303030498,0.27272727272727293,0.12016580012854763
0.05050505050505061,0.27272727272727293,0.1896187817909003
0.07070707070707072,0.27272727272727293,0.3980784836669827
0.09090909090909105,0.27272727272727293,-0.3681213791206004
0.11111111111111116,0.27272727272727293,0.051437511798744964
0.1313131313131315,0.27272727272727293,-0.3257797377007462
0.1515151515151516,0.27272727272727293,-0.11629581172504946
0.1717171717171717,0.27272727272727293,0.20090576308257102
0.19191919191919204,0.27272727272727293,-0.2648915973063881
0.21212121212121215,0.27272727272727293,0.11386296981019928
0.2323232323232325,0.27272727272727293,-0.04666342665809514
0.2525252525252526,0.27272727272727293,0.19995990483492934
0.27272727272727293,0.27272727272727293,0.10472863084411299
0.29292929292929304,0.27272727272727293,0.1273521612505931
0.31313131313131315,0.27272727272727293,0.01136619858082297
0.3333333333333335,0.27272727272727293,-0.14238595114475594
0.3535353535353536,0.27272727272727293,-0.003153923439742891
0.3737373737373739,0.27272727272727293,0.3100105924264098
0.39393939393939403,0.27272727272727293,-0.11697627364654786
0.41414141414141437,0.27272727272727293,-0.14041025603909482
0.4343434343434345,0.27272727272727293,0.14079231870991063
0.4545454545454546,0.27272727272727293,0.3437857648866788
0.4747474747474749,0.27272727272727293,0.1378476834875908
0.49494949494949503,0.27272727272727293,0.06955028727629733
0.5151515151515154,0.27272727272727293,0.16179522429982623
0.5353535353535355,0.27272727272727293,0.4141212610511905
0.5555555555555556,0.27272727272727293,0.2597989412226569
0.5757575757575759,0.27272727272727293,0.37913861540159943
0.595959595959596,0.27272727272727293,0.29019046436612395
0.6161616161616164,0.27272727272727293,0.36489061998758165
0.6363636363636365,0.27272727272727293,0.6679404403975485
0.6565656565656568,0.27272727272727293,0.5436213060330581
0.6767676767676769,0.27272727272727293,0.33361907057719375
0.696969696969697,0.27272727272727293,0.5216832133367653
0.7171717171717173,0.27272727272727293,0.4986369106876086
0.7373737373737375,0.27272727272727293,0.32937035762072986
0.7575757575757578,0.27272727272727293,0.3598859588842752
0.7777777777777779,0.27272727272727293,0.411220883244447
0.7979797979797982,0.27272727272727293,0.8397534198451895
0.8181818181818183,0.27272727272727293,0.4230182502496063
0.8383838383838385,0.27272727272727293,0.5248417321629175
0.8585858585858588,0.27272727272727293,0.40010420145934045
0.8787878787878789,0.27272727272727293,0.45750875083093157
0.8989898989898992,0.27272727272727293,0.7034843187251437
0.9191919191919193,0.27272727272727293,0.7037918353152339
0.9393939393939394,0.27272727272727293,0.9895534041504137
0.9595959595959598,0.27272727272727293,0.6684394368649242
0.9797979797979799,0.27272727272727293,0.9304130091253899
1.0,0.27272727272727293,1.1215484038004777
-1.0,0.29292929292929304,0.7779177904325926
-0.9797979797979798,0.29292929292929304,0.9350785399910623
-0.9595959595959596,0.29292929292929304,0.7073003110842631
-0.9393939393939394,0.29292929292929304,0.523341193850986
-0.9191919191919192,0.29292929292929304,0.68215879343795
-0.898989898989899,0.29292929292929304,1.051012187531257
-0.8787878787878788,0.29292929292929304,0.5417959057070946
-0.8585858585858586,0.29292929292929304,0.5303595751428484
-0.8383838383838383,0.29292929292929304,0.7123880424653452
-0.8181818181818181,0.29292929292929304,0.8432768287951874
-0.797979797979798,0.29292929292929304,0.7053373498336019
-0.7777777777777778,0.29292929292929304,1.0327777792409742
-0.7575757575757576,0.29292929292929304,0.4424405365842014
-0.7373737373737373,0.29292929292929304,0.38082533516260214
-0.7171717171717171,0.29292929292929304,0.7501044662620422
-0.696969696969697,0.29292929292929304,0.47498920746804896
-0.6767676767676767,0.29292929292929304,0.5824202743882029
-0.6565656565656566,0.29292929292929304,0.5722240726734006
-0.6363636363636364,0.29292929292929304,0.5711564556787996
-0.6161616161616161,0.29292929292929304,0.12607637752198997
-0.5959595959595959,0.29292929292929304,0.017367537999620597
-0.5757575757575757,0.29292929292929304,-0.2075726378770736
-0.5555555555555556,0.29292929292929304,0.34284147271057885
-0.5353535353535352,0.29292929292929304,0.1902723298503375
-0.5151515151515151,0.29292929292929304,0.441361516221359
-0.4949494949494949,0.29292929292929304,0.17640243700845312
-0.4747474747474747,0.29292929292929304,0.24533297682237276
-0.4545454545454545,0.29292929292929304,0.012860164031638269
-0.43434343434343425,0.29292929292929304,0.2721409705854253
-0.41414141414141414,0.29292929292929304,0.16159598150938376
-0.3939393939393939,0.29292929292929304,0.11450911182531326
-0.3737373737373737,0.29292929292929304,-0.45342589360571117
-0.3535353535353535,0.29292929292929304,0.08591304130465971
-0.33333333333333326,0.29292929292929304,-0.005249569007631065
-0.31313131313131304,0.29292929292929304,0.19548776097456533
-0.2929292929292928,0.29292929292929304,0.12242334152343641
-0.2727272727272727,0.29292929292929304,-0.21471979237742445
-0.2525252525252525,0.29292929292929304,0.09513278797196881
-0.23232323232323226,0.29292929292929304,-0.10162611926341794
-0.21212121212121204,0.29292929292929304,-0.08536691990721026
-0.19191919191919182,0.29292929292929304,0.12956372258968935
-0.1717171717171716,0.29292929292929304,-0.20440418409777872
-0.1515151515151515,0.29292929292929304,-0.1701709273137154
-0.13131313131313127,0.29292929292929304,-0.09439755274385674
-0.11111111111111105,0.29292929292929304,0.3166897025748967
-0.09090909090909083,0.29292929292929304,-0.08695778264565449
-0.07070707070707061,0.29292929292929304,-0.07978286371508729
-0.050505050505050386,0.29292929292929304,0.22781860784645552
-0.030303030303030276,0.29292929292929304,-0.21000166070013288
-0.010101010101010055,0.29292929292929304,0.025533168579819965
0.010101010101010166,0.29292929292929304,-0.1791836105390912
0.030303030303030498,0.29292929292929304,-0.1872481735686752
0.05050505050505061,0.29292929292929304,-0.21193890442516644
0.07070707070707072,0.29292929292929304,0.16308792527786609
0.09090909090909105,0.29292929292929304,-0.1932821279226623
0.11111111111111116,0.29292929292929304,0.00816602762009716
0.1313131313131315,0.29292929292929304,0.2973815215783464
0.1515151515151516,0.29292929292929304,-0.20801777891030468
0.1717171717171717,0.29292929292929304,0.10672009264281314
0.19191919191919204,0.29292929292929304,-0.1939139694251654
0.21212121212121215,0.29292929292929304,0.029851572563922575
0.2323232323232325,0.29292929292929304,0.2128656083834507
0.2525252525252526,0.29292929292929304,0.1742785662089063
0.27272727272727293,0.29292929292929304,-0.1919860913075008
0.29292929292929304,0.29292929292929304,0.08232777346259681
0.31313131313131315,0.29292929292929304,-0.005743775144541614
0.3333333333333335,0.29292929292929304,-0.2898028923679077
0.3535353535353536,0.29292929292929304,-0.16751159716592345
0.3737373737373739,0.29292929292929304,0.0689134831182603
0.39393939393939403,0.29292929292929304,0.04018427432673685
0.41414141414141437,0.29292929292929304,0.1547451179038884
0.4343434343434345,0.29292929292929304,0.15793847327270238
0.4545454545454546,0.29292929292929304,0.41550610687182754
0.4747474747474749,0.29292929292929304,-0.18968754454829984
0.49494949494949503,0.29292929292929304,0.013660263906711406
0.5151515151515154,0.29292929292929304,0.49242599602134673
0.5353535353535355,0.29292929292929304,0.04788943534907
0.5555555555555556,0.29292929292929304,-0.1420919759002253
0.5757575757575759,0.29292929292929304,0.08727391147725164
0.595959595959596,0.29292929292929304,0.30650338962182966
0.6161616161616164,0.29292929292929304,0.061481088483404084
0.6363636363636365,0.29292929292929304,0.1704994300556155
0.6565656565656568,0.29292929292929304,0.1793503668192766
0.6767676767676769,0.29292929292929304,0.38306138114588534
0.696969696969697,0.29292929292929304,0.2817436862324562
0.7171717171717173,0.29292929292929304,0.5772361983128992
0.7373737373737375,0.29292929292929304,0.2831629270401177
0.7575757575757578,0.29292929292929304,0.6238312952720685
0.7777777777777779,0.29292929292929304,0.679887222631723
0.7979797979797982,0.29292929292929304,0.7151507722345161
0.8181818181818183,0.29292929292929304,0.7891736019321796
0.8383838383838385,0.29292929292929304,0.559246832259855
0.8585858585858588,0.29292929292929304,0.7014425566825788
0.8787878787878789,0.29292929292929304,0.9422568183935639
0.8989898989898992,0.29292929292929304,0.6886934914290413
0.9191919191919193,0.29292929292929304,0.996374997962474
0.9393939393939394,0.29292929292929304,0.5848463162719125
0.9595959595959598,0.29292929292929304,0.8034374570776008
0.9797979797979799,0.29292929292929304,1.1090720556176217
1.0,0.29292929292929304,1.0877968073703508
-1.0,0.31313131313131315,0.7869696979895782
-0.9797979797979798,0.31313131313131315,1.0575695691171634
-0.9595959595959596,0.31313131313131315,0.809491383177733
-0.9393939393939394,0.31313131313131315,1.2262920376564348
-0.9191919191919192,0.31313131313131315,0.5822797823326956
-0.898989898989899,0.31313131313131315,0.8916855026384041
-0.8787878787878788,0.31313131313131315,0.6283675503034556
-0.8585858585858586,0.31313131313131315,0.6472535924716895
-0.8383838383838383,0.31313131313131315,0.5982041487540437
-0.8181818181818181,0.31313131313131315,0.6250237805278547
-0.797979797979798,0.31313131313131315,0.5613597602853138
-0.7777777777777778,0.31313131313131315,0.6265647233316973
-0.7575757575757576,0.31313131313131315,0.22817675561208045
-0.7373737373737373,0.31313131313131315,0.44801869467001476
-0.7171717171717171,0.31313131313131315,0.44299142140280984
-0.696969696969697,0.31313131313131315,0.6269016536292663
-0.6767676767676767,0.31313131313131315,0.3699047105510005
-0.6565656565656566,0.31313131313131315,0.3854822443437171
-0.6363636363636364,0.31313131313131315,0.338092180530743
-0.6161616161616161,0.31313131313131315,0.16325741181301706
-0.5959595959595959,0.31313131313131315,0.5714423336522396
-0.5757575757575757,0.31313131313131315,0.35094312962851504
-0.5555555555555556,0.31313131313131315,0.4187060048486365
-0.5353535353535352,0.31313131313131315,-0.006739737104536292
-0.5151515151515151,0.31313131313131315,0.4221260150782592
-0.4949494949494949,0.31313131313131315,0.6568212317293204
-0.4747474747474747,0.31313131313131315,0.2818519796453667
-0.4545454545454545,0.31313131313131315,0.18883232080326806
-0.43434343434343425,0.31313131313131315,0.01404044374890459
-0.41414141414141414,0.31313131313131315,-0.13832215092217148
-0.3939393939393939,0.31313131313131315,0.025256983515622944
-0.3737373737373737,0.31313131313131315,0.033038094999666555
-0.3535353535353535,0.31313131313131315,0.13294571836998353
-0.33333333333333326,0.31313131313131315,-0.2915003715982335
-0.31313131313131304,0.31313131313131315,-0.23478150208081372
-0.2929292929292928,0.31313131313131315,-0.20884943958090713
-0.2727272727272727,0.31313131313131315,0.160825282102516
-0.2525252525252525,0.31313131313131315,0.028498385704100224
-0.23232323232323226,0.31313131313131315,-0.41126312863830444
-0.21212121212121204,0.31313131313131315,-0.36534050838258514
-0.19191919191919182,0.31313131313131315,0.27454150092632645
-0.1717171717171716,0.31313131313131315,-0.04281363693352741
-0.1515151515151515,0.31313131313131315,0.15886847846811372
-0.13131313131313127,0.31313131313131315,0.07777850538072406
-0.11111111111111105,0.31313131313131315,-0.2131119228032936
-0.09090909090909083,0.31313131313131315,0.04345083294916617
-0.07070707070707061,0.31313131313131315,0.021037052556809432
-0.050505050505050386,0.31313131313131315,-0.42918024968488
-0.030303030303030276,0.31313131313131315,-0.19663141552234115
-0.010101010101010055,0.31313131313131315,-0.14488805699552929
0.010101010101010166,0.31313131313131315,-0.1148518918325749
0.030303030303030498,0.31313131313131315,0.01718306475770262
0.05050505050505061,0.31313131313131315,-0.37420561254844237
0.07070707070707072,0.31313131313131315,-0.07449888932794702
0.09090909090909105,0.31313131313131315,-0.0781561468354181
0.11111111111111116,0.31313131313131315,-0.036919259571761905
0.1313131313131315,0.31313131313131315,0.14400403294049274
0.1515151515151516,0.31313131313131315,0.08124624293252244
0.1717171717171717,0.31313131313131315,-0.09370189755475175
0.19191919191919204,0.31313131313131315,-0.2680312474294856
0.21212121212121215,0.31313131313131315,-0.23762054248237183
0.2323232323232325,0.31313131313131315,-0.10350915357051696
0.2525252525252526,0.31313131313131315,-0.05894775755114179
0.27272727272727293,0.31313131313131315,0.4635931466753822
0.29292929292929304,0.31313131313131315,-0.24059945667021224
0.31313131313131315,0.31313131313131315,0.1644576082949224
0.3333333333333335,0.31313131313131315,-0.2668674194412984
0.3535353535353536,0.31313131313131315,-0.17242252939480712
0.3737373737373739,0.31313131313131315,-0.2455453283437128
0.39393939393939403,0.31313131313131315,0.17399022936127062
0.41414141414141437,0.31313131313131315,0.2659696923782961
0.4343434343434345,0.31313131313131315,-0.049695223097228874
0.4545454545454546,0.31313131313131315,-0.2954358395609982
0.4747474747474749,0.31313131313131315,-0.17385853813953547
0.49494949494949503,0.31313131313131315,0.21228461064704637
0.5151515151515154,0.31313131313131315,0.11911866336647137
0.5353535353535355,0.31313131313131315,0.23800411032033886
0.5555555555555556,0.31313131313131315,0.4738712473761654
0.5757575757575759,0.31313131313131315,0.3418380688849801
0.595959595959596,0.31313131313131315,0.014214929207218396
0.6161616161616164,0.31313131313131315,0.08111095483631381
0.6363636363636365,0.31313131313131315,0.5118653552011634
0.6565656565656568,0.31313131313131315,0.18383823355971646
0.6767676767676769,0.31313131313131315,0.2874203898150351
0.696969696969697,0.31313131313131315,0.35309050175072376
0.7171717171717173,0.31313131313131315,0.2930849569549253
0.7373737373737375,0.31313131313131315,0.5962069738311458
0.7575757575757578,0.31313131313131315,0.814758779994373
0.7777777777777779,0.31313131313131315,0.5870638404262732
0.7979797979797982,0.31313131313131315,0.2969693242241217
0.8181818181818183,0.31313131313131315,0.3143737110866025
0.8383838383838385,0.31313131313131315,0.4762905207282987
0.8585858585858588,0.31313131313131315,0.7888228843240643
0.8787878787878789,0.31313131313131315,0.6365104069378088
0.8989898989898992,0.31313131313131315,0.6554909065510884
0.9191919191919193,0.31313131313131315,0.8368118494848873
0.9393939393939394,0.31313131313131315,0.6194409820093825
0.9595959595959598,0.31313131313131315,0.9792897146633003
0.9797979797979799,0.31313131313131315,0.7960704803727034
1.0,0.31313131313131315,1.030720254737767
-1.0,0.3333333333333335,0.7554254425738699
-0.9797979797979798,0.3333333333333335,0.6042738466150764
-0.9595959595959596,0.3333333333333335,0.9042645036978793
-0.9393939393939394,0.3333333333333335,0.8158530258213632
-0.9191919191919192,0.3333333333333335,0.7527277033253991
-0.898989898989899,0.3333333333333335,0.8045650464140324
-0.8787878787878788,0.3333333333333335,0.7325921858505546
-0.8585858585858586,0.3333333333333335,0.7213799613421376
-0.8383838383838383,0.3333333333333335,0.4651634689912144
-0.8181818181818181,0.3333333333333335,0.3179633973003866
-0.797979797979798,0.3333333333333335,0.5961195198240915
-0.7777777777777778,0.3333333333333335,0.20691479488577158
-0.7575757575757576,0.3333333333333335,0.10839512791637168
-0.7373737373737373,0.3333333333333335,0.6813898717461133
-0.7171717171717171,0.3333333333333335,0.507734511738326
-0.696969696969697,0.3333333333333335,0.3854490131910924
-0.6767676767676767,0.3333333333333335,0.1752677262133763
-0.6565656565656566,0.3333333333333335,0.6458662687852645
-0.6363636363636364,0.3333333333333335,0.3349071465295488
-0.6161616161616161,0.3333333333333335,0.1723660811092504
-0.5959595959595959,0.3333333333333335,0.5377133398684639
-0.5757575757575757,0.3333333333333335,0.45503665667632515
-0.5555555555555556,0.3333333333333335,0.36766633866927956
-0.5353535353535352,0.3333333333333335,0.14997027945293417
-0.5151515151515151,0.3333333333333335,0.23093504117203567
-0.4949494949494949,0.3333333333333335,0.1224669704557605
-0.4747474747474747,0.3333333333333335,-0.07553825995991204
-0.4545454545454545,0.3333333333333335,0.20079542257812721
-0.43434343434343425,0.3333333333333335,-0.022202436115885876
-0.41414141414141414,0.3333333333333335,0.023584648204676956
-0.3939393939393939,0.3333333333333335,-0.06322570859227966
-0.3737373737373737,0.3333333333333335,0.42828944202276154
-0.3535353535353535,0.3333333333333335,0.3552717522084311
-0.33333333333333326,0.3333333333333335,-0.0706089178843073
-0.31313131313131304,0.3333333333333335,0.3705624411559073
-0.2929292929292928,0.3333333333333335,0.13930742769563798
-0.2727272727272727,0.3333333333333335,-0.2942843590417643
-0.2525252525252525,0.3333333333333335,0.2670313437604272
-0.23232323232323226,0.3333333333333335,-0.20308846817480292
-0.21212121212121204,0.3333333333333335,-0.3526584008922735
-0.19191919191919182,0.3333333333333335,-0.16766164730356542
-0.1717171717171716,0.3333333333333335,-0.3056012578300656
-0.1515151515151515,0.3333333333333335,0.30850166520188776
-0.13131313131313127,0.3333333333333335,-0.3749688411037326
-0.11111111111111105,0.3333333333333335,0.01881335239201866
-0.09090909090909083,0.3333333333333335,-0.37490752959484447
-0.07070707070707061,0.3333333333333335,-0.4623233352238183
-0.050505050505050386,0.3333333333333335,-0.11276550193763529
-0.030303030303030276,0.3333333333333335,-0.16487697446645774
-0.010101010101010055,0.3333333333333335,-0.2783779976028522
0.010101010101010166,0.3333333333333335,-0.13299243061794075
0.030303030303030498,0.3333333333333335,-0.25836982068111325
0.05050505050505061,0.3333333333333335,-0.15803581827910407
0.07070707070707072,0.3333333333333335,0.109683473812642
0.09090909090909105,0.3333333333333335,-0.06595258548506014
0.11111111111111116,0.3333333333333335,-0.21204356699388255
0.1313131313131315,0.3333333333333335,-0.031257050984982354
0.1515151515151516,0.3333333333333335,-0.14766522388257894
0.1717171717171717,0.3333333333333335,-0.08960741873068073
0.19191919191919204,0.3333333333333335,-0.29053453695406684
0.21212121212121215,0.3333333333333335,-0.02030370074571048
0.2323232323232325,0.3333333333333335,0.15233594045421722
0.2525252525252526,0.3333333333333335,0.2789572519360122
0.27272727272727293,0.3333333333333335,0.26131628933660156
0.29292929292929304,0.3333333333333335,-0.022946256866205363
0.31313131313131315,0.3333333333333335,-0.5175390089481564
0.3333333333333335,0.3333333333333335,-0.44168626196957556
0.3535353535353536,0.3333333333333335,-0.007724393996493991
0.3737373737373739,0.3333333333333335,0.18819534051467354
0.39393939393939403,0.3333333333333335,-0.1321509370793861
0.41414141414141437,0.3333333333333335,-0.1398500559201444
0.4343434343434345,0.3333333333333335,0.30732064026851624
0.4545454545454546,0.3333333333333335,-0.019034100770337792
0.4747474747474749,0.3333333333333335,0.4206875474139421
0.49494949494949503,0.3333333333333335,0.14445618227872722
0.5151515151515154,0.3333333333333335,0.07885357752798686
0.5353535353535355,0.3333333333333335,0.2319557734318713
0.5555555555555556,0.3333333333333335,-0.017935875274923185
0.5757575757575759,0.3333333333333335,-0.12320601092975192
0.595959595959596,0.3333333333333335,0.1871215916489859
0.6161616161616164,0.3333333333333335,-0.28462496316129676
0.6363636363636365,0.3333333333333335,0.36505957814322676
0.6565656565656568,0.3333333333333335,0.2575020441334372
0.6767676767676769,0.3333333333333335,0.25426185709157567
0.696969696969697,0.3333333333333335,0.12928042424004185
0.7171717171717173,0.3333333333333335,0.784162106452408
0.7373737373737375,0.3333333333333335,0.4686233152810389
0.7575757575757578,0.3333333333333335,0.34996039102001586
0.7777777777777779,0.3333333333333335,0.30583489938405384
0.7979797979797982,0.3333333333333335,0.47108521652839896
0.8181818181818183,0.3333333333333335,0.583684593347584
0.8383838383838385,0.3333333333333335,0.6958079770978718
0.8585858585858588,0.3333333333333335,0.5895988065424606
0.8787878787878789,0.3333333333333335,0.9007889525048978
0.8989898989898992,0.3333333333333335,0.7403084647548428
0.9191919191919193,0.3333333333333335,0.8703891803631691
0.9393939393939394,0.3333333333333335,0.6217913901136323
0.9595959595959598,0.3333333333333335,0.7243996892019261
0.9797979797979799,0.3333333333333335,0.8438409403149386
1.0,0.3333333333333335,1.0450649486797756
-1.0,0.3535353535353536,1.002667351201763
-0.9797979797979798,0.3535353535353536,1.0344453160878375
-0.9595959595959596,0.3535353535353536,1.0339709241804356
-0.9393939393939394,0.3535353535353536,1.0209078668281606
-0.9191919191919192,0.3535353535353536,0.6634489908135617
-0.898989898989899,0.3535353535353536,0.8421438238401416
-0.8787878787878788,0.3535353535353536,0.6679649220673889
-0.8585858585858586,0.3535353535353536,0.6292883065798269
-0.8383838383838383,0.3535353535353536,0.49734431114776867
-0.8181818181818181,0.3535353535353536,0.5726131404828844
-0.797979797979798,0.3535353535353536,0.38306824994022526
-0.7777777777777778,0.3535353535353536,0.4439804392688407
-0.7575757575757576,0.3535353535353536,0.6801073649604044
-0.7373737373737373,0.3535353535353536,0.3443992245701729
-0.7171717171717171,0.3535353535353536,0.3722022733118995
-0.696969696969697,0.3535353535353536,0.2653512297919155
-0.6767676767676767,0.3535353535353536,0.7215817981039241
-0.6565656565656566,0.3535353535353536,0.22416799235954943
-0.6363636363636364,0.3535353535353536,-0.007736439872800371
-0.6161616161616161,0.3535353535353536,0.3572136713907304
-0.5959595959595959,0.3535353535353536,0.13232300923829277
-0.5757575757575757,0.3535353535353536,0.1503842015423867
-0.5555555555555556,0.3535353535353536,-0.006451497542690532
-0.5353535353535352,0.3535353535353536,0.17137824477719923
-0.5151515151515151,0.3535353535353536,-0.1138393501064115
-0.4949494949494949,0.3535353535353536,0.21316212787231353
-0.4747474747474747,0.3535353535353536,0.4468017923809929
-0.4545454545454545,0.3535353535353536,0.23389696427274836
-0.43434343434343425,0.3535353535353536,-0.08480738422815955
-0.41414141414141414,0.3535353535353536,-0.06557334926495766
-0.3939393939393939,0.3535353535353536,0.6055915152922355
-0.3737373737373737,0.3535353535353536,0.18867956777552636
-0.3535353535353535,0.3535353535353536,0.16469646986289543
-0.33333333333333326,0.3535353535353536,0.04779817941391474
-0.31313131313131304,0.3535353535353536,-0.21383894662672487
-0.2929292929292928,0.3535353535353536,-0.18425682669909368
-0.2727272727272727,0.3535353535353536,-0.04487499333037004
-0.2525252525252525,0.3535353535353536,-0.07049765431033882
-0.23232323232323226,0.3535353535353536,0.1732821609669891
-0.21212121212121204,0.3535353535353536,-0.2891123793801852
-0.19191919191919182,0.3535353535353536,0.002244727913285935
-0.1717171717171716,0.3535353535353536,-0.20415800036187215
-0.1515151515151515,0.3535353535353536,0.03270391252015188
-0.13131313131313127,0.3535353535353536,-0.05285898838749958
-0.11111111111111105,0.3535353535353536,0.11026503701338364
-0.09090909090909083,0.3535353535353536,0.0099663434072928
-0.07070707070707061,0.3535353535353536,-0.03979275332091618
-0.050505050505050386,0.3535353535353536,-0.16661705014474373
-0.030303030303030276,0.3535353535353536,-0.6468480381409656
-0.010101010101010055,0.3535353535353536,0.03127617661738326
0.010101010101010166,0.3535353535353536,-0.06098617004908927
0.030303030303030498,0.3535353535353536,-0.18597034583491412
0.05050505050505061,0.3535353535353536,-0.0879532351583835
0.07070707070707072,0.3535353535353536,-0.2410141915929856
0.09090909090909105,0.3535353535353536,0.07655685572574368
0.11111111111111116,0.3535353535353536,-0.2182022597801725
0.1313131313131315,0.3535353535353536,0.11767500088733103
0.1515151515151516,0.3535353535353536,-0.18891508509559984
0.1717171717171717,0.3535353535353536,-0.12233402604519628
0.19191919191919204,0.3535353535353536,0.3808040022039598
0.21212121212121215,0.3535353535353536,-0.18390378793512913
0.2323232323232325,0.3535353535353536,-0.1500118163943056
0.2525252525252526,0.3535353535353536,-0.11909886017743229
0.27272727272727293,0.3535353535353536,-0.0700673982609409
0.29292929292929304,0.3535353535353536,0.05151687468375009
0.31313131313131315,0.3535353535353536,-0.15566278511355947
0.3333333333333335,0.3535353535353536,0.01271802875837931
0.3535353535353536,0.3535353535353536,-0.17233048746952087
0.3737373737373739,0.3535353535353536,-0.032103721177865474
0.39393939393939403,0.3535353535353536,-0.04869640879805974
0.41414141414141437,0.3535353535353536,0.22977005952710022
0.4343434343434345,0.3535353535353536,0.13529855156819015
0.4545454545454546,0.3535353535353536,-0.037554049431103784
0.4747474747474749,0.3535353535353536,0.15348910720205933
0.49494949494949503,0.3535353535353536,0.07872769932396839
0.5151515151515154,0.3535353535353536,-0.16453672785625856
0.5353535353535355,0.3535353535353536,-0.010933466328906627
0.5555555555555556,0.3535353535353536,-0.16045115885305633
0.5757575757575759,0.3535353535353536,0.2875030153561196
0.595959595959596,0.3535353535353536,-0.09832050660747593
0.6161616161616164,0.3535353535353536,0.21989533010568688
0.6363636363636365,0.3535353535353536,0.5933557359103285
0.6565656565656568,0.3535353535353536,0.31175779786739316
0.6767676767676769,0.3535353535353536,0.09779195693825823
0.696969696969697,0.3535353535353536,0.5823778749481596
0.7171717171717173,0.3535353535353536,0.33014610746614975
0.7373737373737375,0.3535353535353536,0.44110983053714037
0.7575757575757578,0.3535353535353536,0.3839992667692713
0.7777777777777779,0.3535353535353536,0.7531994804148101
0.7979797979797982,0.3535353535353536,0.4657980752704024
0.8181818181818183,0.3535353535353536,0.04631606027796853
0.8383838383838385,0.3535353535353536,0.33001421744049825
0.8585858585858588,0.3535353535353536,0.7417448664816712
0.8787878787878789,0.3535353535353536,0.6870615091863153
0.8989898989898992,0.3535353535353536,0.7150337146887631
0.9191919191919193,0.3535353535353536,0.6584102651821463
0.9393939393939394,0.3535353535353536,0.9755929633678457
0.9595959595959598,0.3535353535353536,0.7157259838167536
0.9797979797979799,0.3535353535353536,0.9296691150814188
1.0,0.3535353535353536,0.8106273040398758
-1.0,0.3737373737373739,0.925226600575129
-0.9797979797979798,0.3737373737373739,1.0539700574727462
-0.9595959595959596,0.3737373737373739,1.072743132896427
-0.9393939393939394,0.3737373737373739,0.6907409621844377
-0.9191919191919192,0.3737373737373739,0.6136253341911853
-0.898989898989899,0.3737373737373739,0.6240819113266943
-0.8787878787878788,0.3737373737373739,0.6272500650033158
-0.8585858585858586,0.3737373737373739,0.6003815759735226
-0.8383838383838383,0.3737373737373739,0.5661470063317501
-0.8181818181818181,0.3737373737373739,0.5618712442353139
-0.797979797979798,0.3737373737373739,0.39011999139773057
-0.7777777777777778,0.3737373737373739,-0.0879906503597701
-0.7575757575757576,0.3737373737373739,0.41972575330064354
-0.7373737373737373,0.3737373737373739,0.4721194347996597
-0.7171717171717171,0.3737373737373739,0.5467802640570225
-0.696969696969697,0.3737373737373739,0.5963031953352955
-0.6767676767676767,0.3737373737373739,0.37093781835411865
-0.6565656565656566,0.3737373737373739,0.43692772454658924
-0.6363636363636364,0.3737373737373739,0.020800734847235353
-0.6161616161616161,0.3737373737373739,0.13601690098171898
-0.5959595959595959,0.3737373737373739,0.08753091402344168
-0.5757575757575757,0.3737373737373739,0.2843914656101176
-0.5555555555555556,0.3737373737373739,0.18342447808839568
-0.5353535353535352,0.3737373737373739,0.18455768687774987
-0.5151515151515151,0.3737373737373739,0.15741177965718006
-0.4949494949494949,0.3737373737373739,0.2518927609887015
-0.4747474747474747,0.3737373737373739,0.08158358731636622
-0.4545454545454545,0.3737373737373739,0.04697404104859854
-0.43434343434343425,0.3737373737373739,0.1464261942018011
-0.41414141414141414,0.3737373737373739,-0.282300113091067
-0.3939393939393939,0.3737373737373739,-0.06405891163546072
-0.3737373737373737,0.3737373737373739,-0.16640246366478548
-0.3535353535353535,0.3737373737373739,-0.1348630056431041
-0.33333333333333326,0.3737373737373739,-0.3909847627225129
-0.31313131313131304,0.3737373737373739,0.028795134031412678
-0.2929292929292928,0.3737373737373739,0.19050550967202295
-0.2727272727272727,0.3737373737373739,-0.269188851079169
-0.2525252525252525,0.3737373737373739,0.06544041848212157
-0.23232323232323226,0.3737373737373739,-0.2329244386616236
-0.21212121212121204,0.3737373737373739,-0.18843518723493452
-0.19191919191919182,0.3737373737373739,-0.08817721824115654
-0.1717171717171716,0.3737373737373739,-0.44964418677411494
-0.1515151515151515,0.3737373737373739,-0.2287662745194159
-0.13131313131313127,0.3737373737373739,-0.0634764998974312
-0.11111111111111105,0.3737373737373739,-0.04174419976491764
-0.09090909090909083,0.3737373737373739,-0.14029578990325123
-0.07070707070707061,0.3737373737373739,-0.17921164519611218
-0.050505050505050386,0.3737373737373739,-0.1304792333764397
-0.030303030303030276,0.3737373737373739,0.3342038505207807
-0.010101010101010055,0.3737373737373739,0.057698419933459394
0.010101010101010166,0.3737373737373739,-0.3500920596032826
0.030303030303030498,0.3737373737373739,-0.14559311805549158
0.05050505050505061,0.3737373737373739,-0.14592291526530976
0.07070707070707072,0.3737373737373739,-0.20918226753431426
0.09090909090909105,0.3737373737373739,-0.26244488045483144
0.11111111111111116,0.3737373737373739,-0.39058611643136065
0.1313131313131315,0.3737373737373739,-0.23927933306282242
0.1515151515151516,0.3737373737373739,-0.19123079854725644
0.1717171717171717,0.3737373737373739,-0.05601498847091811
0.19191919191919204,0.3737373737373739,-0.14961798475447913
0.21212121212121215,0.3737373737373739,-0.09949895614524693
0.2323232323232325,0.3737373737373739,-0.2538443868250007
0.2525252525252526,0.3737373737373739,0.1846592044374959
0.27272727272727293,0.3737373737373739,-0.07715698600996995
0.29292929292929304,0.3737373737373739,-0.12652685084211482
0.31313131313131315,0.3737373737373739,0.06227535295472557
0.3333333333333335,0.3737373737373739,-0.13400153068025572
0.3535353535353536,0.3737373737373739,-0.13470834449461222
0.3737373737373739,0.3737373737373739,-0.1810415576684362
0.39393939393939403,0.3737373737373739,0.10233786693106958
0.41414141414141437,0.3737373737373739,0.00022011256041033767
0.4343434343434345,0.3737373737373739,0.04595682256619952
0.4545454545454546,0.3737373737373739,0.2062124806254081
0.4747474747474749,0.3737373737373739,0.2894601385663548
0.49494949494949503,0.3737373737373739,0.2441272343880877
0.5151515151515154,0.3737373737373739,-0.09111460124120577
0.5353535353535355,0.3737373737373739,0.13450370989307123
0.5555555555555556,0.3737373737373739,0.2385326640220558
0.5757575757575759,0.3737373737373739,-0.1583965227713638
0.595959595959596,0.3737373737373739,0.45558841145015394
0.6161616161616164,0.3737373737373739,0.2782371224150296
0.6363636363636365,0.3737373737373739,0.44431793792983204
0.6565656565656568,0.3737373737373739,0.271583312764505
0.6767676767676769,0.3737373737373739,0.4280090849886524
0.696969696969697,0.3737373737373739,0.5560093721502524
0.7171717171717173,0.3737373737373739,0.48557983560840573
0.7373737373737375,0.3737373737373739,0.5283011889526997
0.7575757575757578,0.3737373737373739,0.43135616723180736
0.7777777777777779,0.3737373737373739,0.1276560031816456
0.7979797979797982,0.3737373737373739,0.10464457330684912
0.8181818181818183,0.3737373737373739,0.6715553312870854
0.8383838383838385,0.3737373737373739,0.8588410891598821
0.8585858585858588,0.3737373737373739,0.619522279832686
0.8787878787878789,0.3737373737373739,0.49485999515834367
0.8989898989898992,0.3737373737373739,0.6295545151383102
0.9191919191919193,0.3737373737373739,0.5230874145329972
0.9393939393939394,0.3737373737373739,0.966248552210444
0.9595959595959598,0.3737373737373739,0.9990186867668247
0.9797979797979799,0.3737373737373739,1.0997418369935386
1.0,0.3737373737373739,0.6455692870448861
-1.0,0.39393939393939403,0.526988389920978
-0.9797979797979798,0.39393939393939403,0.853022587941743
-0.9595959595959596,0.39393939393939403,0.6453691436396448
-0.9393939393939394,0.39393939393939403,0.3998200481562369
-0.9191919191919192,0.39393939393939403,0.6312837581599153
-0.898989898989899,0.39393939393939403,0.7386904412841794
-0.8787878787878788,0.39393939393939403,0.7623226785389637
-0.8585858585858586,0.39393939393939403,0.6049681542360794
-0.8383838383838383,0.39393939393939403,0.6578887911507962
-0.8181818181818181,0.39393939393939403,0.24175511448396625
-0.797979797979798,0.39393939393939403,0.6699787883722358
-0.7777777777777778,0.39393939393939403,0.3599028718782157
-0.7575757575757576,0.39393939393939403,0.3195837155997091
-0.7373737373737373,0.39393939393939403,0.19703519202154463
-0.7171717171717171,0.39393939393939403,0.2555339542520688
-0.696969696969697,0.39393939393939403,-0.036441414028389074
-0.6767676767676767,0.39393939393939403,0.2533391283743283
-0.6565656565656566,0.39393939393939403,0.38402925028895013
-0.6363636363636364,0.39393939393939403,0.025788836162193046
-0.6161616161616161,0.39393939393939403,0.20671745615247022
-0.5959595959595959,0.39393939393939403,-0.1362478515253713
-0.5757575757575757,0.39393939393939403,0.40395873997451104
-0.5555555555555556,0.39393939393939403,-0.06269308833018106
-0.5353535353535352,0.39393939393939403,0.21586354230075047
-0.5151515151515151,0.39393939393939403,0.15371997377652072
-0.4949494949494949,0.39393939393939403,0.07891920600950376
-0.4747474747474747,0.39393939393939403,0.04055768829144251
-0.4545454545454545,0.39393939393939403,0.22610948782601095
-0.43434343434343425,0.39393939393939403,-0.02661346641131676
-0.41414141414141414,0.39393939393939403,0.0682199748483993
-0.3939393939393939,0.39393939393939403,-0.27578070134625465
-0.3737373737373737,0.39393939393939403,-0.014220217840007088
-0.3535353535353535,0.39393939393939403,-0.21409615442614743
-0.33333333333333326,0.39393939393939403,0.0496792201941824
-0.31313131313131304,0.39393939393939403,-0.25194971625332135
-0.2929292929292928,0.39393939393939403,-0.21677502096167883
-0.2727272727272727,0.39393939393939403,-0.06399885769263854
-0.2525252525252525,0.39393939393939403,-0.16714245963418722
-0.23232323232323226,0.39393939393939403,-0.1649848332982282
-0.21212121212121204,0.39393939393939403,-0.18208559273162883
-0.19191919191919182,0.39393939393939403,0.09799303660539474
-0.1717171717171716,0.39393939393939403,-0.19553974329930288
-0.1515151515151515,0.39393939393939403,-0.24442584186079913
-0.13131313131313127,0.39393939393939403,-0.21285470807058135
-0.11111111111111105,0.39393939393939403,0.02753372960129294
-0.09090909090909083,0.39393939393939403,0.12110993634013725
-0.07070707070707061,0.39393939393939403,-0.16617601627088185
-0.050505050505050386,0.39393939393939403,-0.30272617838393123
-0.030303030303030276,0.39393939393939403,-0.6421804459136949
-0.010101010101010055,0.39393939393939403,-0.15382585925715597
0.010101010101010166,0.39393939393939403,-0.6750418567151875
0.030303030303030498,0.39393939393939403,-0.2395373775971916
0.05050505050505061,0.39393939393939403,0.25298014384984635
0.07070707070707072,0.39393939393939403,0.024578560897239643
0.09090909090909105,0.39393939393939403,-0.14860925825864182
0.11111111111111116,0.39393939393939403,-0.49866318991241776
0.1313131313131315,0.39393939393939403,-0.3453797777894166
0.1515151515151516,0.39393939393939403,-0.38062355161553696
0.1717171717171717,0.39393939393939403,-0.3317635071029129
0.19191919191919204,0.39393939393939403,-0.1845335340195114
0.21212121212121215,0.39393939393939403,0.0663793855186326
0.2323232323232325,0.39393939393939403,0.09511473005814093
0.2525252525252526,0.39393939393939403,-0.1817928619649124
0.27272727272727293,0.39393939393939403,-0.1655152142428522
0.29292929292929304,0.39393939393939403,-0.05315271956277596
0.31313131313131315,0.39393939393939403,0.007527707682559781
0.3333333333333335,0.39393939393939403,0.2317777184649276
0.3535353535353536,0.39393939393939403,-0.0580587247095256
0.3737373737373739,0.39393939393939403,0.2658305167035955
0.39393939393939403,0.39393939393939403,0.3827736333096956
0.41414141414141437,0.39393939393939403,0.2849149761713056
0.4343434343434345,0.39393939393939403,0.022029207867207495
0.4545454545454546,0.39393939393939403,-0.15468854109243887
0.4747474747474749,0.39393939393939403,0.23454184467084477
0.49494949494949503,0.39393939393939403,-0.031519857951956456
0.5151515151515154,0.39393939393939403,0.35881679704909986
0.5353535353535355,0.39393939393939403,0.265063613761003
0.5555555555555556,0.39393939393939403,0.2146089929658662
0.5757575757575759,0.39393939393939403,-0.15608650571349011
0.595959595959596,0.39393939393939403,0.22957920023644962
0.6161616161616164,0.39393939393939403,0.5842599838389742
0.6363636363636365,0.39393939393939403,0.13040836207330178
0.6565656565656568,0.39393939393939403,0.10570584041521125
0.6767676767676769,0.39393939393939403,0.16628001193761513
0.696969696969697,0.39393939393939403,0.3039888569193354
0.7171717171717173,0.39393939393939403,0.3129924885249357
0.7373737373737375,0.39393939393939403,0.5201852127987034
0.7575757575757578,0.39393939393939403,0.21165911041551266
0.7777777777777779,0.39393939393939403,0.4212859401286182
0.7979797979797982,0.39393939393939403,0.2912976242898836
0.8181818181818183,0.39393939393939403,0.6201649296628416
0.8383838383838385,0.39393939393939403,0.5458231629109719
0.8585858585858588,0.39393939393939403,0.5822617365039139
0.8787878787878789,0.39393939393939403,0.5062825396432356
0.8989898989898992,0.39393939393939403,0.6652875598052739
0.9191919191919193,0.39393939393939403,1.1037077587735675
0.9393939393939394,0.39393939393939403,0.8130654241593034
0.9595959595959598,0.39393939393939403,0.8988066544066853
0.9797979797979799,0.39393939393939403,0.832201423249144
1.0,0.39393939393939403,0.9984699021676203
-1.0,0.41414141414141437,0.662841154806925
-0.9797979797979798,0.41414141414141437,0.5720037199298462
-0.9595959595959596,0.41414141414141437,0.7803421729986667
-0.9393939393939394,0.41414141414141437,0.7440296423724901
-0.9191919191919192,0.41414141414141437,0.9839481800815124
-0.898989898989899,0.41414141414141437,0.9602597154260437
-0.8787878787878788,0.41414141414141437,0.5926028949823035
-0.8585858585858586,0.41414141414141437,0.7395657268790881
-0.8383838383838383,0.41414141414141437,0.3453505363970837
-0.8181818181818181,0.41414141414141437,0.7524648789165149
-0.797979797979798,0.41414141414141437,0.791756218230504
-0.7777777777777778,0.41414141414141437,0.5921732873305583
-0.7575757575757576,0.41414141414141437,0.4782322469954518
-0.7373737373737373,0.41414141414141437,0.31813011481303516
-0.7171717171717171,0.41414141414141437,0.22935549220311457
-0.696969696969697,0.41414141414141437,0.08448762359475989
-0.6767676767676767,0.41414141414141437,0.5739138360015775
-0.6565656565656566,0.41414141414141437,0.3981256452114218
-0.6363636363636364,0.41414141414141437,0.20782419712250674
-0.6161616161616161,0.41414141414141437,0.2795091609095407
-0.5959595959595959,0.41414141414141437,0.4447761184757155
-0.5757575757575757,0.41414141414141437,0.5188829854001755
-0.5555555555555556,0.41414141414141437,0.3524460271061029
-0.5353535353535352,0.41414141414141437,0.0006831708530674885
-0.5151515151515151,0.41414141414141437,0.6012655025337647
-0.4949494949494949,0.41414141414141437,-0.23579262831609812
-0.4747474747474747,0.41414141414141437,0.030797489435821633
-0.4545454545454545,0.41414141414141437,-0.031817026678273366
-0.43434343434343425,0.41414141414141437,-0.12984612002159152
-0.41414141414141414,0.41414141414141437,0.012083455704786125
-0.3939393939393939,0.41414141414141437,-0.25058450781459185
-0.3737373737373737,0.41414141414141437,-0.044317803894886945
-0.3535353535353535,0.41414141414141437,0.1979720381544116
-0.33333333333333326,0.41414141414141437,-0.24568949888004604
-0.31313131313131304,0.41414141414141437,-0.3496121806271327
-0.2929292929292928,0.41414141414141437,0.131403792151573
-0.2727272727272727,0.41414141414141437,-0.020462088692310726
-0.2525252525252525,0.41414141414141437,0.31723844920695576
-0.23232323232323226,0.41414141414141437,-0.189909908165678
-0.21212121212121204,0.41414141414141437,-0.18045099138101145
-0.19191919191919182,0.41414141414141437,-0.13981906135517025
-0.1717171717171716,0.41414141414141437,-0.13267679915313174
-0.1515151515151515,0.41414141414141437,-0.1528445511956476
-0.13131313131313127,0.41414141414141437,-0.32476014828714406
-0.11111111111111105,0.41414141414141437,0.15162286840900074
-0.09090909090909083,0.41414141414141437,0.059855811196895675
-0.07070707070707061,0.41414141414141437,-0.38620792878508015
-0.050505050505050386,0.41414141414141437,-0.0468876445539782
-0.030303030303030276,0.41414141414141437,-0.3980816411409931
-0.010101010101010055,0.41414141414141437,-0.4861383080952903
0.010101010101010166,0.41414141414141437,0.1401383020828662
0.030303030303030498,0.41414141414141437,-0.4873862611088106
0.05050505050505061,0.41414141414141437,-0.14256649038240432
0.07070707070707072,0.41414141414141437,-0.16833331161598566
0.09090909090909105,0.41414141414141437,-0.17189781291633763
0.11111111111111116,0.41414141414141437,-0.011207881497483835
0.1313131313131315,0.41414141414141437,-0.1411921584356429
0.1515151515151516,0.41414141414141437,-0.19601337361908625
0.1717171717171717,0.41414141414141437,-0.09235947787192128
0.19191919191919204,0.41414141414141437,-0.40186095925449383
0.21212121212121215,0.41414141414141437,-0.07178941484746237
0.2323232323232325,0.41414141414141437,-0.25703536784056713
0.2525252525252526,0.41414141414141437,-0.08775866865717447
0.27272727272727293,0.41414141414141437,-0.16426519421976993
0.29292929292929304,0.41414141414141437,-0.09508934789999449
0.31313131313131315,0.41414141414141437,-0.1548102716833903
0.3333333333333335,0.41414141414141437,-0.01934230190304291
0.3535353535353536,0.41414141414141437,-0.21786123174537636
0.3737373737373739,0.41414141414141437,0.12268663983913522
0.39393939393939403,0.41414141414141437,0.1258730939411499
0.41414141414141437,0.41414141414141437,-0.2323782134095739
0.4343434343434345,0.41414141414141437,-0.22451808255231495
0.4545454545454546,0.41414141414141437,-0.0497855143665379
0.4747474747474749,0.41414141414141437,0.14750190544504005
0.49494949494949503,0.41414141414141437,0.08021520525220925
0.5151515151515154,0.41414141414141437,0.3995996020483007
0.5353535353535355,0.41414141414141437,0.3082995063418863
0.5555555555555556,0.41414141414141437,0.19022443356332086
0.5757575757575759,0.41414141414141437,0.07886949799714763
0.595959595959596,0.41414141414141437,0.18162768770742918
0.6161616161616164,0.41414141414141437,0.3311842115965098
0.6363636363636365,0.41414141414141437,0.1412919787697049
0.6565656565656568,0.41414141414141437,0.14464801834596125
0.6767676767676769,0.41414141414141437,0.2757188251013484
0.696969696969697,0.41414141414141437,0.3221886996684103
0.7171717171717173,0.41414141414141437,0.2486361741960902
0.7373737373737375,0.41414141414141437,0.36933702069994906
0.7575757575757578,0.41414141414141437,0.7249265644030242
0.7777777777777779,0.41414141414141437,0.44926767856620453
0.7979797979797982,0.41414141414141437,0.35764367964862986
0.8181818181818183,0.41414141414141437,0.26334737039201617
0.8383838383838385,0.41414141414141437,0.667111019968621
0.8585858585858588,0.41414141414141437,0.6985926299431361
0.8787878787878789,0.41414141414141437,0.5935847355477428
0.8989898989898992,0.41414141414141437,0.6690706426704387
0.9191919191919193,0.41414141414141437,0.7482034709522825
0.9393939393939394,0.41414141414141437,0.6971806366089828
0.9595959595959598,0.41414141414141437,0.7243232214493608
0.9797979797979799,0.41414141414141437,0.7337786708383808
1.0,0.41414141414141437,1.0504970915844787
-1.0,0.4343434343434345,0.5719607197410137
-0.9797979797979798,0.4343434343434345,0.5440015378294509
-0.9595959595959596,0.4343434343434345,0.7369287119012727
-0.9393939393939394,0.4343434343434345,0.47674617276843406
-0.9191919191919192,0.4343434343434345,0.6556532970976631
-0.898989898989899,0.4343434343434345,0.6131453146750903
-0.8787878787878788,0.4343434343434345,0.45730769833164475
-0.8585858585858586,0.4343434343434345,0.7214614302906398
-0.8383838383838383,0.4343434343434345,0.7986602283441069
-0.8181818181818181,0.4343434343434345,0.13406505000221836
-0.797979797979798,0.4343434343434345,0.7765811242567584
-0.7777777777777778,0.4343434343434345,0.349661664634441
-0.7575757575757576,0.4343434343434345,0.5780933953308687
-0.7373737373737373,0.4343434343434345,0.08970344540162312
-0.7171717171717171,0.4343434343434345,0.13190657124375643
-0.696969696969697,0.4343434343434345,0.329484151922141
-0.6767676767676767,0.4343434343434345,-0.035482795932209044
-0.6565656565656566,0.4343434343434345,0.12640324382019935
-0.6363636363636364,0.4343434343434345,0.16265943008497524
-0.6161616161616161,0.4343434343434345,0.4317289936863418
-0.5959595959595959,0.4343434343434345,0.30279075634408925
-0.5757575757575757,0.4343434343434345,0.1259250639710647
-0.5555555555555556,0.4343434343434345,0.3446271175778834
-0.5353535353535352,0.4343434343434345,0.24924695239543962
-0.5151515151515151,0.4343434343434345,0.12453333592498272
-0.4949494949494949,0.4343434343434345,-0.039733800650401996
-0.4747474747474747,0.4343434343434345,0.028653385619134192
-0.4545454545454545,0.4343434343434345,0.04984847484067944
-0.43434343434343425,0.4343434343434345,0.11769558173323486
-0.41414141414141414,0.4343434343434345,0.22019003116975996
-0.3939393939393939,0.4343434343434345,0.3109826126681214
-0.3737373737373737,0.4343434343434345,-0.35633882007005974
-0.3535353535353535,0.4343434343434345,0.10007716037967997
-0.33333333333333326,0.4343434343434345,0.22230678714365865
-0.31313131313131304,0.4343434343434345,-0.09901060021673812
-0.2929292929292928,0.4343434343434345,0.024671599431060412
-0.2727272727272727,0.4343434343434345,0.07290265016188209
-0.2525252525252525,0.4343434343434345,-0.2978239664837591
-0.23232323232323226,0.4343434343434345,-0.2939312284523975
-0.21212121212121204,0.4343434343434345,0.02162621036263032
-0.19191919191919182,0.4343434343434345,-0.06638410512477425
-0.1717171717171716,0.4343434343434345,-0.12296768158106838
-0.1515151515151515,0.4343434343434345,-0.3058668595012824
-0.13131313131313127,0.4343434343434345,-0.12129687651451326
-0.11111111111111105,0.4343434343434345,-0.3304567206731984
-0.09090909090909083,0.4343434343434345,-0.2418720700589446
-0.07070707070707061,0.4343434343434345,0.043843780017343625
-0.050505050505050386,0.4343434343434345,-0.14806257110982568
-0.030303030303030276,0.4343434343434345,-0.2130475353331881
-0.010101010101010055,0.4343434343434345,-0.19389748399731507
0.010101010101010166,0.4343434343434345,-0.20254386600008148
0.030303030303030498,0.4343434343434345,-0.19731365955736022
0.05050505050505061,0.4343434343434345,-0.07011864815209061
0.07070707070707072,0.4343434343434345,-0.15037201578540493
0.09090909090909105,0.4343434343434345,0.02172640797832745
0.11111111111111116,0.4343434343434345,-0.3566338619358094
0.1313131313131315,0.4343434343434345,0.12496502162306672
0.1515151515151516,0.4343434343434345,-0.4583163068314824
0.1717171717171717,0.4343434343434345,0.17895423381852327
0.19191919191919204,0.4343434343434345,-0.008996117060405567
0.21212121212121215,0.4343434343434345,-0.06415926840273642
0.2323232323232325,0.4343434343434345,-0.3200343234812461
0.2525252525252526,0.4343434343434345,-0.165994870441006
0.27272727272727293,0.4343434343434345,-0.06320557829595576
0.29292929292929304,0.4343434343434345,0.062353767799736864
0.31313131313131315,0.4343434343434345,0.10867386015312805
0.3333333333333335,0.4343434343434345,-0.20382541495484666
0.3535353535353536,0.4343434343434345,0.2650540666084601
0.3737373737373739,0.4343434343434345,0.12449039072900472
0.39393939393939403,0.4343434343434345,-0.03981752899511933
0.41414141414141437,0.4343434343434345,0.02774291430929713
0.4343434343434345,0.4343434343434345,-0.14035078840226328
0.4545454545454546,0.4343434343434345,-0.0518894197755328
0.4747474747474749,0.4343434343434345,-0.11000138276755173
0.49494949494949503,0.4343434343434345,-0.1651595498841603
0.5151515151515154,0.4343434343434345,0.1944972926878099
0.5353535353535355,0.4343434343434345,0.2891855947114327
0.5555555555555556,0.4343434343434345,0.3566830685517314
0.5757575757575759,0.4343434343434345,0.2607413061367658
0.595959595959596,0.4343434343434345,0.20659594911569118
0.6161616161616164,0.4343434343434345,0.26716974975797453
0.6363636363636365,0.4343434343434345,0.2282283156459607
0.6565656565656568,0.4343434343434345,0.1497373205793156
0.6767676767676769,0.4343434343434345,0.5744191110027195
0.696969696969697,0.4343434343434345,0.45094703532865804
0.7171717171717173,0.4343434343434345,0.28543631642743106
0.7373737373737375,0.4343434343434345,0.41457574295964983
0.7575757575757578,0.4343434343434345,0.47078929372963857
0.7777777777777779,0.4343434343434345,0.22552747400554127
0.7979797979797982,0.4343434343434345,0.7568021849363569
0.8181818181818183,0.4343434343434345,0.4732137141443912
0.8383838383838385,0.4343434343434345,0.5338365860847492
0.8585858585858588,0.4343434343434345,0.8750705292936705
0.8787878787878789,0.4343434343434345,0.7597858187246664
0.8989898989898992,0.4343434343434345,0.3897079049101123
0.9191919191919193,0.4343434343434345,0.9166957120438515
0.9393939393939394,0.4343434343434345,0.9424874845962927
0.9595959595959598,0.4343434343434345,0.7105313837996946
0.9797979797979799,0.4343434343434345,0.703374441752276
1.0,0.4343434343434345,0.6608937224584188
-1.0,0.4545454545454546,0.4007545389130717
-0.9797979797979798,0.4545454545454546,0.5958665394467442
-0.9595959595959596,0.4545454545454546,0.9712463078733216
-0.9393939393939394,0.4545454545454546,0.5349432792963327
-0.9191919191919192,0.4545454545454546,0.5139972439702882
-0.898989898989899,0.4545454545454546,0.39288869392862713
-0.8787878787878788,0.4545454545454546,0.33116167363343996
-0.8585858585858586,0.4545454545454546,0.7703988777216007
-0.8383838383838383,0.4545454545454546,0.5007969270056167
-0.8181818181818181,0.4545454545454546,0.49678195425880356
-0.797979797979798,0.4545454545454546,0.29711866081105853
-0.7777777777777778,0.4545454545454546,0.40545960021418925
-0.7575757575757576,0.4545454545454546,0.7262518176837396
-0.7373737373737373,0.4545454545454546,0.7202443441012278
-0.7171717171717171,0.4545454545454546,0.45284154726871295
-0.696969696969697,0.4545454545454546,0.14628168198030742
-0.6767676767676767,0.4545454545454546,0.3207485492535232
-0.6565656565656566,0.4545454545454546,0.43821540522628116
-0.6363636363636364,0.4545454545454546,0.22400521905489681
-0.6161616161616161,0.4545454545454546,0.2455875175921039
-0.5959595959595959,0.4545454545454546,0.6016073142421458
-0.5757575757575757,0.4545454545454546,0.12251299812753458
-0.5555555555555556,0.4545454545454546,0.14200103555923016
-0.5353535353535352,0.4545454545454546,0.07075551694810281
-0.5151515151515151,0.4545454545454546,0.42062789391194977
-0.4949494949494949,0.4545454545454546,-0.014256570987016971
-0.4747474747474747,0.4545454545454546,0.13708564644241894
-0.4545454545454545,0.4545454545454546,0.25541125472473386
-0.43434343434343425,0.4545454545454546,0.25955275195711025
-0.41414141414141414,0.4545454545454546,-0.10215915978055416
-0.3939393939393939,0.4545454545454546,0.27931898196101435
-0.3737373737373737,0.4545454545454546,-0.03514907416154807
-0.3535353535353535,0.4545454545454546,-0.1747340389781949
-0.33333333333333326,0.4545454545454546,0.09677952013454634
-0.31313131313131304,0.4545454545454546,-0.3297843778612112
-0.2929292929292928,0.4545454545454546,-0.4493493964723156
-0.2727272727272727,0.4545454545454546,-0.27569544438539184
-0.2525252525252525,0.4545454545454546,0.46151263971759476
-0.23232323232323226,0.4545454545454546,-0.11451169400021012
-0.21212121212121204,0.4545454545454546,-0.750271624265227
-0.19191919191919182,0.4545454545454546,0.29056884967965135
-0.1717171717171716,0.4545454545454546,0.14045777600080417
-0.1515151515151515,0.4545454545454546,-0.3298494902218526
-0.13131313131313127,0.4545454545454546,-0.38605005250310587
-0.11111111111111105,0.4545454545454546,-0.32943766200125923
-0.09090909090909083,0.4545454545454546,-0.13850313566980796
-0.07070707070707061,0.4545454545454546,-0.405439506021098
-0.050505050505050386,0.4545454545454546,0.14349883405136685
-0.030303030303030276,0.4545454545454546,-0.07442246817825807
-0.010101010101010055,0.4545454545454546,-0.2911642456723872
0.010101010101010166,0.4545454545454546,-0.42539564043352407
0.030303030303030498,0.4545454545454546,6.58404261474621e-05
0.05050505050505061,0.4545454545454546,-0.31606267268582233
0.07070707070707072,0.4545454545454546,-0.10553320529942153
0.09090909090909105,0.4545454545454546,-0.2577793098119321
0.11111111111111116,0.4545454545454546,-0.2195590630707071
0.1313131313131315,0.4545454545454546,-0.01223323155983752
0.1515151515151516,0.4545454545454546,0.140509646866838
0.1717171717171717,0.4545454545454546,0.0034118267891670717
0.19191919191919204,0.4545454545454546,-0.34112212016999
0.21212121212121215,0.4545454545454546,-0.6536222094752128
0.2323232323232325,0.4545454545454546,0.16997223539101164
0.2525252525252526,0.4545454545454546,-0.4114937575780624
0.27272727272727293,0.4545454545454546,-0.3439858897563467
0.29292929292929304,0.4545454545454546,-0.2074024129800857
0.31313131313131315,0.4545454545454546,-0.13313866387976186
0.3333333333333335,0.4545454545454546,-0.31642009226829426
0.3535353535353536,0.4545454545454546,0.0054733107494019245
0.3737373737373739,0.4545454545454546,-0.31536285477055215
0.39393939393939403,0.4545454545454546,-0.0078067232987479585
0.41414141414141437,0.4545454545454546,-0.027947238943521767
0.4343434343434345,0.4545454545454546,0.15421043588593245
0.4545454545454546,0.4545454545454546,-0.2554557959735214
0.4747474747474749,0.4545454545454546,0.21386924591179665
0.49494949494949503,0.4545454545454546,0.28094567009644394
0.5151515151515154,0.4545454545454546,-0.5063780385909498
0.5353535353535355,0.4545454545454546,-0.12485170955091149
0.5555555555555556,0.4545454545454546,0.01245621589668544
0.5757575757575759,0.4545454545454546,0.11332425203183669
0.595959595959596,0.4545454545454546,0.21492816866652298
0.6161616161616164,0.4545454545454546,0.41217604238860056
0.6363636363636365,0.4545454545454546,0.12815953369340544
0.6565656565656568,0.4545454545454546,0.486028681351706
0.6767676767676769,0.4545454545454546,0.3807062523077462
0.696969696969697,0.4545454545454546,0.047829684715752246
0.7171717171717173,0.4545454545454546,0.4656742651205222
0.7373737373737375,0.4545454545454546,0.4511982698019859
0.7575757575757578,0.4545454545454546,0.3948602085129673
0.7777777777777779,0.4545454545454546,0.45224660877680867
0.7979797979797982,0.4545454545454546,-0.31777815908046897
0.8181818181818183,0.4545454545454546,0.4711314186913204
0.8383838383838385,0.4545454545454546,0.4900248946971147
0.8585858585858588,0.4545454545454546,0.4071705536363704
0.8787878787878789,0.4545454545454546,0.5907735480230211
0.8989898989898992,0.4545454545454546,0.693610537643913
0.9191919191919193,0.4545454545454546,0.3689887984142158
0.9393939393939394,0.4545454545454546,0.8873190658462721
0.9595959595959598,0.4545454545454546,0.7367170681151175
0.9797979797979799,0.4545454545454546,0.8413597332528638
1.0,0.4545454545454546,0.7310757502199824
-1.0,0.4747474747474749,1.0336319605889988
-0.9797979797979798,0.4747474747474749,0.52133502629816
-0.9595959595959596,0.4747474747474749,0.6055232639451181
-0.9393939393939394,0.4747474747474749,0.6628497817214499
-0.9191919191919192,0.4747474747474749,0.5393857039439686
-0.898989898989899,0.4747474747474749,0.6282105564038079
-0.8787878787878788,0.4747474747474749,0.6101910697200404
-0.8585858585858586,0.4747474747474749,0.808329429632838
-0.8383838383838383,0.4747474747474749,0.2540151353983515
-0.8181818181818181,0.4747474747474749,0.47988807800093897
-0.797979797979798,0.4747474747474749,0.42900109161994743
-0.7777777777777778,0.4747474747474749,0.41426298545947277
-0.7575757575757576,0.4747474747474749,0.47553480441931273
-0.7373737373737373,0.4747474747474749,0.4998231548640134
-0.7171717171717171,0.4747474747474749,0.17336616566003568
-0.696969696969697,0.4747474747474749,0.29820957005141197
-0.6767676767676767,0.4747474747474749,0.08690809539400704
-0.6565656565656566,0.4747474747474749,0.40858750275109645
-0.6363636363636364,0.4747474747474749,0.14478632266839442
-0.6161616161616161,0.4747474747474749,0.23674655852771187
-0.5959595959595959,0.4747474747474749,0.10629892171474718
-0.5757575757575757,0.4747474747474749,0.10067980447650346
-0.5555555555555556,0.4747474747474749,0.05867061524324205
-0.5353535353535352,0.4747474747474749,-0.033894708008424895
-0.5151515151515151,0.4747474747474749,-0.08489779221610523
-0.4949494949494949,0.4747474747474749,-0.07941396518725928
-0.4747474747474747,0.4747474747474749,0.1504274802995582
-0.4545454545454545,0.4747474747474749,0.0598200705549668
-0.43434343434343425,0.4747474747474749,-0.21634801903668704
-0.41414141414141414,0.4747474747474749,0.21948859677794388
-0.3939393939393939,0.4747474747474749,-0.05772102634475193
-0.3737373737373737,0.4747474747474749,0.05348541303193918
-0.3535353535353535,0.4747474747474749,0.09197468242521727
-0.33333333333333326,0.4747474747474749,-0.21244419608838194
-0.31313131313131304,0.4747474747474749,-0.5231803295453417
-0.2929292929292928,0.4747474747474749,-0.3297097134391558
-0.2727272727272727,0.4747474747474749,-0.09323681105943821
-0.2525252525252525,0.4747474747474749,0.004022863467224552
-0.23232323232323226,0.4747474747474749,-0.06993177298754774
-0.21212121212121204,0.4747474747474749,-0.008307701379397847
-0.19191919191919182,0.4747474747474749,-0.46556611844685153
-0.1717171717171716,0.4747474747474749,-0.032050647598999005
-0.1515151515151515,0.4747474747474749,-0.0690033101186478
-0.13131313131313127,0.4747474747474749,-0.2014541707637893
-0.11111111111111105,0.4747474747474749,-0.07257415049830301
-0.09090909090909083,0.4747474747474749,0.06673081797313937
-0.07070707070707061,0.4747474747474749,-0.34262163835669923
-0.050505050505050386,0.4747474747474749,-0.020578485585332568
-0.030303030303030276,0.4747474747474749,-0.14277860154362484
-0.010101010101010055,0.4747474747474749,-0.33492039598483336
0.010101010101010166,0.4747474747474749,-0.2402438118340397
0.030303030303030498,0.4747474747474749,-0.2841964194306269
0.05050505050505061,0.4747474747474749,-0.36967379494782404
0.07070707070707072,0.4747474747474749,-0.0736745198125584
0.09090909090909105,0.4747474747474749,-0.2505963908975395
0.11111111111111116,0.4747474747474749,-0.5852904968541247
0.1313131313131315,0.4747474747474749,0.3185327329959039
0.1515151515151516,0.4747474747474749,-0.678255157869116
0.1717171717171717,0.4747474747474749,-0.0032077008030014786
0.19191919191919204,0.4747474747474749,0.0024212542891860755
0.21212121212121215,0.4747474747474749,-0.5870969786395115
0.2323232323232325,0.4747474747474749,-0.17341280022445318
0.2525252525252526,0.4747474747474749,-0.29457805547124627
0.27272727272727293,0.4747474747474749,-0.13599631485498398
0.29292929292929304,0.4747474747474749,0.00954829880165789
0.31313131313131315,0.4747474747474749,0.11803196400033797
0.3333333333333335,0.4747474747474749,-0.12139820925050995
0.3535353535353536,0.4747474747474749,-0.43679752920654413
0.3737373737373739,0.4747474747474749,0.28768996667359426
0.39393939393939403,0.4747474747474749,-0.22365777069552628
0.41414141414141437,0.4747474747474749,-0.13432264119229648
0.4343434343434345,0.4747474747474749,-0.19217926430963178
0.4545454545454546,0.4747474747474749,0.08092911234994876
0.4747474747474749,0.4747474747474749,0.15802228380771288
0.49494949494949503,0.4747474747474749,0.3155316667725633
0.5151515151515154,0.4747474747474749,-0.0756911839836725
0.5353535353535355,0.4747474747474749,0.18206210459630173
0.5555555555555556,0.4747474747474749,-0.13302647639872048
0.5757575757575759,0.4747474747474749,0.2942095898753712
0.595959595959596,0.4747474747474749,0.24375831272308526
0.6161616161616164,0.4747474747474749,0.10518723810378836
0.6363636363636365,0.4747474747474749,0.10397519135894434
0.6565656565656568,0.4747474747474749,0.491484233955232
0.6767676767676769,0.4747474747474749,0.15306909227759372
0.696969696969697,0.4747474747474749,0.4086631771145197
0.7171717171717173,0.4747474747474749,0.6454218635848685
0.7373737373737375,0.4747474747474749,0.33110380448514426
0.7575757575757578,0.4747474747474749,0.09937463398748217
0.7777777777777779,0.4747474747474749,0.40282167826658305
0.7979797979797982,0.4747474747474749,0.7202884888609395
0.8181818181818183,0.4747474747474749,0.3592978047615439
0.8383838383838385,0.4747474747474749,0.8085716706966586
0.8585858585858588,0.4747474747474749,0.39301070480181166
0.8787878787878789,0.4747474747474749,0.7291011620742055
0.8989898989898992,0.4747474747474749,0.5038999453248286
0.9191919191919193,0.4747474747474749,0.8021249409905445
0.9393939393939394,0.4747474747474749,0.9359075490747661
0.9595959595959598,0.4747474747474749,0.5308414664215002
0.9797979797979799,0.4747474747474749,0.8525859065441939
1.0,0.4747474747474749,0.6664658697157055
-1.0,0.49494949494949503,0.06472216137074538
-0.9797979797979798,0.49494949494949503,0.5923450237094355
-0.9595959595959596,0.49494949494949503,0.7895970936654041
-0.9393939393939394,0.49494949494949503,0.4930869887016843
-0.9191919191919192,0.49494949494949503,0.5899500402511425
-0.898989898989899,0.49494949494949503,0.6653173869076825
-0.8787878787878788,0.49494949494949503,0.13203257665558243
-0.8585858585858586,0.49494949494949503,0.6501531835922036
-0.8383838383838383,0.49494949494949503,0.4569539417706547
-0.8181818181818181,0.49494949494949503,0.2356022447198497
-0.797979797979798,0.49494949494949503,0.3270701560742548
-0.7777777777777778,0.49494949494949503,0.3249025926679107
-0.7575757575757576,0.49494949494949503,0.2794792923121559
-0.7373737373737373,0.49494949494949503,0.16050472242423028
-0.7171717171717171,0.49494949494949503,0.1663920744490252
-0.696969696969697,0.49494949494949503,0.17863961946285828
-0.6767676767676767,0.49494949494949503,0.2762350220343037
-0.6565656565656566,0.49494949494949503,0.16989839510237026
-0.6363636363636364,0.49494949494949503,0.35648138221479886
-0.6161616161616161,0.49494949494949503,0.3438024076176282
-0.5959595959595959,0.49494949494949503,-0.154564745919121
-0.5757575757575757,0.49494949494949503,0.2845512552850286
-0.5555555555555556,0.49494949494949503,0.2731331829710445
-0.5353535353535352,0.49494949494949503,0.1483330840942902
-0.5151515151515151,0.49494949494949503,0.032184294018653116
-0.4949494949494949,0.49494949494949503,-0.45971498687271944
-0.4747474747474747,0.49494949494949503,-0.24270717336990996
-0.4545454545454545,0.49494949494949503,0.16451086745469223
-0.43434343434343425,0.49494949494949503,-0.3693629988171224
-0.41414141414141414,0.49494949494949503,-0.22946798319007175
-0.3939393939393939,0.49494949494949503,0.11489694326895156
-0.3737373737373737,0.49494949494949503,-0.11557318563003724
-0.3535353535353535,0.49494949494949503,-0.01395075671010286
-0.33333333333333326,0.49494949494949503,-0.47671055204797624
-0.31313131313131304,0.49494949494949503,0.040894517976843126
-0.2929292929292928,0.49494949494949503,0.027382983848851045
-0.2727272727272727,0.49494949494949503,0.36444088348410497
-0.2525252525252525,0.49494949494949503,0.06694056154957084
-0.23232323232323226,0.49494949494949503,-0.25453183534313434
-0.21212121212121204,0.49494949494949503,-0.19885489250772936
-0.19191919191919182,0.49494949494949503,-0.3778038991212208
-0.1717171717171716,0.49494949494949503,-0.5429146108956187
-0.1515151515151515,0.49494949494949503,-0.17872408724356947
-0.13131313131313127,0.49494949494949503,-0.42319877244168347
-0.11111111111111105,0.49494949494949503,-0.38043447604659997
-0.09090909090909083,0.49494949494949503,0.07898428477620456
-0.07070707070707061,0.49494949494949503,-0.24356339186364392
-0.050505050505050386,0.49494949494949503,-0.3943410685081063
-0.030303030303030276,0.49494949494949503,-0.25746984335052886
-0.010101010101010055,0.49494949494949503,-0.3086936513882451
0.010101010101010166,0.49494949494949503,-0.5646830406595975
0.030303030303030498,0.49494949494949503,-0.07616314110118744
0.05050505050505061,0.49494949494949503,-0.20926921954852024
0.07070707070707072,0.49494949494949503,0.16261936526374274
0.09090909090909105,0.49494949494949503,-0.67314244204941
0.11111111111111116,0.49494949494949503,-0.11385521765056279
0.1313131313131315,0.49494949494949503,-0.09741638155999638
0.1515151515151516,0.49494949494949503,-0.2946167203419171
0.1717171717171717,0.49494949494949503,-0.37685744341641353
0.19191919191919204,0.49494949494949503,-0.5200664425641103
0.21212121212121215,0.49494949494949503,-0.051795901559137936
0.2323232323232325,0.49494949494949503,-0.30259393151590247
0.2525252525252526,0.49494949494949503,-0.5775978035676224
0.27272727272727293,0.49494949494949503,-0.3333684458467878
0.29292929292929304,0.49494949494949503,-0.10354335147452494
0.31313131313131315,0.49494949494949503,-0.22737204078354123
0.3333333333333335,0.49494949494949503,0.056718187581742185
0.3535353535353536,0.49494949494949503,-0.27065861774103545
0.3737373737373739,0.49494949494949503,0.2547822540245404
0.39393939393939403,0.49494949494949503,-0.1249570395641674
0.41414141414141437,0.49494949494949503,-0.03005690608841142
0.4343434343434345,0.49494949494949503,-0.40342834730567145
0.4545454545454546,0.49494949494949503,0.08613832972601047
0.4747474747474749,0.49494949494949503,0.15537544449052024
0.49494949494949503,0.49494949494949503,0.20373087743454366
0.5151515151515154,0.49494949494949503,0.09344221552205627
0.5353535353535355,0.49494949494949503,-0.27866278989686655
0.5555555555555556,0.49494949494949503,0.13144625046323702
0.5757575757575759,0.49494949494949503,0.3140185069279715
0.595959595959596,0.49494949494949503,0.19257385187034542
0.6161616161616164,0.49494949494949503,0.5003361434965229
0.6363636363636365,0.49494949494949503,-0.2584321213951388
0.6565656565656568,0.49494949494949503,0.3698770889732125
0.6767676767676769,0.49494949494949503,0.15757318387326794
0.696969696969697,0.49494949494949503,0.41228715083896883
0.7171717171717173,0.49494949494949503,0.0590940868175156
0.7373737373737375,0.49494949494949503,0.4549315387537829
0.7575757575757578,0.49494949494949503,0.3502993176193223
0.7777777777777779,0.49494949494949503,0.0890983617030422
0.7979797979797982,0.49494949494949503,0.10645001480579047
0.8181818181818183,0.49494949494949503,0.2849002282623545
0.8383838383838385,0.49494949494949503,0.4113096463648317
0.8585858585858588,0.49494949494949503,-0.08257677799417062
0.8787878787878789,0.49494949494949503,0.49324200392445755
0.8989898989898992,0.49494949494949503,0.7722295185241645
0.9191919191919193,0.49494949494949503,0.598358972817026
0.9393939393939394,0.49494949494949503,0.4283102042626875
0.9595959595959598,0.49494949494949503,0.6887713675651204
0.9797979797979799,0.49494949494949503,0.5860573075273793
1.0,0.49494949494949503,0.8499849447310082
-1.0,0.5151515151515154,0.6357546832271853
-0.9797979797979798,0.5151515151515154,0.5885955313546453
-0.9595959595959596,0.5151515151515154,0.5903136603890591
-0.9393939393939394,0.5151515151515154,0.4457725967682187
-0.9191919191919192,0.5151515151515154,0.6593900680295177
-0.898989898989899,0.5151515151515154,0.23415412246004613
-0.8787878787878788,0.5151515151515154,0.6177556991231786
-0.8585858585858586,0.5151515151515154,0.6794780388399464
-0.8383838383838383,0.5151515151515154,0.6469093677708554
-0.8181818181818181,0.5151515151515154,0.19992771961906744
-0.797979797979798,0.5151515151515154,0.5240080603627296
-0.7777777777777778,0.5151515151515154,0.023469283336427227
-0.7575757575757576,0.5151515151515154,0.13853658788205375
-0.7373737373737373,0.5151515151515154,0.5610225443283375
-0.7171717171717171,0.5151515151515154,-0.07581715939770473
-0.696969696969697,0.5151515151515154,0.3032282601251455
-0.6767676767676767,0.5151515151515154,0.3331361436744309
-0.6565656565656566,0.5151515151515154,0.4099779204864631
-0.6363636363636364,0.5151515151515154,0.4090097692628665
-0.6161616161616161,0.5151515151515154,-0.17940553005532722
-0.5959595959595959,0.5151515151515154,0.3349005921500021
-0.5757575757575757,0.5151515151515154,0.24382750443489137
-0.5555555555555556,0.5151515151515154,-0.0741068091181281
-0.5353535353535352,0.5151515151515154,-0.31004519492438015
-0.5151515151515151,0.5151515151515154,0.04481562919965212
-0.4949494949494949,0.5151515151515154,0.14169643900559203
-0.4747474747474747,0.5151515151515154,-0.08267681425454393
-0.4545454545454545,0.5151515151515154,-0.15915576342039756
-0.43434343434343425,0.5151515151515154,-0.1296640698793581
-0.41414141414141414,0.5151515151515154,-0.5115620789531938
-0.3939393939393939,0.5151515151515154,0.014440514585067732
-0.3737373737373737,0.5151515151515154,0.03729598010876131
-0.3535353535353535,0.5151515151515154,-0.21523299754804598
-0.33333333333333326,0.5151515151515154,-0.37365408337564177
-0.31313131313131304,0.5151515151515154,-0.2133221457665243
-0.2929292929292928,0.5151515151515154,-0.2553666769021649
-0.2727272727272727,0.5151515151515154,-0.10571769544325438
-0.2525252525252525,0.5151515151515154,0.2851544410522156
-0.23232323232323226,0.5151515151515154,-0.2074706255151141
-0.21212121212121204,0.5151515151515154,-0.12147676237984839
-0.19191919191919182,0.5151515151515154,-0.35061993642982314
-0.1717171717171716,0.5151515151515154,0.07379199135635828
-0.1515151515151515,0.5151515151515154,0.07086442009788385
-0.13131313131313127,0.5151515151515154,-0.29665645223246195
-0.11111111111111105,0.5151515151515154,-0.18809773349102454
-0.09090909090909083,0.5151515151515154,-0.6292686727025764
-0.07070707070707061,0.5151515151515154,-0.47913008219335634
-0.050505050505050386,0.5151515151515154,-0.22056146781062136
-0.030303030303030276,0.5151515151515154,-0.5223565761443282
-0.010101010101010055,0.5151515151515154,-0.07385927193210626
0.010101010101010166,0.5151515151515154,-0.5109935651924117
0.030303030303030498,0.5151515151515154,-0.4136164980965822
0.05050505050505061,0.5151515151515154,-0.005819017726565734
0.07070707070707072,0.5151515151515154,-0.24923853339162394
0.09090909090909105,0.5151515151515154,-0.5663111232535274
0.11111111111111116,0.5151515151515154,-0.35128906744363386
0.1313131313131315,0.5151515151515154,-0.10226035354013455
0.1515151515151516,0.5151515151515154,-0.055930114275771076
0.1717171717171717,0.5151515151515154,-0.3685195424331543
0.19191919191919204,0.5151515151515154,0.16100099093485143
0.21212121212121215,0.5151515151515154,-0.18921973903744593
0.2323232323232325,0.5151515151515154,-0.20824103868169433
0.2525252525252526,0.5151515151515154,0.2468807455280555
0.27272727272727293,0.5151515151515154,-0.4388148291654772
0.29292929292929304,0.5151515151515154,-0.3724315932980364
0.31313131313131315,0.5151515151515154,0.31940013876277845
0.3333333333333335,0.5151515151515154,-0.5414104900315277
0.3535353535353536,0.5151515151515154,-0.09297357106607379
0.3737373737373739,0.5151515151515154,-0.15897689014788757
0.39393939393939403,0.5151515151515154,0.1810844690807583
0.41414141414141437,0.5151515151515154,-0.17408671071037002
0.4343434343434345,0.5151515151515154,-0.02652582595681935
0.4545454545454546,0.5151515151515154,0.4908393265227424
0.4747474747474749,0.5151515151515154,-0.07668516045550536
0.49494949494949503,0.5151515151515154,-0.19033227621632415
0.5151515151515154,0.5151515151515154,0.04114972775927624
0.5353535353535355,0.5151515151515154,-0.012350115374182367
0.5555555555555556,0.5151515151515154,-0.013415093806053081
0.5757575757575759,0.5151515151515154,0.09510780519840994
0.595959595959596,0.5151515151515154,-0.2758055386532326
0.6161616161616164,0.5151515151515154,0.11275148022836663
0.6363636363636365,0.5151515151515154,0.029110215607780973
0.6565656565656568,0.5151515151515154,0.31724802764702054
0.6767676767676769,0.5151515151515154,0.19593504235663295
0.696969696969697,0.5151515151515154,-0.09102259339355928
0.7171717171717173,0.5151515151515154,0.7481205375467619
0.7373737373737375,0.5151515151515154,0.3167054426027651
0.7575757575757578,0.5151515151515154,0.006607997804024601
0.7777777777777779,0.5151515151515154,0.45653611615907297
0.7979797979797982,0.5151515151515154,0.47432685326840296
0.8181818181818183,0.5151515151515154,0.23175343245895064
0.8383838383838385,0.5151515151515154,0.21000691954630973
0.8585858585858588,0.5151515151515154,0.7211769540487794
0.8787878787878789,0.5151515151515154,0.1423428025033796
0.8989898989898992,0.5151515151515154,0.4988089209536032
0.9191919191919193,0.5151515151515154,0.328799189997702
0.9393939393939394,0.5151515151515154,0.45491766432208824
0.9595959595959598,0.5151515151515154,0.8210494469234952
0.9797979797979799,0.5151515151515154,0.835741165388161
1.0,0.5151515151515154,0.7432748361590287
-1.0,0.5353535353535355,0.6834159584321163
-0.9797979797979798,0.5353535353535355,0.5484658237105151
-0.9595959595959596,0.5353535353535355,0.4637573608049017
-0.9393939393939394,0.5353535353535355,0.37337780889866057
-0.9191919191919192,0.5353535353535355,0.5824872184665194
-0.898989898989899,0.5353535353535355,0.4474803622497505
-0.8787878787878788,0.5353535353535355,0.9639673158628932
-0.8585858585858586,0.5353535353535355,0.2949500820205817
-0.8383838383838383,0.5353535353535355,0.02294759085246978
-0.8181818181818181,0.5353535353535355,0.08257423139190223
-0.797979797979798,0.5353535353535355,0.6332814303203245
-0.7777777777777778,0.5353535353535355,0.3650769897063217
-0.7575757575757576,0.5353535353535355,0.4782633464888457
-0.7373737373737373,0.5353535353535355,0.10114734130826297
-0.7171717171717171,0.5353535353535355,0.1892945231469843
-0.696969696969697,0.5353535353535355,0.05220782972334134
-0.6767676767676767,0.5353535353535355,-0.04088927697587033
-0.6565656565656566,0.5353535353535355,0.10365338262137361
-0.6363636363636364,0.5353535353535355,-0.004272971705120601
-0.6161616161616161,0.5353535353535355,-0.00018124346313974637
-0.5959595959595959,0.5353535353535355,-0.1946827995632061
-0.5757575757575757,0.5353535353535355,0.40582206101688734
-0.5555555555555556,0.5353535353535355,0.06987889599327005
-0.5353535353535352,0.5353535353535355,0.039220735114724695
-0.5151515151515151,0.5353535353535355,0.07850772187985075
-0.4949494949494949,0.5353535353535355,0.1268794926292125
-0.4747474747474747,0.5353535353535355,0.01246126910767853
-0.4545454545454545,0.5353535353535355,0.19936190330122583
-0.43434343434343425,0.5353535353535355,-0.18906172401615617
-0.41414141414141414,0.5353535353535355,-0.1184436685529551
-0.3939393939393939,0.5353535353535355,0.036892610605578885
-0.3737373737373737,0.5353535353535355,0.23300159578712676
-0.3535353535353535,0.5353535353535355,-0.40382086217741303
-0.33333333333333326,0.5353535353535355,-0.28469529329175924
-0.31313131313131304,0.5353535353535355,-0.24362909963439724
-0.2929292929292928,0.5353535353535355,-0.10344098598891532
-0.2727272727272727,0.5353535353535355,-0.41448184394587184
-0.2525252525252525,0.5353535353535355,-0.01562383193470232
-0.23232323232323226,0.5353535353535355,-0.19669184005729962
-0.21212121212121204,0.5353535353535355,-0.20294535194145233
-0.19191919191919182,0.5353535353535355,-0.24285943752286218
-0.1717171717171716,0.5353535353535355,-0.3913096410805495
-0.1515151515151515,0.5353535353535355,-0.007965981930286303
-0.13131313131313127,0.5353535353535355,-0.3411746377100034
-0.11111111111111105,0.5353535353535355,-0.24008300726921813
-0.09090909090909083,0.5353535353535355,-0.30920276469153746
-0.07070707070707061,0.5353535353535355,-0.2712602611079078
-0.050505050505050386,0.5353535353535355,-0.45651518771976657
-0.030303030303030276,0.5353535353535355,-0.25363764855841653
-0.010101010101010055,0.5353535353535355,-0.4376512900507452
0.010101010101010166,0.5353535353535355,-0.08454053760284397
0.030303030303030498,0.5353535353535355,-0.21374613387909408
0.05050505050505061,0.5353535353535355,-0.4497642010034718
0.07070707070707072,0.5353535353535355,-0.4833228123678538
0.09090909090909105,0.5353535353535355,0.0449313489893462
0.11111111111111116,0.5353535353535355,-0.3267803134663607
0.1313131313131315,0.5353535353535355,-0.4373706932524102
0.1515151515151516,0.5353535353535355,-0.42224836834736557
0.1717171717171717,0.5353535353535355,-0.22725121950778943
0.19191919191919204,0.5353535353535355,-0.3339219910809378
0.21212121212121215,0.5353535353535355,-0.6571690523352937
0.2323232323232325,0.5353535353535355,-0.448771478599697
0.2525252525252526,0.5353535353535355,-0.3968133292438168
0.27272727272727293,0.5353535353535355,-0.11758732069158777
0.29292929292929304,0.5353535353535355,0.011741135697730637
0.31313131313131315,0.5353535353535355,-0.03051938158220377
0.3333333333333335,0.5353535353535355,-0.3363032625389073
0.3535353535353536,0.5353535353535355,-0.25928589435241206
0.3737373737373739,0.5353535353535355,0.050864768142586864
0.39393939393939403,0.5353535353535355,-0.4452647810784448
0.41414141414141437,0.5353535353535355,-0.18881500103718243
0.4343434343434345,0.5353535353535355,0.22732423787122524
0.4545454545454546,0.5353535353535355,-0.42815008878489663
0.4747474747474749,0.5353535353535355,-0.04378553718411088
0.49494949494949503,0.5353535353535355,0.2481175971430084
0.5151515151515154,0.5353535353535355,0.09338575632482105
0.5353535353535355,0.5353535353535355,-0.020909719558790212
0.5555555555555556,0.5353535353535355,-0.06213920706088129
0.5757575757575759,0.5353535353535355,0.2042647181990434
0.595959595959596,0.5353535353535355,0.10171499520102625
0.6161616161616164,0.5353535353535355,0.058876883545121904
0.6363636363636365,0.5353535353535355,-0.14438346596040452
0.6565656565656568,0.5353535353535355,-0.09475686893099367
0.6767676767676769,0.5353535353535355,0.05783385819391956
0.696969696969697,0.5353535353535355,-0.07917884435868028
0.7171717171717173,0.5353535353535355,0.07447888189785981
0.7373737373737375,0.5353535353535355,0.24562790412643537
0.7575757575757578,0.5353535353535355,-0.12799839270038726
0.7777777777777779,0.5353535353535355,0.27051329133820234
0.7979797979797982,0.5353535353535355,0.20785180370253836
0.8181818181818183,0.5353535353535355,0.29269120473917726
0.8383838383838385,0.5353535353535355,0.5263424133078053
0.8585858585858588,0.5353535353535355,0.404539465461135
0.8787878787878789,0.5353535353535355,0.8166034913263751
0.8989898989898992,0.5353535353535355,0.34170607915788165
0.9191919191919193,0.5353535353535355,0.42304371051945205
0.9393939393939394,0.5353535353535355,0.39684403663873014
0.9595959595959598,0.5353535353535355,0.3461128578881721
0.9797979797979799,0.5353535353535355,0.5083740534115975
1.0,0.5353535353535355,0.6494095107351607
-1.0,0.5555555555555556,0.6120697993311939
-0.9797979797979798,0.5555555555555556,0.8137004722137742
-0.9595959595959596,0.5555555555555556,0.5509821893614384
-0.9393939393939394,0.5555555555555556,0.5804784479266561
-0.9191919191919192,0.5555555555555556,0.39429369461991004
-0.898989898989899,0.5555555555555556,0.4461377812971746
-0.8787878787878788,0.5555555555555556,0.4904551883634227
-0.8585858585858586,0.5555555555555556,0.3769965668874186
-0.8383838383838383,0.5555555555555556,0.2418375060027892
-0.8181818181818181,0.5555555555555556,0.37099650907289555
-0.797979797979798,0.5555555555555556,0.2904689666365311
-0.7777777777777778,0.5555555555555556,0.36389740632139417
-0.7575757575757576,0.5555555555555556,0.22121096517711175
-0.7373737373737373,0.5555555555555556,0.3955382296006349
-0.7171717171717171,0.5555555555555556,0.08383423724058219
-0.696969696969697,0.5555555555555556,-0.11801464852060956
-0.6767676767676767,0.5555555555555556,-0.24002028307687878
-0.6565656565656566,0.5555555555555556,0.12457663321047868
-0.6363636363636364,0.5555555555555556,0.07538416991233804
-0.6161616161616161,0.5555555555555556,-0.1934004323397669
-0.5959595959595959,0.5555555555555556,-0.0030669197958507546
-0.5757575757575757,0.5555555555555556,-0.1216865552966594
-0.5555555555555556,0.5555555555555556,-0.10549930589252082
-0.5353535353535352,0.5555555555555556,-0.027678998920572146
-0.5151515151515151,0.5555555555555556,0.07723023468763203
-0.4949494949494949,0.5555555555555556,-0.07147275280703264
-0.4747474747474747,0.5555555555555556,-0.2088176485654367
-0.4545454545454545,0.5555555555555556,0.1576295536742488
-0.43434343434343425,0.5555555555555556,-0.05396707455510234
-0.41414141414141414,0.5555555555555556,-0.04798784514326318
-0.3939393939393939,0.5555555555555556,-0.22910750096373822
-0.3737373737373737,0.5555555555555556,-0.2922585002630693
-0.3535353535353535,0.5555555555555556,-0.18780399659620145
-0.33333333333333326,0.5555555555555556,-0.16699737701103468
-0.31313131313131304,0.5555555555555556,-0.07528983191821181
-0.2929292929292928,0.5555555555555556,0.020500181049769667
-0.2727272727272727,0.5555555555555556,-0.11601812954193784
-0.2525252525252525,0.5555555555555556,-0.19419146053013173
-0.23232323232323226,0.5555555555555556,-0.12936363939867757
-0.21212121212121204,0.5555555555555556,-0.10660602960427276
-0.19191919191919182,0.5555555555555556,-0.28144739278889824
-0.1717171717171716,0.5555555555555556,-0.2256103760895622
-0.1515151515151515,0.5555555555555556,-0.07035193444184151
-0.13131313131313127,0.5555555555555556,-0.2184765398962672
-0.11111111111111105,0.5555555555555556,-0.09257188541166511
-0.09090909090909083,0.5555555555555556,-0.3981659830467516
-0.07070707070707061,0.5555555555555556,-0.39368741806497537
-0.050505050505050386,0.5555555555555556,-0.5846194084716079
-0.030303030303030276,0.5555555555555556,-0.5810578722264279
-0.010101010101010055,0.5555555555555556,-0.05914100167363551
0.010101010101010166,0.5555555555555556,-0.3868238793285358
0.030303030303030498,0.5555555555555556,-0.3677590212876723
0.05050505050505061,0.5555555555555556,-0.4656314659063737
0.07070707070707072,0.5555555555555556,-0.5151259579953296
0.09090909090909105,0.5555555555555556,-0.34939993210406434
0.11111111111111116,0.5555555555555556,-0.1718468225565643
0.1313131313131315,0.5555555555555556,-0.4237908749350553
0.1515151515151516,0.5555555555555556,-0.42360208958191914
0.1717171717171717,0.5555555555555556,-0.25434570434914333
0.19191919191919204,0.5555555555555556,-0.4228717650393468
0.21212121212121215,0.5555555555555556,-0.5148609202304845
0.2323232323232325,0.5555555555555556,-0.1955490052063438
0.2525252525252526,0.5555555555555556,0.033630213767660955
0.27272727272727293,0.5555555555555556,-0.47560518638107063
0.29292929292929304,0.5555555555555556,-0.17628276756353362
0.31313131313131315,0.5555555555555556,-0.4621809039939864
0.3333333333333335,0.5555555555555556,-0.526451390399032
0.3535353535353536,0.5555555555555556,-0.24746448387711506
0.3737373737373739,0.5555555555555556,-0.30286584855439075
0.39393939393939403,0.5555555555555556,-0.2526132354185632
0.41414141414141437,0.5555555555555556,-0.05910591416927265
0.4343434343434345,0.5555555555555556,-0.3857331468638004
0.4545454545454546,0.5555555555555556,0.3769853159182623
0.4747474747474749,0.5555555555555556,-0.18855867485777295
0.49494949494949503,0.5555555555555556,0.029309028009751048
0.5151515151515154,0.5555555555555556,0.21882808311367136
0.5353535353535355,0.5555555555555556,-0.21574989995972632
0.5555555555555556,0.5555555555555556,0.0038726920067472213
0.5757575757575759,0.5555555555555556,0.2830446747336195
0.595959595959596,0.5555555555555556,-0.04144136437345115
0.6161616161616164,0.5555555555555556,0.22274137753949802
0.6363636363636365,0.5555555555555556,0.24995620532375074
0.6565656565656568,0.5555555555555556,-0.03178221131719358
0.6767676767676769,0.5555555555555556,0.2500672346725903
0.696969696969697,0.5555555555555556,-0.1558248648218848
0.7171717171717173,0.5555555555555556,0.3163709234425105
0.7373737373737375,0.5555555555555556,0.01687671038889274
0.7575757575757578,0.5555555555555556,0.24087697632446167
0.7777777777777779,0.5555555555555556,0.7233424959051558
0.7979797979797982,0.5555555555555556,0.5995043413026493
0.8181818181818183,0.5555555555555556,0.5613393576813634
0.8383838383838385,0.5555555555555556,0.6483829632308744
0.8585858585858588,0.5555555555555556,0.6847427114099067
0.8787878787878789,0.5555555555555556,0.4049363043663158
0.8989898989898992,0.5555555555555556,0.1486542355684518
0.9191919191919193,0.5555555555555556,0.9326384373806305
0.9393939393939394,0.5555555555555556,0.6269977136043203
0.9595959595959598,0.5555555555555556,0.6757668525847105
0.9797979797979799,0.5555555555555556,0.7639334854589231
1.0,0.5555555555555556,0.48457392314253955
-1.0,0.5757575757575759,0.25143621264274796
-0.9797979797979798,0.5757575757575759,1.072835007915896
-0.9595959595959596,0.5757575757575759,0.9119025840973947
-0.9393939393939394,0.5757575757575759,0.7349077446346297
-0.9191919191919192,0.5757575757575759,0.3744868801698868
-0.898989898989899,0.5757575757575759,0.3390192363512082
-0.8787878787878788,0.5757575757575759,0.6214682711435482
-0.8585858585858586,0.5757575757575759,0.19176603973130732
-0.8383838383838383,0.5757575757575759,0.21203450878860483
-0.8181818181818181,0.5757575757575759,0.28228486227035626
-0.797979797979798,0.5757575757575759,0.27900634582847544
-0.7777777777777778,0.5757575757575759,0.2784336737152259
-0.7575757575757576,0.5757575757575759,0.3561804926913035
-0.7373737373737373,0.5757575757575759,0.4814044644551108
-0.7171717171717171,0.5757575757575759,0.2885125679155095
-0.696969696969697,0.5757575757575759,-0.07351950052384806
-0.6767676767676767,0.5757575757575759,0.2661365409706813
-0.6565656565656566,0.5757575757575759,0.007967630959573799
-0.6363636363636364,0.5757575757575759,-0.04400729946340627
-0.6161616161616161,0.5757575757575759,0.06810482621359108
-0.5959595959595959,0.5757575757575759,-0.14382043083573143
-0.5757575757575757,0.5757575757575759,-0.3653657316613079
-0.5555555555555556,0.5757575757575759,0.06513428679595658
-0.5353535353535352,0.5757575757575759,-0.028196672460656543
-0.5151515151515151,0.5757575757575759,0.020152169555708685
-0.4949494949494949,0.5757575757575759,-0.1032341670253948
-0.4747474747474747,0.5757575757575759,0.24456839947184786
-0.4545454545454545,0.5757575757575759,0.3346198391128889
-0.43434343434343425,0.5757575757575759,-0.09902663196333983
-0.41414141414141414,0.5757575757575759,0.08767082689327207
-0.3939393939393939,0.5757575757575759,-0.5246217479147091
-0.3737373737373737,0.5757575757575759,-0.1667967671892692
-0.3535353535353535,0.5757575757575759,-0.34878335760964013
-0.33333333333333326,0.5757575757575759,0.03486982538626704
-0.31313131313131304,0.5757575757575759,-0.10070970839788715
-0.2929292929292928,0.5757575757575759,-0.24795211858517985
-0.2727272727272727,0.5757575757575759,0.024836947529083497
-0.2525252525252525,0.5757575757575759,0.008931345814735425
-0.23232323232323226,0.5757575757575759,0.016087095436312537
-0.21212121212121204,0.5757575757575759,-0.5526313504181521
-0.19191919191919182,0.5757575757575759,-0.5095492329684655
-0.1717171717171716,0.5757575757575759,-0.30650476619191064
-0.1515151515151515,0.5757575757575759,-0.059888952578283194
-0.13131313131313127,0.5757575757575759,-0.368256876855274
-0.11111111111111105,0.5757575757575759,-0.3711636315953773
-0.09090909090909083,0.5757575757575759,-0.011595918878903821
-0.07070707070707061,0.5757575757575759,-0.3192564271079089
-0.050505050505050386,0.5757575757575759,-0.2511779613582915
-0.030303030303030276,0.5757575757575759,-0.37918067310824805
-0.010101010101010055,0.5757575757575759,-0.5308591298006848
0.010101010101010166,0.5757575757575759,-0.5345267602864607
0.030303030303030498,0.5757575757575759,-0.2943244031869011
0.05050505050505061,0.5757575757575759,-0.3052006494494465
0.07070707070707072,0.5757575757575759,-0.4380583519461091
0.09090909090909105,0.5757575757575759,-0.22144131386715987
0.11111111111111116,0.5757575757575759,-0.08128231455385643
0.1313131313131315,0.5757575757575759,-0.19700135771997002
0.1515151515151516,0.5757575757575759,-0.15050588574426227
0.1717171717171717,0.5757575757575759,-0.6603204124740731
0.19191919191919204,0.5757575757575759,-0.34642636035176283
0.21212121212121215,0.5757575757575759,-0.4201031480641065
0.2323232323232325,0.5757575757575759,-0.3611861002022494
0.2525252525252526,0.5757575757575759,-0.1971084416195516
0.27272727272727293,0.5757575757575759,-0.41499323094165796
0.29292929292929304,0.5757575757575759,-0.3160971390961269
0.31313131313131315,0.5757575757575759,-0.4664828749204195
0.3333333333333335,0.5757575757575759,-0.12380776892952529
0.3535353535353536,0.5757575757575759,0.11293440267289834
0.3737373737373739,0.5757575757575759,-0.5142136389915991
0.39393939393939403,0.5757575757575759,-0.32064919268538583
0.41414141414141437,0.5757575757575759,0.1658260908463022
0.4343434343434345,0.5757575757575759,-0.336256785158787
0.4545454545454546,0.5757575757575759,-0.1807456371181972
0.4747474747474749,0.5757575757575759,0.02728358031886699
0.49494949494949503,0.5757575757575759,0.04902013770462685
0.5151515151515154,0.5757575757575759,-0.06053172697391995
0.5353535353535355,0.5757575757575759,-0.6386553257268499
0.5555555555555556,0.5757575757575759,-0.23353970865177576
0.5757575757575759,0.5757575757575759,-0.2114248657815014
0.595959595959596,0.5757575757575759,0.18419568755170257
0.6161616161616164,0.5757575757575759,-0.26482727797864647
0.6363636363636365,0.5757575757575759,0.2987976724495364
0.6565656565656568,0.5757575757575759,0.4262568400704091
0.6767676767676769,0.5757575757575759,0.5182835153818293
0.696969696969697,0.5757575757575759,0.5780644645833801
0.7171717171717173,0.5757575757575759,0.20706103517443103
0.7373737373737375,0.5757575757575759,0.24921392043979584
0.7575757575757578,0.5757575757575759,-0.03366496728594398
0.7777777777777779,0.5757575757575759,0.33860901618575434
0.7979797979797982,0.5757575757575759,-0.22769051356065206
0.8181818181818183,0.5757575757575759,0.010421252896871347
0.8383838383838385,0.5757575757575759,0.45502088304092914
0.8585858585858588,0.5757575757575759,0.7255776523127273
0.8787878787878789,0.5757575757575759,0.19078406198214126
0.8989898989898992,0.5757575757575759,0.38490481810073457
0.9191919191919193,0.5757575757575759,0.3553206031810814
0.9393939393939394,0.5757575757575759,0.4752616640088004
0.9595959595959598,0.5757575757575759,0.44475637863171796
0.9797979797979799,0.5757575757575759,0.6019197995960144
1.0,0.5757575757575759,0.8417234871616084
-1.0,0.595959595959596,0.6990177027467851
-0.9797979797979798,0.595959595959596,0.43829932914047737
-0.9595959595959596,0.595959595959596,0.8781315426902525
-0.9393939393939394,0.595959595959596,0.3061763478805096
-0.9191919191919192,0.595959595959596,0.8530733634751236
-0.898989898989899,0.595959595959596,0.33036982493329886
-0.8787878787878788,0.595959595959596,0.09016939074268177
-0.8585858585858586,0.595959595959596,0.486570824858912
-0.8383838383838383,0.595959595959596,0.24829012588002897
-0.8181818181818181,0.595959595959596,0.4751650657825368
-0.797979797979798,0.595959595959596,0.17386193784734527
-0.7777777777777778,0.595959595959596,0.1504818118942473
-0.7575757575757576,0.595959595959596,0.3037619236642012
-0.7373737373737373,0.595959595959596,0.37370343624729385
-0.7171717171717171,0.595959595959596,0.15428448883239826
-0.696969696969697,0.595959595959596,0.38765889011622223
-0.6767676767676767,0.595959595959596,0.3707599339158886
-0.6565656565656566,0.595959595959596,0.28204268386930625
-0.6363636363636364,0.595959595959596,-0.259240217808139
-0.6161616161616161,0.595959595959596,-0.12713720786082625
-0.5959595959595959,0.595959595959596,-0.11635539816186537
-0.5757575757575757,0.595959595959596,-0.37143703778997567
-0.5555555555555556,0.595959595959596,0.4619018626578162
-0.5353535353535352,0.595959595959596,0.3297024128564911
-0.5151515151515151,0.595959595959596,-0.35802572894387646
-0.4949494949494949,0.595959595959596,0.028055771784114752
-0.4747474747474747,0.595959595959596,-0.004541226525393877
-0.4545454545454545,0.595959595959596,0.2222837431041511
-0.43434343434343425,0.595959595959596,-0.3224351948032352
-0.41414141414141414,0.595959595959596,-0.02123227715206294
-0.3939393939393939,0.595959595959596,-0.13782245822856554
-0.3737373737373737,0.595959595959596,-0.2938706313927243
-0.3535353535353535,0.595959595959596,-0.3226041605833303
-0.33333333333333326,0.595959595959596,-0.2899573109522287
-0.31313131313131304,0.595959595959596,-0.19668896572087927
-0.2929292929292928,0.595959595959596,-0.5848606048483715
-0.2727272727272727,0.595959595959596,-0.4622250620043728
-0.2525252525252525,0.595959595959596,-0.17822619451570862
-0.23232323232323226,0.595959595959596,-0.5275905859944043
-0.21212121212121204,0.595959595959596,-0.35120461549678106
-0.19191919191919182,0.595959595959596,-0.08287231664365724
-0.1717171717171716,0.595959595959596,-0.2421805268487072
-0.1515151515151515,0.595959595959596,-0.6287831918398085
-0.13131313131313127,0.595959595959596,-0.5648698222331756
-0.11111111111111105,0.595959595959596,-0.38209468025404925
-0.09090909090909083,0.595959595959596,-0.2841799300915143
-0.07070707070707061,0.595959595959596,0.12736952049418154
-0.050505050505050386,0.595959595959596,-0.14309449282219672
-0.030303030303030276,0.595959595959596,-0.35799736253114944
-0.010101010101010055,0.595959595959596,-0.5285369510893193
0.010101010101010166,0.595959595959596,-0.5121109000519821
0.030303030303030498,0.595959595959596,-0.22585972618742411
0.05050505050505061,0.595959595959596,-0.3699447678031264
0.07070707070707072,0.595959595959596,-0.2984682750801799
0.09090909090909105,0.595959595959596,-0.15427610031861072
0.11111111111111116,0.595959595959596,-0.3662414711034663
0.1313131313131315,0.595959595959596,0.014476869111881174
0.1515151515151516,0.595959595959596,-0.1441595669099826
0.1717171717171717,0.595959595959596,-0.1990558462726487
0.19191919191919204,0.595959595959596,-0.36572958030002206
0.21212121212121215,0.595959595959596,-0.40822152949369445
0.2323232323232325,0.595959595959596,-0.47124495619772677
0.2525252525252526,0.595959595959596,-0.2666602888261148
0.27272727272727293,0.595959595959596,-0.46169029652498383
0.29292929292929304,0.595959595959596,-0.20903133437557597
0.31313131313131315,0.595959595959596,-0.2058208033687542
0.3333333333333335,0.595959595959596,-0.4053030208433909
0.3535353535353536,0.595959595959596,-0.021518538324665132
0.3737373737373739,0.595959595959596,-0.18506766889430587
0.39393939393939403,0.595959595959596,-0.21091588827701738
0.41414141414141437,0.595959595959596,-0.368736821642354
0.4343434343434345,0.595959595959596,-0.3719723062337197
0.4545454545454546,0.595959595959596,-0.2851164677052161
0.4747474747474749,0.595959595959596,0.1676683740285537
0.49494949494949503,0.595959595959596,0.19240633339517044
0.5151515151515154,0.595959595959596,0.09892647890309142
0.5353535353535355,0.595959595959596,-0.10459465680545282
0.5555555555555556,0.595959595959596,0.018665958555315942
0.5757575757575759,0.595959595959596,0.12143717748330185
0.595959595959596,0.595959595959596,-0.14628156615197443
0.6161616161616164,0.595959595959596,0.2905281623349367
0.6363636363636365,0.595959595959596,0.2260531984479651
0.6565656565656568,0.595959595959596,0.1232454367331885
0.6767676767676769,0.595959595959596,2.1201776867305067e-05
0.696969696969697,0.595959595959596,-0.28846579152693475
0.7171717171717173,0.595959595959596,-0.15400919019050507
0.7373737373737375,0.595959595959596,0.10127413981415408
0.7575757575757578,0.595959595959596,0.14435027340307383
0.7777777777777779,0.595959595959596,0.547085234234141
0.7979797979797982,0.595959595959596,-0.0009664786303525408
0.8181818181818183,0.595959595959596,0.36758725194151637
0.8383838383838385,0.595959595959596,0.43861793654743547
0.8585858585858588,0.595959595959596,0.4191074473839118
0.8787878787878789,0.595959595959596,0.4364040082337593
0.8989898989898992,0.595959595959596,0.3470914978608499
0.9191919191919193,0.595959595959596,0.2803389381190818
0.9393939393939394,0.595959595959596,0.6478364319451821
0.9595959595959598,0.595959595959596,0.8138547303253971
0.9797979797979799,0.595959595959596,0.4936683345965678
1.0,0.595959595959596,0.6353541942999102
-1.0,0.6161616161616164,0.8598287884239395
-0.9797979797979798,0.6161616161616164,0.7052021666212487
-0.9595959595959596,0.6161616161616164,0.6839557602625392
-0.9393939393939394,0.6161616161616164,0.5347677200650135
-0.9191919191919192,0.6161616161616164,0.31021921871318864
-0.898989898989899,0.6161616161616164,0.3955367108378644
-0.8787878787878788,0.6161616161616164,0.38417741590430093
-0.8585858585858586,0.6161616161616164,0.11718832654311812
-0.8383838383838383,0.6161616161616164,0.2440679619945504
-0.8181818181818181,0.6161616161616164,0.4697601794453313
-0.797979797979798,0.6161616161616164,0.1111214323939537
-0.7777777777777778,0.6161616161616164,0.4891976224894639
-0.7575757575757576,0.6161616161616164,0.15299636638820935
-0.7373737373737373,0.6161616161616164,0.3084591232162669
-0.7171717171717171,0.6161616161616164,-0.056776818434048
-0.696969696969697,0.6161616161616164,0.17518212502119046
-0.6767676767676767,0.6161616161616164,-0.20910674277665003
-0.6565656565656566,0.6161616161616164,-0.07049761230664899
-0.6363636363636364,0.6161616161616164,0.14483481234743015
-0.6161616161616161,0.6161616161616164,-0.004883906478206417
-0.5959595959595959,0.6161616161616164,-0.30279541745810695
-0.5757575757575757,0.6161616161616164,-0.33440757631693013
-0.5555555555555556,0.6161616161616164,0.012657585279055972
-0.5353535353535352,0.6161616161616164,-0.36460697205908615
-0.5151515151515151,0.6161616161616164,-0.33554513487881193
-0.4949494949494949,0.6161616161616164,-0.3125990464705806
-0.4747474747474747,0.6161616161616164,-0.21525571033589314
-0.4545454545454545,0.6161616161616164,-0.12238443524159442
-0.43434343434343425,0.6161616161616164,-0.14248657105179025
-0.41414141414141414,0.6161616161616164,-0.14340643711710055
-0.3939393939393939,0.6161616161616164,0.015123619081841622
-0.3737373737373737,0.6161616161616164,-0.046728057198698825
-0.3535353535353535,0.6161616161616164,-0.29673841863908035
-0.33333333333333326,0.6161616161616164,-0.27766410318780677
-0.31313131313131304,0.6161616161616164,-0.3291417176805932
-0.2929292929292928,0.6161616161616164,-0.10954508889779119
-0.2727272727272727,0.6161616161616164,-0.3738774416456756
-0.2525252525252525,0.6161616161616164,0.01687488675055071
-0.23232323232323226,0.6161616161616164,-0.6254811629475243
-0.21212121212121204,0.6161616161616164,-0.573481829648413
-0.19191919191919182,0.6161616161616164,-0.400501817817738
-0.1717171717171716,0.6161616161616164,-0.006732043801254639
-0.1515151515151515,0.6161616161616164,-0.3522201925701648
-0.13131313131313127,0.6161616161616164,-0.20639842541509637
-0.11111111111111105,0.6161616161616164,-0.20190167543573526
-0.09090909090909083,0.6161616161616164,-0.32687903300875687
-0.07070707070707061,0.6161616161616164,-0.23403908982237767
-0.050505050505050386,0.6161616161616164,-0.8988351575577852
-0.030303030303030276,0.6161616161616164,-0.7086764998857935
-0.010101010101010055,0.6161616161616164,-0.015887961609374668
0.010101010101010166,0.6161616161616164,-0.6074158903351482
0.030303030303030498,0.6161616161616164,-0.4505143573279248
0.05050505050505061,0.6161616161616164,-0.5768038535970789
0.07070707070707072,0.6161616161616164,-0.2938569618972361
0.09090909090909105,0.6161616161616164,-0.4781446705814141
0.11111111111111116,0.6161616161616164,-0.2688504544879786
0.1313131313131315,0.6161616161616164,-0.33981272499729753
0.1515151515151516,0.6161616161616164,-0.5257200804341168
0.1717171717171717,0.6161616161616164,-0.0709542115809133
0.19191919191919204,0.6161616161616164,-0.6582130939188096
0.21212121212121215,0.6161616161616164,-0.3806087953907238
0.2323232323232325,0.6161616161616164,-0.3364226357223465
0.2525252525252526,0.6161616161616164,-0.3591519645473147
0.27272727272727293,0.6161616161616164,-0.5077766439410176
0.29292929292929304,0.6161616161616164,-0.9734883909974683
0.31313131313131315,0.6161616161616164,0.19292221569342527
0.3333333333333335,0.6161616161616164,-0.4133902718916233
0.3535353535353536,0.6161616161616164,-0.4386250882967849
0.3737373737373739,0.6161616161616164,-0.42090884990436755
0.39393939393939403,0.6161616161616164,-0.2911167484654327
0.41414141414141437,0.6161616161616164,-0.10300317011792587
0.4343434343434345,0.6161616161616164,-0.5637868204549574
0.4545454545454546,0.6161616161616164,-0.2976977616171023
0.4747474747474749,0.6161616161616164,-0.1077468795159959
0.49494949494949503,0.6161616161616164,0.02011017940385912
0.5151515151515154,0.6161616161616164,-0.3504910415750831
0.5353535353535355,0.6161616161616164,0.05969980860587901
0.5555555555555556,0.6161616161616164,0.11246232771576081
0.5757575757575759,0.6161616161616164,0.15262887125873462
0.595959595959596,0.6161616161616164,-0.2337741088081251
0.6161616161616164,0.6161616161616164,0.2497255208305462
0.6363636363636365,0.6161616161616164,0.24801489015476913
0.6565656565656568,0.6161616161616164,-0.0298319060531492
0.6767676767676769,0.6161616161616164,0.10540272822113095
0.696969696969697,0.6161616161616164,0.5225740263498112
0.7171717171717173,0.6161616161616164,-0.00011753179350251775
0.7373737373737375,0.6161616161616164,0.39439953639312764
0.7575757575757578,0.6161616161616164,0.1518113230225305
0.7777777777777779,0.6161616161616164,0.2452546476506448
0.7979797979797982,0.6161616161616164,0.1452894672397197
0.8181818181818183,0.6161616161616164,0.24416857910155382
0.8383838383838385,0.6161616161616164,0.521911739657875
0.8585858585858588,0.6161616161616164,0.13434218767273431
0.8787878787878789,0.6161616161616164,0.416697263803447
0.8989898989898992,0.6161616161616164,0.3509363758133283
0.9191919191919193,0.6161616161616164,0.4802509198616694
0.9393939393939394,0.6161616161616164,0.27585339691880806
0.9595959595959598,0.6161616161616164,0.2712720214455363
0.9797979797979799,0.6161616161616164,0.4477861494029589
1.0,0.6161616161616164,0.452840311203854
-1.0,0.6363636363636365,0.481326692313018
-0.9797979797979798,0.6363636363636365,0.8670171606095756
-0.9595959595959596,0.6363636363636365,0.738366305139663
-0.9393939393939394,0.6363636363636365,0.28519473387517313
-0.9191919191919192,0.6363636363636365,-0.01163484883086785
-0.898989898989899,0.6363636363636365,0.19469183360303252
-0.8787878787878788,0.6363636363636365,0.18384412237535946
-0.8585858585858586,0.6363636363636365,0.5472856966098623
-0.8383838383838383,0.6363636363636365,0.14641246001040711
-0.8181818181818181,0.6363636363636365,0.165906472734978
-0.797979797979798,0.6363636363636365,0.4888706966193485
-0.7777777777777778,0.6363636363636365,0.32548897345744604
-0.7575757575757576,0.6363636363636365,0.10827723799164785
-0.7373737373737373,0.6363636363636365,0.24184620397951323
-0.7171717171717171,0.6363636363636365,0.1445166021433336
-0.696969696969697,0.6363636363636365,0.2201243775962969
-0.6767676767676767,0.6363636363636365,-0.1725873497876069
-0.6565656565656566,0.6363636363636365,0.46215121263412884
-0.6363636363636364,0.6363636363636365,-0.1342425376363914
-0.6161616161616161,0.6363636363636365,0.09930308824983765
-0.5959595959595959,0.6363636363636365,-0.2970443484613514
-0.5757575757575757,0.6363636363636365,-0.0679337540459625
-0.5555555555555556,0.6363636363636365,-0.024416170810371243
-0.5353535353535352,0.6363636363636365,0.21958211228518726
-0.5151515151515151,0.6363636363636365,-0.16602123699801175
-0.4949494949494949,0.6363636363636365,-0.0553905065307535
-0.4747474747474747,0.6363636363636365,-0.1993307965706025
-0.4545454545454545,0.6363636363636365,0.07222993665217825
-0.43434343434343425,0.6363636363636365,-0.1877841347721134
-0.41414141414141414,0.6363636363636365,-0.4235165199025126
-0.3939393939393939,0.6363636363636365,-0.29054846316834537
-0.3737373737373737,0.6363636363636365,-0.13787114638277115
-0.3535353535353535,0.6363636363636365,-0.40027303413492904
-0.33333333333333326,0.6363636363636365,-0.19959868724889762
-0.31313131313131304,0.6363636363636365,-0.13259931594467164
-0.2929292929292928,0.6363636363636365,-0.38800160417355706
-0.2727272727272727,0.6363636363636365,-0.41966980350902916
-0.2525252525252525,0.6363636363636365,-0.3894658952620949
-0.23232323232323226,0.6363636363636365,-0.5928315809098172
-0.21212121212121204,0.6363636363636365,-0.4406382968683954
-0.19191919191919182,0.6363636363636365,-0.24999506716944414
-0.1717171717171716,0.6363636363636365,-0.3323565136608896
-0.1515151515151515,0.6363636363636365,-0.5456272551282436
-0.13131313131313127,0.6363636363636365,-0.3224936542198823
-0.11111111111111105,0.6363636363636365,-0.43113992749685687
-0.09090909090909083,0.6363636363636365,-0.4906373108602021
-0.07070707070707061,0.6363636363636365,-0.329054898010874
-0.050505050505050386,0.6363636363636365,-0.46541057111401846
-0.030303030303030276,0.6363636363636365,-0.2999442609415813
-0.010101010101010055,0.6363636363636365,-0.23559314223385341
0.010101010101010166,0.6363636363636365,-0.09670198224592003
0.030303030303030498,0.6363636363636365,-0.2257610931552445
0.05050505050505061,0.6363636363636365,-0.17966884736758465
0.07070707070707072,0.6363636363636365,-0.16335131536833933
0.09090909090909105,0.6363636363636365,-0.6225089938695783
0.11111111111111116,0.6363636363636365,-0.02526476857962473
0.1313131313131315,0.6363636363636365,-0.20031595864486432
0.1515151515151516,0.6363636363636365,-0.5194509079222005
0.1717171717171717,0.6363636363636365,0.0017067148157998702
0.19191919191919204,0.6363636363636365,-0.6100650803997026
0.21212121212121215,0.6363636363636365,-0.24294512601077012
0.2323232323232325,0.6363636363636365,-0.10098694973371494
0.2525252525252526,0.6363636363636365,-0.6198363942134589
0.27272727272727293,0.6363636363636365,-0.49718169414337254
0.29292929292929304,0.6363636363636365,-0.19658297468365643
0.31313131313131315,0.6363636363636365,-0.2224316960008574
0.3333333333333335,0.6363636363636365,-0.2468202600483512
0.3535353535353536,0.6363636363636365,-0.20412215365218717
0.3737373737373739,0.6363636363636365,-0.33232175482620385
0.39393939393939403,0.6363636363636365,-0.30442611502743944
0.41414141414141437,0.6363636363636365,-0.35956433897185214
0.4343434343434345,0.6363636363636365,-0.111130213985336
0.4545454545454546,0.6363636363636365,-0.3722920001375214
0.4747474747474749,0.6363636363636365,-0.11951682053448201
0.49494949494949503,0.6363636363636365,-0.22581744642519103
0.5151515151515154,0.6363636363636365,0.2289862476860441
0.5353535353535355,0.6363636363636365,-0.016930187046225648
0.5555555555555556,0.6363636363636365,-0.26153241064073657
0.5757575757575759,0.6363636363636365,-0.3626194091072488
0.595959595959596,0.6363636363636365,0.08666778793647695
0.6161616161616164,0.6363636363636365,-0.32834053697111765
0.6363636363636365,0.6363636363636365,0.03728001951447302
0.6565656565656568,0.6363636363636365,0.09122973206039088
0.6767676767676769,0.6363636363636365,0.2116353703294898
0.696969696969697,0.6363636363636365,0.23611298088556015
0.7171717171717173,0.6363636363636365,0.24896825908864298
0.7373737373737375,0.6363636363636365,0.03838919888183048
0.7575757575757578,0.6363636363636365,-0.12855532103627965
0.7777777777777779,0.6363636363636365,0.2229028192438828
0.7979797979797982,0.6363636363636365,0.26314203224780175
0.8181818181818183,0.6363636363636365,0.4493044738724194
0.8383838383838385,0.6363636363636365,0.5425121363357357
0.8585858585858588,0.6363636363636365,0.5610760596617052
0.8787878787878789,0.6363636363636365,0.3503979719781997
0.8989898989898992,0.6363636363636365,0.7943121090187871
0.9191919191919193,0.6363636363636365,0.5988811064437871
0.9393939393939394,0.6363636363636365,0.7898121407833903
0.9595959595959598,0.6363636363636365,0.5407517032254002
0.9797979797979799,0.6363636363636365,0.30216210874411187
1.0,0.6363636363636365,1.1291486323416886
-1.0,0.6565656565656568,0.2306758170005615
-0.9797979797979798,0.6565656565656568,0.5616547958396162
-0.9595959595959596,0.6565656565656568,0.501296413795454
-0.9393939393939394,0.6565656565656568,0.7778379590195441
-0.9191919191919192,0.6565656565656568,0.1726244595951851
-0.898989898989899,0.6565656565656568,0.016461038840981435
-0.8787878787878788,0.6565656565656568,0.21918692762074543
-0.8585858585858586,0.6565656565656568,0.5056913716327206
-0.8383838383838383,0.6565656565656568,0.2386177634639118
-0.8181818181818181,0.6565656565656568,0.06047681497509497
-0.797979797979798,0.6565656565656568,0.07336460091160266
-0.7777777777777778,0.6565656565656568,0.22105646663091655
-0.7575757575757576,0.6565656565656568,0.23683242649839448
-0.7373737373737373,0.6565656565656568,0.29911783076202947
-0.7171717171717171,0.6565656565656568,0.23492848407598954
-0.696969696969697,0.6565656565656568,0.26243130326416564
-0.6767676767676767,0.6565656565656568,0.4350184954585043
-0.6565656565656566,0.6565656565656568,0.1389950060585752
-0.6363636363636364,0.6565656565656568,0.06775935132679112
-0.6161616161616161,0.6565656565656568,-0.09929443999067328
-0.5959595959595959,0.6565656565656568,-0.08068245440867859
-0.5757575757575757,0.6565656565656568,-0.41628337374391033
-0.5555555555555556,0.6565656565656568,-0.04948803105007678
-0.5353535353535352,0.6565656565656568,0.024657526244765304
-0.5151515151515151,0.6565656565656568,-0.14757975797713455
-0.4949494949494949,0.6565656565656568,0.050759933094821935
-0.4747474747474747,0.6565656565656568,-0.02164199856540963
-0.4545454545454545,0.6565656565656568,-0.3954215600462981
-0.43434343434343425,0.6565656565656568,-0.2097149101157051
-0.41414141414141414,0.6565656565656568,-0.21581750033402497
-0.3939393939393939,0.6565656565656568,-0.5212441770733718
-0.3737373737373737,0.6565656565656568,-0.17921518497899241
-0.3535353535353535,0.6565656565656568,-0.5961561360721145
-0.33333333333333326,0.6565656565656568,-0.27411067873508194
-0.31313131313131304,0.6565656565656568,-0.4109504973472745
-0.2929292929292928,0.6565656565656568,-0.5266752474416949
-0.2727272727272727,0.6565656565656568,-0.2776009176415062
-0.2525252525252525,0.6565656565656568,-0.5268179162576209
-0.23232323232323226,0.6565656565656568,-0.15941694965358738
-0.21212121212121204,0.6565656565656568,-0.02342183380276247
-0.19191919191919182,0.6565656565656568,-0.5789428155002939
-0.1717171717171716,0.6565656565656568,-0.4717735135128199
-0.1515151515151515,0.6565656565656568,-0.1793600410791273
-0.13131313131313127,0.6565656565656568,-0.624522826149732
-0.11111111111111105,0.6565656565656568,-0.2472381700216311
-0.09090909090909083,0.6565656565656568,-0.3024120969312906
-0.07070707070707061,0.6565656565656568,-0.27242256092172307
-0.050505050505050386,0.6565656565656568,-0.738382475412041
-0.030303030303030276,0.6565656565656568,-0.3869184742491846
-0.010101010101010055,0.6565656565656568,-0.5795575799174647
0.010101010101010166,0.6565656565656568,-0.44049611739276573
0.030303030303030498,0.6565656565656568,-0.5466745891660303
0.05050505050505061,0.6565656565656568,-0.22065871346829896
0.07070707070707072,0.6565656565656568,-0.57217819604861
0.09090909090909105,0.6565656565656568,-0.4058737614623379
0.11111111111111116,0.6565656565656568,-0.19598116007101027
0.1313131313131315,0.6565656565656568,-0.281807523253228
0.1515151515151516,0.6565656565656568,-0.6582713550175803
0.1717171717171717,0.6565656565656568,-0.5569368858362919
0.19191919191919204,0.6565656565656568,-0.6362740853397255
0.21212121212121215,0.6565656565656568,-0.44187432286227035
0.2323232323232325,0.6565656565656568,-0.2093506339904963
0.2525252525252526,0.6565656565656568,-0.42768330776014046
0.27272727272727293,0.6565656565656568,-0.37387526449400116
0.29292929292929304,0.6565656565656568,-0.358548878326742
0.31313131313131315,0.6565656565656568,-0.5441829768436073
0.3333333333333335,0.6565656565656568,-0.11912733370914366
0.3535353535353536,0.6565656565656568,-0.5068859842635358
0.3737373737373739,0.6565656565656568,-0.5911614591955054
0.39393939393939403,0.6565656565656568,-0.48844952332531927
0.41414141414141437,0.6565656565656568,-0.27624781166033485
0.4343434343434345,0.6565656565656568,-0.15683334788813313
0.4545454545454546,0.6565656565656568,-0.4122535169858231
0.4747474747474749,0.6565656565656568,-0.44886093164721286
0.49494949494949503,0.6565656565656568,0.09870047841838059
0.5151515151515154,0.6565656565656568,0.027312585818899504
0.5353535353535355,0.6565656565656568,0.02585779893409315
0.5555555555555556,0.6565656565656568,-0.0641442495202728
0.5757575757575759,0.6565656565656568,0.058754343986491486
0.595959595959596,0.6565656565656568,0.08637739245477088
0.6161616161616164,0.6565656565656568,0.19209638823985797
0.6363636363636365,0.6565656565656568,-0.11073252788897583
0.6565656565656568,0.6565656565656568,-0.2626378318895789
0.6767676767676769,0.6565656565656568,-0.00680305723599
0.696969696969697,0.6565656565656568,-0.10998604262020684
0.7171717171717173,0.6565656565656568,-0.08362216585243393
0.7373737373737375,0.6565656565656568,-0.11328952452129895
0.7575757575757578,0.6565656565656568,0.11375090609032294
0.7777777777777779,0.6565656565656568,0.3793515904113461
0.7979797979797982,0.6565656565656568,-0.05268548642730403
0.8181818181818183,0.6565656565656568,0.21640230751549014
0.8383838383838385,0.6565656565656568,0.039917107598028745
0.8585858585858588,0.6565656565656568,0.596080159162278
0.8787878787878789,0.6565656565656568,-0.003483517934391167
0.8989898989898992,0.6565656565656568,0.7126545964775433
0.9191919191919193,0.6565656565656568,0.5027782209392612
0.9393939393939394,0.6565656565656568,0.47100076863273344
0.9595959595959598,0.6565656565656568,0.685392622227579
0.9797979797979799,0.6565656565656568,0.2973559239045962
1.0,0.6565656565656568,0.7635760164841092
-1.0,0.6767676767676769,0.42659521189939276
-0.9797979797979798,0.6767676767676769,0.3293999148646656
-0.9595959595959596,0.6767676767676769,0.621598690161976
-0.9393939393939394,0.6767676767676769,0.5487516382923925
-0.9191919191919192,0.6767676767676769,0.6478988249614984
-0.898989898989899,0.6767676767676769,0.14684841614972735
-0.8787878787878788,0.6767676767676769,0.3205265611963251
-0.8585858585858586,0.6767676767676769,0.2308142096949013
-0.8383838383838383,0.6767676767676769,0.6376766237095186
-0.8181818181818181,0.6767676767676769,0.41060184070346706
-0.797979797979798,0.6767676767676769,0.35268169718110876
-0.7777777777777778,0.6767676767676769,0.1729302163683715
-0.7575757575757576,0.6767676767676769,0.13129817526793042
-0.7373737373737373,0.6767676767676769,0.11559984322145014
-0.7171717171717171,0.6767676767676769,-0.024232146495585846
-0.696969696969697,0.6767676767676769,-0.11520071412211369
-0.6767676767676767,0.6767676767676769,0.3032242906089371
-0.6565656565656566,0.6767676767676769,-0.036922751771851114
-0.6363636363636364,0.6767676767676769,0.27861183727121674
-0.6161616161616161,0.6767676767676769,0.13414831828630372
-0.5959595959595959,0.6767676767676769,0.25331333592166627
-0.5757575757575757,0.6767676767676769,-0.31728194428597567
-0.5555555555555556,0.6767676767676769,-0.1870463006960106
-0.5353535353535352,0.6767676767676769,-0.4418783962417657
-0.5151515151515151,0.6767676767676769,-0.1761331904133819
-0.4949494949494949,0.6767676767676769,-0.2294491435124008
-0.4747474747474747,0.6767676767676769,-0.29637431062268715
-0.4545454545454545,0.6767676767676769,-0.25649666754855255
-0.43434343434343425,0.6767676767676769,-0.36146351601136106
-0.41414141414141414,0.6767676767676769,-0.37968616017246365
-0.3939393939393939,0.6767676767676769,-0.6016478337849596
-0.3737373737373737,0.6767676767676769,-0.2735017144842945
-0.3535353535353535,0.6767676767676769,-0.277838802835872
-0.33333333333333326,0.6767676767676769,-0.06434729229341823
-0.31313131313131304,0.6767676767676769,-0.31851197853287694
-0.2929292929292928,0.6767676767676769,-0.4045267048714849
-0.2727272727272727,0.6767676767676769,-0.18320682682608383
-0.2525252525252525,0.6767676767676769,-0.3161722729853853
-0.23232323232323226,0.6767676767676769,-0.5997293416182186
-0.21212121212121204,0.6767676767676769,-0.5644755129202488
-0.19191919191919182,0.6767676767676769,-0.504097616306233
-0.1717171717171716,0.6767676767676769,-0.21633462155979188
-0.1515151515151515,0.6767676767676769,-0.19715843521533377
-0.13131313131313127,0.6767676767676769,-0.8418452946139239
-0.11111111111111105,0.6767676767676769,-0.5816922381930276
-0.09090909090909083,0.6767676767676769,-0.15594333008025157
-0.07070707070707061,0.6767676767676769,-0.4734569032675842
-0.050505050505050386,0.6767676767676769,-0.5830420324897752
-0.030303030303030276,0.6767676767676769,-0.4537090197748487
-0.010101010101010055,0.6767676767676769,-0.47715144357403116
0.010101010101010166,0.6767676767676769,-0.41875012080945934
0.030303030303030498,0.6767676767676769,-0.4807219226259581
0.05050505050505061,0.6767676767676769,-0.5324343972677369
0.07070707070707072,0.6767676767676769,-0.17986239357903805
0.09090909090909105,0.6767676767676769,-0.3715608189141199
0.11111111111111116,0.6767676767676769,-0.7030818738961255
0.1313131313131315,0.6767676767676769,0.04383569810271981
0.1515151515151516,0.6767676767676769,-0.507790019808904
0.1717171717171717,0.6767676767676769,-0.5443897865413259
0.19191919191919204,0.6767676767676769,-0.6473034951193954
0.21212121212121215,0.6767676767676769,-0.2971263393519469
0.2323232323232325,0.6767676767676769,-0.6678362987524129
0.2525252525252526,0.6767676767676769,-1.016970591325212
0.27272727272727293,0.6767676767676769,-0.19661560106148182
0.29292929292929304,0.6767676767676769,-0.07517390660011258
0.31313131313131315,0.6767676767676769,-0.17231662257710348
0.3333333333333335,0.6767676767676769,-0.743701643764526
0.3535353535353536,0.6767676767676769,-0.1417358309597069
0.3737373737373739,0.6767676767676769,-0.3593079442232405
0.39393939393939403,0.6767676767676769,-0.3299671486192491
0.41414141414141437,0.6767676767676769,-0.17329790397026235
0.4343434343434345,0.6767676767676769,0.0643351661803152
0.4545454545454546,0.6767676767676769,0.01770066399055914
0.4747474747474749,0.6767676767676769,-0.12016944774929056
0.49494949494949503,0.6767676767676769,-0.1913722201761811
0.5151515151515154,0.6767676767676769,-0.5542430648981327
0.5353535353535355,0.6767676767676769,-0.19900891854324126
0.5555555555555556,0.6767676767676769,-0.226533896194154
0.5757575757575759,0.6767676767676769,-0.031370266430804206
0.595959595959596,0.6767676767676769,-0.33444622833106075
0.6161616161616164,0.6767676767676769,-0.017143773365982315
0.6363636363636365,0.6767676767676769,-0.37377133694025
0.6565656565656568,0.6767676767676769,0.12043521941438592
0.6767676767676769,0.6767676767676769,-0.3364602777111988
0.696969696969697,0.6767676767676769,0.25936397608165085
0.7171717171717173,0.6767676767676769,0.11119539987194138
0.7373737373737375,0.6767676767676769,0.3853898287684432
0.7575757575757578,0.6767676767676769,0.11201496529432797
0.7777777777777779,0.6767676767676769,0.1821962046241489
0.7979797979797982,0.6767676767676769,0.12323761256441289
0.8181818181818183,0.6767676767676769,0.06748104533579591
0.8383838383838385,0.6767676767676769,0.3846482668212423
0.8585858585858588,0.6767676767676769,0.39400570418419767
0.8787878787878789,0.6767676767676769,0.19920564835788962
0.8989898989898992,0.6767676767676769,0.31536716155806377
0.9191919191919193,0.6767676767676769,0.29056744742189405
0.9393939393939394,0.6767676767676769,0.6259781230798963
0.9595959595959598,0.6767676767676769,0.41807041054229216
0.9797979797979799,0.6767676767676769,0.895932868720494
1.0,0.6767676767676769,0.9409405031709177
-1.0,0.696969696969697,0.7709617546544614
-0.9797979797979798,0.696969696969697,0.14044028060329983
-0.9595959595959596,0.696969696969697,0.3732286321736509
-0.9393939393939394,0.696969696969697,0.46292721951509996
-0.9191919191919192,0.696969696969697,0.3014611366499065
-0.898989898989899,0.696969696969697,0.39321711266246184
-0.8787878787878788,0.696969696969697,0.5763578723304917
-0.8585858585858586,0.696969696969697,0.33589285666963
-0.8383838383838383,0.696969696969697,0.16543884929136551
-0.8181818181818181,0.696969696969697,0.6327388624328002
-0.797979797979798,0.696969696969697,-0.09440542156231332
-0.7777777777777778,0.696969696969697,-0.041133929737390024
-0.7575757575757576,0.696969696969697,0.08970515038373787
-0.7373737373737373,0.696969696969697,0.2919048997774469
-0.7171717171717171,0.696969696969697,-0.07034558647118494
-0.696969696969697,0.696969696969697,-0.1806003775433546
-0.6767676767676767,0.696969696969697,-0.029362992453523678
-0.6565656565656566,0.696969696969697,-0.267379493806844
-0.6363636363636364,0.696969696969697,0.18228191198736454
-0.6161616161616161,0.696969696969697,-0.29262534641946175
-0.5959595959595959,0.696969696969697,-0.22537082352665272
-0.5757575757575757,0.696969696969697,-0.48672701435801236
-0.5555555555555556,0.696969696969697,-0.10685941691658063
-0.5353535353535352,0.696969696969697,-0.21340210994900857
-0.5151515151515151,0.696969696969697,-0.19981523090792794
-0.4949494949494949,0.696969696969697,0.22596081865280843
-0.4747474747474747,0.696969696969697,-0.29583347632543694
-0.4545454545454545,0.696969696969697,0.021391816297588906
-0.43434343434343425,0.696969696969697,-0.4046015955316318
-0.41414141414141414,0.696969696969697,-0.23908656625193264
-0.3939393939393939,0.696969696969697,-0.04962259857384255
-0.3737373737373737,0.696969696969697,-0.77277193160241
-0.3535353535353535,0.696969696969697,-0.26014078184198425
-0.33333333333333326,0.696969696969697,-0.1637988413058465
-0.31313131313131304,0.696969696969697,-0.3262671631167723
-0.2929292929292928,0.696969696969697,-0.22921027831436347
-0.2727272727272727,0.696969696969697,-0.39249748750707075
-0.2525252525252525,0.696969696969697,-0.15058522953158426
-0.23232323232323226,0.696969696969697,-0.4238470748759214
-0.21212121212121204,0.696969696969697,-0.7015467873100958
-0.19191919191919182,0.696969696969697,-0.5393486940306156
-0.1717171717171716,0.696969696969697,-0.17398411403176062
-0.1515151515151515,0.696969696969697,-0.5517419813647144
-0.13131313131313127,0.696969696969697,-0.308737149447442
-0.11111111111111105,0.696969696969697,-0.6579074493787267
-0.09090909090909083,0.696969696969697,-0.6720255850474259
-0.07070707070707061,0.696969696969697,-0.2730206405323238
-0.050505050505050386,0.696969696969697,-0.6273959509333108
-0.030303030303030276,0.696969696969697,-0.599395433832908
-0.010101010101010055,0.696969696969697,-0.6442226585307951
0.010101010101010166,0.696969696969697,-0.11349699287699605
0.030303030303030498,0.696969696969697,-0.35474133073806424
0.05050505050505061,0.696969696969697,-0.6038290626068644
0.07070707070707072,0.696969696969697,-0.3505081265347251
0.09090909090909105,0.696969696969697,-0.6453743215897788
0.11111111111111116,0.696969696969697,-0.3609028743033068
0.1313131313131315,0.696969696969697,0.008899789015389792
0.1515151515151516,0.696969696969697,-0.6092786300234514
0.1717171717171717,0.696969696969697,-0.29509296918651157
0.19191919191919204,0.696969696969697,-0.38234351344281986
0.21212121212121215,0.696969696969697,-0.7562260447388363
0.2323232323232325,0.696969696969697,-0.4486617977475504
0.2525252525252526,0.696969696969697,-0.6284716247767224
0.27272727272727293,0.696969696969697,-0.3966625761238633
0.29292929292929304,0.696969696969697,-0.5927302943762434
0.31313131313131315,0.696969696969697,-0.6857509276437663
0.3333333333333335,0.696969696969697,-0.09703775352970312
0.3535353535353536,0.696969696969697,-0.5184062201563406
0.3737373737373739,0.696969696969697,-0.19408509494445922
0.39393939393939403,0.696969696969697,-0.8221003032328253
0.41414141414141437,0.696969696969697,-0.034680888632357354
0.4343434343434345,0.696969696969697,-0.5088914072080997
0.4545454545454546,0.696969696969697,-0.22956722635250917
0.4747474747474749,0.696969696969697,-0.45662629596425164
0.49494949494949503,0.696969696969697,-0.08352983909396733
0.5151515151515154,0.696969696969697,-0.26634449053958653
0.5353535353535355,0.696969696969697,-0.4018964003372645
0.5555555555555556,0.696969696969697,-0.40289419789092606
0.5757575757575759,0.696969696969697,0.17690443767051017
0.595959595959596,0.696969696969697,-0.14975106914421396
0.6161616161616164,0.696969696969697,-0.22606809007032658
0.6363636363636365,0.696969696969697,0.053915623744994645
0.6565656565656568,0.696969696969697,-0.2299235438641345
0.6767676767676769,0.696969696969697,-0.2155744714051591
0.696969696969697,0.696969696969697,0.23487528196902568
0.7171717171717173,0.696969696969697,0.07861481960804528
0.7373737373737375,0.696969696969697,0.2259560143714535
0.7575757575757578,0.696969696969697,0.6144078393127984
0.7777777777777779,0.696969696969697,-0.2860605017025723
0.7979797979797982,0.696969696969697,-0.12589132229283911
0.8181818181818183,0.696969696969697,-0.009704438550281996
0.8383838383838385,0.696969696969697,0.1915987555741531
0.8585858585858588,0.696969696969697,-0.022446657422234895
0.8787878787878789,0.696969696969697,0.21656503796159304
0.8989898989898992,0.696969696969697,0.6194485084427532
0.9191919191919193,0.696969696969697,0.4875591549011786
0.9393939393939394,0.696969696969697,0.2791278810008365
0.9595959595959598,0.696969696969697,-0.04955465578386398
0.9797979797979799,0.696969696969697,0.7494383083541596
1.0,0.696969696969697,0.255527597845187
-1.0,0.7171717171717173,0.66578298049579
-0.9797979797979798,0.7171717171717173,0.40310182889332935
-0.9595959595959596,0.7171717171717173,0.700369473802269
-0.9393939393939394,0.7171717171717173,0.3454862444403482
-0.9191919191919192,0.7171717171717173,0.34480600498409725
-0.898989898989899,0.7171717171717173,0.17155140511078532
-0.8787878787878788,0.7171717171717173,0.6555335188260039
-0.8585858585858586,0.7171717171717173,0.06343513829656436
-0.8383838383838383,0.7171717171717173,0.07409412703147272
-0.8181818181818181,0.7171717171717173,0.11151317129867674
-0.797979797979798,0.7171717171717173,0.11846029314738046
-0.7777777777777778,0.7171717171717173,0.08286105154232239
-0.7575757575757576,0.7171717171717173,-0.10009483280600043
-0.7373737373737373,0.7171717171717173,-0.33261214288261143
-0.7171717171717171,0.7171717171717173,-0.05102651844182751
-0.696969696969697,0.7171717171717173,-0.14021915195554036
-0.6767676767676767,0.7171717171717173,-0.22752683359231127
-0.6565656565656566,0.7171717171717173,0.07406671725171357
-0.6363636363636364,0.7171717171717173,-0.0942524521839613
-0.6161616161616161,0.7171717171717173,-0.0707629842871811
-0.5959595959595959,0.7171717171717173,-0.1422499016789948
-0.5757575757575757,0.7171717171717173,-0.6654976371573431
-0.5555555555555556,0.7171717171717173,-0.09746981135588297
-0.5353535353535352,0.7171717171717173,-0.003879883131493761
-0.5151515151515151,0.7171717171717173,0.11946308810195744
-0.4949494949494949,0.7171717171717173,-0.09116251012829943
-0.4747474747474747,0.7171717171717173,-0.284939864498375
-0.4545454545454545,0.7171717171717173,-0.21696258710733798
-0.43434343434343425,0.7171717171717173,-0.5221055888493258
-0.41414141414141414,0.7171717171717173,-0.4278109827530666
-0.3939393939393939,0.7171717171717173,-0.5724045794296778
-0.3737373737373737,0.7171717171717173,-0.2969185894723779
-0.3535353535353535,0.7171717171717173,-0.23759934991406637
-0.33333333333333326,0.7171717171717173,-0.3938825244176925
-0.31313131313131304,0.7171717171717173,-0.5786033257126315
-0.2929292929292928,0.7171717171717173,-0.7405687772331233
-0.2727272727272727,0.7171717171717173,-0.4693866384703118
-0.2525252525252525,0.7171717171717173,-0.7365670893754228
-0.23232323232323226,0.7171717171717173,-0.5999028176766953
-0.21212121212121204,0.7171717171717173,-0.25290734579418767
-0.19191919191919182,0.7171717171717173,-0.6422051929784598
-0.1717171717171716,0.7171717171717173,-0.5048649062725666
-0.1515151515151515,0.7171717171717173,-0.56533586427996
-0.13131313131313127,0.7171717171717173,-0.6084634656144561
-0.11111111111111105,0.7171717171717173,-0.38386824929421054
-0.09090909090909083,0.7171717171717173,-0.9387889619168245
-0.07070707070707061,0.7171717171717173,-0.6764237714355846
-0.050505050505050386,0.7171717171717173,-1.0017227191840798
-0.030303030303030276,0.7171717171717173,-0.35483582561698285
-0.010101010101010055,0.7171717171717173,-0.4511275926987717
0.010101010101010166,0.7171717171717173,-0.5774212812128253
0.030303030303030498,0.7171717171717173,-0.6397731747558235
0.05050505050505061,0.7171717171717173,-0.6993922370922641
0.07070707070707072,0.7171717171717173,-0.44116252650590637
0.09090909090909105,0.7171717171717173,-0.6261547984596934
0.11111111111111116,0.7171717171717173,-0.38938863156398085
0.1313131313131315,0.7171717171717173,-0.5941608663829326
0.1515151515151516,0.7171717171717173,-0.6817466203839317
0.1717171717171717,0.7171717171717173,-0.899123355630827
0.19191919191919204,0.7171717171717173,-0.5653152172760035
0.21212121212121215,0.7171717171717173,-0.1322325890039432
0.2323232323232325,0.7171717171717173,-0.2942617518595568
0.2525252525252526,0.7171717171717173,-0.20081961925583114
0.27272727272727293,0.7171717171717173,-1.1217339409937175
0.29292929292929304,0.7171717171717173,-0.5266611847136999
0.31313131313131315,0.7171717171717173,-0.5791927158933408
0.3333333333333335,0.7171717171717173,-0.14813379394199194
0.3535353535353536,0.7171717171717173,-0.5932432353480083
0.3737373737373739,0.7171717171717173,-0.5529624097116124
0.39393939393939403,0.7171717171717173,-0.44293327570855323
0.41414141414141437,0.7171717171717173,-0.20319026093618625
0.4343434343434345,0.7171717171717173,-0.23814192462500683
0.4545454545454546,0.7171717171717173,-0.14474390180912108
0.4747474747474749,0.7171717171717173,-0.4400210593314692
0.49494949494949503,0.7171717171717173,-0.2572335674744506
0.5151515151515154,0.7171717171717173,-0.20774512780920062
0.5353535353535355,0.7171717171717173,0.14700216315995784
0.5555555555555556,0.7171717171717173,0.0959435070427615
0.5757575757575759,0.7171717171717173,-0.5489157983957398
0.595959595959596,0.7171717171717173,0.029519385189581304
0.6161616161616164,0.7171717171717173,0.07140034393482964
0.6363636363636365,0.7171717171717173,-0.09842963490504895
0.6565656565656568,0.7171717171717173,-0.2542274243708559
0.6767676767676769,0.7171717171717173,0.09487671212854809
0.696969696969697,0.7171717171717173,-0.1616815740475229
0.7171717171717173,0.7171717171717173,0.048274421864965604
0.7373737373737375,0.7171717171717173,0.010770081635394477
0.7575757575757578,0.7171717171717173,0.2551045213849733
0.7777777777777779,0.7171717171717173,-0.10886212832147332
0.7979797979797982,0.7171717171717173,0.6623160622554071
0.8181818181818183,0.7171717171717173,-0.18831260936978228
0.8383838383838385,0.7171717171717173,0.14063436899469475
0.8585858585858588,0.7171717171717173,0.21683931037537468
0.8787878787878789,0.7171717171717173,0.24347810050189553
0.8989898989898992,0.7171717171717173,0.5682270168369963
0.9191919191919193,0.7171717171717173,0.38665459673062846
0.9393939393939394,0.7171717171717173,0.3113532534938451
0.9595959595959598,0.7171717171717173,0.5168783259311928
0.9797979797979799,0.7171717171717173,0.44326308678180953
1.0,0.7171717171717173,0.4052925344583534
-1.0,0.7373737373737375,0.6752130432693249
-0.9797979797979798,0.7373737373737375,0.39282105183694815
-0.9595959595959596,0.7373737373737375,0.29034997876061486
-0.9393939393939394,0.7373737373737375,0.41228054975367173
-0.9191919191919192,0.7373737373737375,0.40549263783197076
-0.898989898989899,0.7373737373737375,0.18561338570609598
-0.8787878787878788,0.7373737373737375,0.39011861964706174
-0.8585858585858586,0.7373737373737375,0.23754974419088623
-0.8383838383838383,0.7373737373737375,0.054468580837681774
-0.8181818181818181,0.7373737373737375,-0.048082610116788826
-0.797979797979798,0.7373737373737375,0.050728812002150916
-0.7777777777777778,0.7373737373737375,-0.01612049848696584
-0.7575757575757576,0.7373737373737375,0.13822346158699877
-0.7373737373737373,0.7373737373737375,-0.19438461844567356
-0.7171717171717171,0.7373737373737375,0.24092220010747212
-0.696969696969697,0.7373737373737375,-0.23653458305201527
-0.6767676767676767,0.7373737373737375,0.11470551397655657
-0.6565656565656566,0.7373737373737375,0.22836965123275393
-0.6363636363636364,0.7373737373737375,0.07933599896357008
-0.6161616161616161,0.7373737373737375,-0.13626457204527992
-0.5959595959595959,0.7373737373737375,-0.21949334349726424
-0.5757575757575757,0.7373737373737375,-0.37447560645517375
-0.5555555555555556,0.7373737373737375,-0.013705047614113619
-0.5353535353535352,0.7373737373737375,-0.056743475387447145
-0.5151515151515151,0.7373737373737375,-0.22974109237515264
-0.4949494949494949,0.7373737373737375,-0.3049228152168096
-0.4747474747474747,0.7373737373737375,-0.4046497561918069
-0.4545454545454545,0.7373737373737375,0.11788336190217902
-0.43434343434343425,0.7373737373737375,-0.09123433704963507
-0.41414141414141414,0.7373737373737375,-0.541677031309711
-0.3939393939393939,0.7373737373737375,-0.29248957945085263
-0.3737373737373737,0.7373737373737375,-0.3936077479386596
-0.3535353535353535,0.7373737373737375,-0.44183374217079563
-0.33333333333333326,0.7373737373737375,-0.6645531623806812
-0.31313131313131304,0.7373737373737375,-0.722256422804513
-0.2929292929292928,0.7373737373737375,-0.6509364634118755
-0.2727272727272727,0.7373737373737375,-0.5421214163065253
-0.2525252525252525,0.7373737373737375,-0.5965963296363566
-0.23232323232323226,0.7373737373737375,-0.4932995576806809
-0.21212121212121204,0.7373737373737375,-0.7438324691550248
-0.19191919191919182,0.7373737373737375,-0.4444278157178024
-0.1717171717171716,0.7373737373737375,-0.285800702801297
-0.1515151515151515,0.7373737373737375,-0.09195907406705556
-0.13131313131313127,0.7373737373737375,-0.5543607759218632
-0.11111111111111105,0.7373737373737375,-0.45128144465256875
-0.09090909090909083,0.7373737373737375,-0.7828982889000422
-0.07070707070707061,0.7373737373737375,-0.7494401956782224
-0.050505050505050386,0.7373737373737375,-0.834843015376257
-0.030303030303030276,0.7373737373737375,-0.5989233954688218
-0.010101010101010055,0.7373737373737375,-0.5212060928106933
0.010101010101010166,0.7373737373737375,-0.4121018402300143
0.030303030303030498,0.7373737373737375,-0.6122238580407684
0.05050505050505061,0.7373737373737375,-0.8622587632748637
0.07070707070707072,0.7373737373737375,-0.48950694583928683
0.09090909090909105,0.7373737373737375,-0.5410125099775973
0.11111111111111116,0.7373737373737375,-0.432109104389459
0.1313131313131315,0.7373737373737375,-0.7287057540702262
0.1515151515151516,0.7373737373737375,-0.571916862366395
0.1717171717171717,0.7373737373737375,-0.3243661090969231
0.19191919191919204,0.7373737373737375,-0.7267653335771556
0.21212121212121215,0.7373737373737375,-0.4422524407770986
0.2323232323232325,0.7373737373737375,-0.16637161791259353
0.2525252525252526,0.7373737373737375,-0.6574125238505713
0.27272727272727293,0.7373737373737375,-0.39969863759974966
0.29292929292929304,0.7373737373737375,-0.27359805874334353
0.31313131313131315,0.7373737373737375,-0.6934712742071832
0.3333333333333335,0.7373737373737375,-0.9154228388820593
0.3535353535353536,0.7373737373737375,-0.17735569030700632
0.3737373737373739,0.7373737373737375,-0.2735281716372799
0.39393939393939403,0.7373737373737375,-0.48337983835154313
0.41414141414141437,0.7373737373737375,-0.4642780391324365
0.4343434343434345,0.7373737373737375,-0.4361339147103661
0.4545454545454546,0.7373737373737375,-0.5783275449093327
0.4747474747474749,0.7373737373737375,-0.34278992009473097
0.49494949494949503,0.7373737373737375,-0.3283315849608435
0.5151515151515154,0.7373737373737375,-0.3557082201415252
0.5353535353535355,0.7373737373737375,-0.6439527765659596
0.5555555555555556,0.7373737373737375,-0.22497234126351706
0.5757575757575759,0.7373737373737375,0.02725724480495839
0.595959595959596,0.7373737373737375,0.09825613916118214
0.6161616161616164,0.7373737373737375,-0.016414409758503584
0.6363636363636365,0.7373737373737375,-0.024287891481188775
0.6565656565656568,0.7373737373737375,0.2722486480673853
0.6767676767676769,0.7373737373737375,0.03572601321356367
0.696969696969697,0.7373737373737375,0.0852543506749561
0.7171717171717173,0.7373737373737375,0.004482781032686851
0.7373737373737375,0.7373737373737375,0.31486453494480415
0.7575757575757578,0.7373737373737375,0.05933266156381965
0.7777777777777779,0.7373737373737375,0.23372996662194415
0.7979797979797982,0.7373737373737375,0.18165682528504418
0.8181818181818183,0.7373737373737375,0.268200911113446
0.8383838383838385,0.7373737373737375,0.10474081604744048
0.8585858585858588,0.7373737373737375,-0.16986843884652492
0.8787878787878789,0.7373737373737375,-0.1863768665992359
0.8989898989898992,0.7373737373737375,0.7208458172471487
0.9191919191919193,0.7373737373737375,0.2346371078144176
0.9393939393939394,0.7373737373737375,0.4686876992233473
0.9595959595959598,0.7373737373737375,0.41812936403679046
0.9797979797979799,0.7373737373737375,0.4369751325972419
1.0,0.7373737373737375,0.5985085473434197
-1.0,0.7575757575757578,0.3017403659736494
-0.9797979797979798,0.7575757575757578,0.07292293755810675
-0.9595959595959596,0.7575757575757578,0.18150309639696216
-0.9393939393939394,0.7575757575757578,0.19822325129132035
-0.9191919191919192,0.7575757575757578,0.30892659759245256
-0.898989898989899,0.7575757575757578,0.057117095918318095
-0.8787878787878788,0.7575757575757578,0.524886900198339
-0.8585858585858586,0.7575757575757578,0.02067975642312761
-0.8383838383838383,0.7575757575757578,0.14466050309939782
-0.8181818181818181,0.7575757575757578,-0.03712629423396882
-0.797979797979798,0.7575757575757578,0.06618273422469853
-0.7777777777777778,0.7575757575757578,-0.05406800669885162
-0.7575757575757576,0.7575757575757578,-0.08070482355934278
-0.7373737373737373,0.7575757575757578,0.2113327234815979
-0.7171717171717171,0.7575757575757578,-0.13337590335778898
-0.696969696969697,0.7575757575757578,-0.01541287823267147
-0.6767676767676767,0.7575757575757578,0.06352399193062161
-0.6565656565656566,0.7575757575757578,0.012808278702860776
-0.6363636363636364,0.7575757575757578,0.03177178501552419
-0.6161616161616161,0.7575757575757578,-0.20050954975448645
-0.5959595959595959,0.7575757575757578,-0.11039792371074215
-0.5757575757575757,0.7575757575757578,-0.13566524815767622
-0.5555555555555556,0.7575757575757578,-0.5143764254385239
-0.5353535353535352,0.7575757575757578,-0.17388671012695994
-0.5151515151515151,0.7575757575757578,0.07199768826455749
-0.4949494949494949,0.7575757575757578,0.060410400279917675
-0.4747474747474747,0.7575757575757578,-0.5822190435632059
-0.4545454545454545,0.7575757575757578,0.0403441503305938
-0.43434343434343425,0.7575757575757578,-0.4198381740940759
-0.41414141414141414,0.7575757575757578,-0.757189373622901
-0.3939393939393939,0.7575757575757578,-0.5429725463167818
-0.3737373737373737,0.7575757575757578,-0.3689345951372011
-0.3535353535353535,0.7575757575757578,-0.4932316377515399
-0.33333333333333326,0.7575757575757578,-0.4742385357754824
-0.31313131313131304,0.7575757575757578,-0.33813937383136067
-0.2929292929292928,0.7575757575757578,-0.9365099339007965
-0.2727272727272727,0.7575757575757578,-0.4871873341922788
-0.2525252525252525,0.7575757575757578,-0.7744777640451606
-0.23232323232323226,0.7575757575757578,-0.8533974022320809
-0.21212121212121204,0.7575757575757578,-0.30052642152520703
-0.19191919191919182,0.7575757575757578,-0.6075125676454951
-0.1717171717171716,0.7575757575757578,-0.6691915774843622
-0.1515151515151515,0.7575757575757578,-0.3801801498334466
-0.13131313131313127,0.7575757575757578,-0.7609923790471153
-0.11111111111111105,0.7575757575757578,-0.29855372269898633
-0.09090909090909083,0.7575757575757578,-0.48208168155531406
-0.07070707070707061,0.7575757575757578,-0.632179497120084
-0.050505050505050386,0.7575757575757578,-0.7437092649210258
-0.030303030303030276,0.7575757575757578,-0.6615113425121975
-0.010101010101010055,0.7575757575757578,-0.2314534666928682
0.010101010101010166,0.7575757575757578,-0.5128307898840092
0.030303030303030498,0.7575757575757578,-0.508069900516409
0.05050505050505061,0.7575757575757578,-0.2848518150295073
0.07070707070707072,0.7575757575757578,-0.7848866253961161
0.09090909090909105,0.7575757575757578,-0.6292867536274462
0.11111111111111116,0.7575757575757578,-0.8632059912275771
0.1313131313131315,0.7575757575757578,-0.39540030583302155
0.1515151515151516,0.7575757575757578,-0.5856311018853486
0.1717171717171717,0.7575757575757578,-0.23934008613500246
0.19191919191919204,0.7575757575757578,-0.3772705574402183
0.21212121212121215,0.7575757575757578,-0.26816180483359636
0.2323232323232325,0.7575757575757578,-0.5631651373814837
0.2525252525252526,0.7575757575757578,-0.6408793587989363
0.27272727272727293,0.7575757575757578,-0.5436431014762917
0.29292929292929304,0.7575757575757578,-0.8929602795874466
0.31313131313131315,0.7575757575757578,-0.3921548984749392
0.3333333333333335,0.7575757575757578,-0.7906934735659596
0.3535353535353536,0.7575757575757578,-0.30240780796483957
0.3737373737373739,0.7575757575757578,-0.4678528598333674
0.39393939393939403,0.7575757575757578,-0.7148316668855071
0.41414141414141437,0.7575757575757578,-0.4671903966064375
0.4343434343434345,0.7575757575757578,-0.19191488898205583
0.4545454545454546,0.7575757575757578,-0.52633236449389
0.4747474747474749,0.7575757575757578,-0.3037220099164361
0.49494949494949503,0.7575757575757578,-0.4610233959479715
0.5151515151515154,0.7575757575757578,-0.5717788473210224
0.5353535353535355,0.7575757575757578,-0.2471077802123796
0.5555555555555556,0.7575757575757578,-0.4074735386053325
0.5757575757575759,0.7575757575757578,0.01648028200360596
0.595959595959596,0.7575757575757578,0.08534165935078442
0.6161616161616164,0.7575757575757578,-0.1856154901586843
0.6363636363636365,0.7575757575757578,-0.28485298182696134
0.6565656565656568,0.7575757575757578,0.14076031866884797
0.6767676767676769,0.7575757575757578,-0.022422766913873515
0.696969696969697,0.7575757575757578,-0.1868453476988881
0.7171717171717173,0.7575757575757578,-0.12521601123354997
0.7373737373737375,0.7575757575757578,-0.20920332797850616
0.7575757575757578,0.7575757575757578,0.07915548663627808
0.7777777777777779,0.7575757575757578,0.0841568590634584
0.7979797979797982,0.7575757575757578,-0.03345794199050316
0.8181818181818183,0.7575757575757578,0.1137118791749675
0.8383838383838385,0.7575757575757578,0.029625964141519273
0.8585858585858588,0.7575757575757578,0.2668926307511218
0.8787878787878789,0.7575757575757578,0.20556210770145653
0.8989898989898992,0.7575757575757578,0.1289510326206294
0.9191919191919193,0.7575757575757578,-0.0159818466149228
0.9393939393939394,0.7575757575757578,0.35915334147261485
0.9595959595959598,0.7575757575757578,0.36637917726549124
0.9797979797979799,0.7575757575757578,0.472656702708465
1.0,0.7575757575757578,0.4583316712228021
-1.0,0.7777777777777779,0.3520256584245408
-0.9797979797979798,0.7777777777777779,0.7815239565704952
-0.9595959595959596,0.7777777777777779,0.22089434246057993
-0.9393939393939394,0.7777777777777779,0.24983484152354474
-0.9191919191919192,0.7777777777777779,0.07777076621264165
-0.898989898989899,0.7777777777777779,0.2552985981828112
-0.8787878787878788,0.7777777777777779,-0.005745535116764899
-0.8585858585858586,0.7777777777777779,0.5553458609013044
-0.8383838383838383,0.7777777777777779,0.21509040668285295
-0.8181818181818181,0.7777777777777779,0.33394687950720614
-0.797979797979798,0.7777777777777779,-0.2214088273677703
-0.7777777777777778,0.7777777777777779,0.05471851895592891
-0.7575757575757576,0.7777777777777779,-0.14120842805505363
-0.7373737373737373,0.7777777777777779,0.08085404035115548
-0.7171717171717171,0.7777777777777779,-0.30853576019129725
-0.696969696969697,0.7777777777777779,-0.395291982355193
-0.6767676767676767,0.7777777777777779,0.1737518921017942
-0.6565656565656566,0.7777777777777779,-0.31343039796839633
-0.6363636363636364,0.7777777777777779,0.05777405057318957
-0.6161616161616161,0.7777777777777779,-0.1395443369459485
-0.5959595959595959,0.7777777777777779,-0.30900127916170816
-0.5757575757575757,0.7777777777777779,-0.2630525985717327
-0.5555555555555556,0.7777777777777779,-0.3850973222491072
-0.5353535353535352,0.7777777777777779,-0.05901927749346619
-0.5151515151515151,0.7777777777777779,-0.3350009148203917
-0.4949494949494949,0.7777777777777779,-0.33554871394699554
-0.4747474747474747,0.7777777777777779,-0.6721452928553386
-0.4545454545454545,0.7777777777777779,-0.39129133301765545
-0.43434343434343425,0.7777777777777779,-0.28400606724405153
-0.41414141414141414,0.7777777777777779,-0.6794450165302287
-0.3939393939393939,0.7777777777777779,-0.34636780130905903
-0.3737373737373737,0.7777777777777779,-0.47383281522615284
-0.3535353535353535,0.7777777777777779,-0.7569205697508355
-0.33333333333333326,0.7777777777777779,-0.45146323416963735
-0.31313131313131304,0.7777777777777779,-0.4127854733073041
-0.2929292929292928,0.7777777777777779,-0.47577300454097315
-0.2727272727272727,0.7777777777777779,-0.3993620939858801
-0.2525252525252525,0.7777777777777779,-0.37654565793179795
-0.23232323232323226,0.7777777777777779,-0.2309168604852072
-0.21212121212121204,0.7777777777777779,-0.41565313772005685
-0.19191919191919182,0.7777777777777779,-0.5683288011445568
-0.1717171717171716,0.7777777777777779,-0.6994383020909513
-0.1515151515151515,0.7777777777777779,-0.6220263473546463
-0.13131313131313127,0.7777777777777779,-0.613896683378304
-0.11111111111111105,0.7777777777777779,-0.9077934694022568
-0.09090909090909083,0.7777777777777779,-0.7466257003811951
-0.07070707070707061,0.7777777777777779,-0.6973705552600196
-0.050505050505050386,0.7777777777777779,-0.752828477648254
-0.030303030303030276,0.7777777777777779,-0.3166491575181266
-0.010101010101010055,0.7777777777777779,-0.738952751843116
0.010101010101010166,0.7777777777777779,-0.49637401349556215
0.030303030303030498,0.7777777777777779,-0.40186572485609817
0.05050505050505061,0.7777777777777779,-0.5317834844404314
0.07070707070707072,0.7777777777777779,-0.4949905980209793
0.09090909090909105,0.7777777777777779,-0.5082391305993372
0.11111111111111116,0.7777777777777779,-0.7757925912446972
0.1313131313131315,0.7777777777777779,-0.856865367784859
0.1515151515151516,0.7777777777777779,-0.4696568311863509
0.1717171717171717,0.7777777777777779,-0.4814752720973226
0.19191919191919204,0.7777777777777779,-0.5016027443211288
0.21212121212121215,0.7777777777777779,-0.6073084714453374
0.2323232323232325,0.7777777777777779,-0.16159966376394197
0.2525252525252526,0.7777777777777779,-0.20411946487140042
0.27272727272727293,0.7777777777777779,-0.45224872180596454
0.29292929292929304,0.7777777777777779,-0.26541507528379016
0.31313131313131315,0.7777777777777779,-0.4600392395239862
0.3333333333333335,0.7777777777777779,-0.48217905065779854
0.3535353535353536,0.7777777777777779,-0.5770796135889583
0.3737373737373739,0.7777777777777779,-0.48644547823124096
0.39393939393939403,0.7777777777777779,-0.4054751310948102
0.41414141414141437,0.7777777777777779,-0.6562296320262072
0.4343434343434345,0.7777777777777779,-0.44010306101701424
0.4545454545454546,0.7777777777777779,-0.5193709887118008
0.4747474747474749,0.7777777777777779,-0.3675646904806649
0.49494949494949503,0.7777777777777779,-0.33038272535126534
0.5151515151515154,0.7777777777777779,-0.1721793225475515
0.5353535353535355,0.7777777777777779,-0.07562443429341592
0.5555555555555556,0.7777777777777779,-0.02533768528501995
0.5757575757575759,0.7777777777777779,-0.08201255989213355
0.595959595959596,0.7777777777777779,-0.47173975923670525
0.6161616161616164,0.7777777777777779,0.029366810621531958
0.6363636363636365,0.7777777777777779,-0.282155733289266
0.6565656565656568,0.7777777777777779,-0.3484560666457614
0.6767676767676769,0.7777777777777779,-0.08550798577746618
0.696969696969697,0.7777777777777779,-0.5653706375291778
0.7171717171717173,0.7777777777777779,-0.03153420911693173
0.7373737373737375,0.7777777777777779,-0.028508264960420478
0.7575757575757578,0.7777777777777779,-0.38442941664171
0.7777777777777779,0.7777777777777779,0.22952874370857607
0.7979797979797982,0.7777777777777779,0.027589879791573457
0.8181818181818183,0.7777777777777779,-0.1663430963836973
0.8383838383838385,0.7777777777777779,-0.37482656943792303
0.8585858585858588,0.7777777777777779,0.07903855096854098
0.8787878787878789,0.7777777777777779,0.5629695010820993
0.8989898989898992,0.7777777777777779,0.4234907700808759
0.9191919191919193,0.7777777777777779,0.2736376454905315
0.9393939393939394,0.7777777777777779,0.5437039132271415
0.9595959595959598,0.7777777777777779,0.5275746060117975
0.9797979797979799,0.7777777777777779,0.325577254354753
1.0,0.7777777777777779,0.1945363621279783
-1.0,0.7979797979797982,0.016109864442436894
-0.9797979797979798,0.7979797979797982,0.13498543530211635
-0.9595959595959596,0.7979797979797982,0.12309536541268268
-0.9393939393939394,0.7979797979797982,0.4172631245841299
-0.9191919191919192,0.7979797979797982,0.34043597281719373
-0.898989898989899,0.7979797979797982,0.27538568663658575
-0.8787878787878788,0.7979797979797982,0.3289129576479909
-0.8585858585858586,0.7979797979797982,0.20463376445128728
-0.8383838383838383,0.7979797979797982,0.455265999696148
-0.8181818181818181,0.7979797979797982,0.08054722244443074
-0.797979797979798,0.7979797979797982,-0.12777490574812186
-0.7777777777777778,0.7979797979797982,-0.003705744657886482
-0.7575757575757576,0.7979797979797982,0.02523206966565654
-0.7373737373737373,0.7979797979797982,-0.013612799716285914
-0.7171717171717171,0.7979797979797982,-0.2690750836382314
-0.696969696969697,0.7979797979797982,-0.11590145996931697
-0.6767676767676767,0.7979797979797982,-0.18786107054806264
-0.6565656565656566,0.7979797979797982,-0.26734258062654614
-0.6363636363636364,0.7979797979797982,-0.391830377031763
-0.6161616161616161,0.7979797979797982,-0.3920031005809626
-0.5959595959595959,0.7979797979797982,-0.3068702949048939
-0.5757575757575757,0.7979797979797982,-0.25212035313209225
-0.5555555555555556,0.7979797979797982,-0.12966205674170286
-0.5353535353535352,0.7979797979797982,-0.33162673958133254
-0.5151515151515151,0.7979797979797982,-0.2921631071472709
-0.4949494949494949,0.7979797979797982,-0.31508014630541265
-0.4747474747474747,0.7979797979797982,-0.4812851791135161
-0.4545454545454545,0.7979797979797982,-0.40642058602080733
-0.43434343434343425,0.7979797979797982,-0.7133725679901926
-0.41414141414141414,0.7979797979797982,-0.4665860162683567
-0.3939393939393939,0.7979797979797982,-0.6884590336206595
-0.3737373737373737,0.7979797979797982,0.002202327402332782
-0.3535353535353535,0.7979797979797982,-0.6509352800056777
-0.33333333333333326,0.7979797979797982,-0.3997708833362263
-0.31313131313131304,0.7979797979797982,-0.5086208445810096
-0.2929292929292928,0.7979797979797982,-0.5716541151151137
-0.2727272727272727,0.7979797979797982,-0.07645215131306499
-0.2525252525252525,0.7979797979797982,-0.6582510111505382
-0.23232323232323226,0.7979797979797982,-0.621336578815826
-0.21212121212121204,0.7979797979797982,-0.8212074302649204
-0.19191919191919182,0.7979797979797982,-0.6585871226636364
-0.1717171717171716,0.7979797979797982,-0.36179424803545585
-0.1515151515151515,0.7979797979797982,-0.36948226432567133
-0.13131313131313127,0.7979797979797982,-0.7080194188904336
-0.11111111111111105,0.7979797979797982,-0.9200138531983477
-0.09090909090909083,0.7979797979797982,-1.1320693713057042
-0.07070707070707061,0.7979797979797982,-0.8862601749023455
-0.050505050505050386,0.7979797979797982,-0.9143781817759737
-0.030303030303030276,0.7979797979797982,-0.5581425870518247
-0.010101010101010055,0.7979797979797982,-0.6502079729630778
0.010101010101010166,0.7979797979797982,-0.2936860836044686
0.030303030303030498,0.7979797979797982,-0.2540452398967619
0.05050505050505061,0.7979797979797982,-0.6389097267524725
0.07070707070707072,0.7979797979797982,-0.5012816898308572
0.09090909090909105,0.7979797979797982,-0.6596368935558848
0.11111111111111116,0.7979797979797982,-0.7749554951022025
0.1313131313131315,0.7979797979797982,-0.7802671016972198
0.1515151515151516,0.7979797979797982,-0.5904096279722363
0.1717171717171717,0.7979797979797982,-0.8088142234959945
0.19191919191919204,0.7979797979797982,-0.44920234258108693
0.21212121212121215,0.7979797979797982,-0.8259317427916568
0.2323232323232325,0.7979797979797982,-0.6234335359663924
0.2525252525252526,0.7979797979797982,-0.6288063592637698
0.27272727272727293,0.7979797979797982,-0.4424455560284223
0.29292929292929304,0.7979797979797982,-0.5560919408595238
0.31313131313131315,0.7979797979797982,-0.4099218107896395
0.3333333333333335,0.7979797979797982,-1.0590652449518072
0.3535353535353536,0.7979797979797982,-0.7718439501917214
0.3737373737373739,0.7979797979797982,-0.7705190476107715
0.39393939393939403,0.7979797979797982,-0.5467130873726418
0.41414141414141437,0.7979797979797982,-0.4538210319435238
0.4343434343434345,0.7979797979797982,-0.2423908869525164
0.4545454545454546,0.7979797979797982,-0.5656015689104312
0.4747474747474749,0.7979797979797982,0.06957416938430366
0.49494949494949503,0.7979797979797982,-0.5455663852174361
0.5151515151515154,0.7979797979797982,-0.5799477450608983
0.5353535353535355,0.7979797979797982,-0.055236161644712345
0.5555555555555556,0.7979797979797982,-0.24152199974338628
0.5757575757575759,0.7979797979797982,-0.46954539144349783
0.595959595959596,0.7979797979797982,-0.48612308155191397
0.6161616161616164,0.7979797979797982,-0.28172772492337833
0.6363636363636365,0.7979797979797982,-0.20416936716582307
0.6565656565656568,0.7979797979797982,-0.463251422382247
0.6767676767676769,0.7979797979797982,-0.4827052657828729
0.696969696969697,0.7979797979797982,0.18253180205161346
0.7171717171717173,0.7979797979797982,-0.17991899995160232
0.7373737373737375,0.7979797979797982,0.04741308370412578
0.7575757575757578,0.7979797979797982,-0.030101808207409077
0.7777777777777779,0.7979797979797982,0.2597858050161011
0.7979797979797982,0.7979797979797982,-0.1898157771044891
0.8181818181818183,0.7979797979797982,-0.379082155915214
0.8383838383838385,0.7979797979797982,0.3411119766976641
0.8585858585858588,0.7979797979797982,0.18280286977762955
0.8787878787878789,0.7979797979797982,0.2171764641602651
0.8989898989898992,0.7979797979797982,-0.03932643573449848
0.9191919191919193,0.7979797979797982,0.39331290183583445
0.9393939393939394,0.7979797979797982,0.15732717497403026
0.9595959595959598,0.7979797979797982,0.28904145115942975
0.9797979797979799,0.7979797979797982,0.32047004286086045
1.0,0.7979797979797982,0.2696725284743674
-1.0,0.8181818181818183,0.394563291596059
-0.9797979797979798,0.8181818181818183,0.43496719194148914
-0.9595959595959596,0.8181818181818183,0.2206740300597338
-0.9393939393939394,0.8181818181818183,-0.29186847554219686
-0.9191919191919192,0.8181818181818183,0.4637856718976629
-0.898989898989899,0.8181818181818183,0.3712595632003346
-0.8787878787878788,0.8181818181818183,0.1029912379687207
-0.8585858585858586,0.8181818181818183,-0.032245996417202355
-0.8383838383838383,0.8181818181818183,0.27326337088657227
-0.8181818181818181,0.8181818181818183,0.3100076960007382
-0.797979797979798,0.8181818181818183,-0.32352284596576664
-0.7777777777777778,0.8181818181818183,0.08642097465983514
-0.7575757575757576,0.8181818181818183,0.24615583908156374
-0.7373737373737373,0.8181818181818183,-0.1384218970149091
-0.7171717171717171,0.8181818181818183,-0.12751878881360706
-0.696969696969697,0.8181818181818183,-0.1971558417156009
-0.6767676767676767,0.8181818181818183,0.09947228824492532
-0.6565656565656566,0.8181818181818183,-0.2828348222485639
-0.6363636363636364,0.8181818181818183,-0.3941927900634895
-0.6161616161616161,0.8181818181818183,-0.13955089219475364
-0.5959595959595959,0.8181818181818183,-0.2338454273701724
-0.5757575757575757,0.8181818181818183,-0.27581065010486244
-0.5555555555555556,0.8181818181818183,-0.12241360921041358
-0.5353535353535352,0.8181818181818183,-0.5541187806180025
-0.5151515151515151,0.8181818181818183,-0.3298215954726561
-0.4949494949494949,0.8181818181818183,-0.9166429858744832
-0.4747474747474747,0.8181818181818183,-0.42610701165973025
-0.4545454545454545,0.8181818181818183,-0.7239786961525438
-0.43434343434343425,0.8181818181818183,-0.31055694962404395
-0.41414141414141414,0.8181818181818183,-0.6124502096663732
-0.3939393939393939,0.8181818181818183,-0.2283674550578435
-0.3737373737373737,0.8181818181818183,-0.4560144605657555
-0.3535353535353535,0.8181818181818183,-0.4866910505007382
-0.33333333333333326,0.8181818181818183,-0.7260042107643053
-0.31313131313131304,0.8181818181818183,-0.48910698388724244
-0.2929292929292928,0.8181818181818183,-0.39876201384508436
-0.2727272727272727,0.8181818181818183,-0.26607233704215555
-0.2525252525252525,0.8181818181818183,-0.9811193475709306
-0.23232323232323226,0.8181818181818183,-0.19106724446676593
-0.21212121212121204,0.8181818181818183,-0.5151472537288351
-0.19191919191919182,0.8181818181818183,-0.8727620096370698
-0.1717171717171716,0.8181818181818183,-0.8578871112712307
-0.1515151515151515,0.8181818181818183,-0.5019963443607278
-0.13131313131313127,0.8181818181818183,-0.45171350625828943
-0.11111111111111105,0.8181818181818183,-0.8050204660819972
-0.09090909090909083,0.8181818181818183,-0.6859523677074342
-0.07070707070707061,0.8181818181818183,-0.6840527416728319
-0.050505050505050386,0.8181818181818183,-0.7055701166230455
-0.030303030303030276,0.8181818181818183,-0.642686503820579
-0.010101010101010055,0.8181818181818183,-0.5491911745071218
0.010101010101010166,0.8181818181818183,-0.510794140531939
0.030303030303030498,0.8181818181818183,-0.7377198475387279
0.05050505050505061,0.8181818181818183,-0.5294895201404385
0.07070707070707072,0.8181818181818183,-0.6082764821444006
0.09090909090909105,0.8181818181818183,-0.9444516828318977
0.11111111111111116,0.8181818181818183,-0.8763644775349437
0.1313131313131315,0.8181818181818183,-0.7867460692842956
0.1515151515151516,0.8181818181818183,-0.4359072166514476
0.1717171717171717,0.8181818181818183,-0.4057770209962913
0.19191919191919204,0.8181818181818183,-0.44865884503533815
0.21212121212121215,0.8181818181818183,-0.35945362752042725
0.2323232323232325,0.8181818181818183,-0.4487464263880926
0.2525252525252526,0.8181818181818183,-0.5253954992816465
0.27272727272727293,0.8181818181818183,-0.43256380182445486
0.29292929292929304,0.8181818181818183,-0.5498733096683867
0.31313131313131315,0.8181818181818183,-0.5077851633215851
0.3333333333333335,0.8181818181818183,-0.6875170898259642
0.3535353535353536,0.8181818181818183,-0.6923110827543859
0.3737373737373739,0.8181818181818183,0.05091513610469944
0.39393939393939403,0.8181818181818183,-0.17213595489153516
0.41414141414141437,0.8181818181818183,-0.469293238289343
0.4343434343434345,0.8181818181818183,-0.32979545591106063
0.4545454545454546,0.8181818181818183,-0.5885428426891506
0.4747474747474749,0.8181818181818183,-0.6975801123997376
0.49494949494949503,0.8181818181818183,-0.23198811301826355
0.5151515151515154,0.8181818181818183,-0.5996578257763241
0.5353535353535355,0.8181818181818183,-0.20987395120169416
0.5555555555555556,0.8181818181818183,-0.7633392714208297
0.5757575757575759,0.8181818181818183,-0.45122039230487154
0.595959595959596,0.8181818181818183,-0.5555600276032368
0.6161616161616164,0.8181818181818183,-0.44868703377777885
0.6363636363636365,0.8181818181818183,-0.27775344588121803
0.6565656565656568,0.8181818181818183,-0.18949338637645674
0.6767676767676769,0.8181818181818183,-0.26205647878457416
0.696969696969697,0.8181818181818183,0.03354609071299228
0.7171717171717173,0.8181818181818183,-0.25926918530849885
0.7373737373737375,0.8181818181818183,-0.2205629552619697
0.7575757575757578,0.8181818181818183,0.1548571473524864
0.7777777777777779,0.8181818181818183,0.15383455067929638
0.7979797979797982,0.8181818181818183,-0.03892832211369374
0.8181818181818183,0.8181818181818183,0.21500937093686262
0.8383838383838385,0.8181818181818183,0.33620891427430133
0.8585858585858588,0.8181818181818183,0.11087894487868208
0.8787878787878789,0.8181818181818183,0.06329287597091102
0.8989898989898992,0.8181818181818183,-0.04141959973384168
0.9191919191919193,0.8181818181818183,0.18198379908702553
0.9393939393939394,0.8181818181818183,0.13683762990578213
0.9595959595959598,0.8181818181818183,-0.05770160259107149
0.9797979797979799,0.8181818181818183,0.39273244903900395
1.0,0.8181818181818183,-0.040026679105497565
-1.0,0.8383838383838385,0.09631051630835441
-0.9797979797979798,0.8383838383838385,0.048741061329171775
-0.9595959595959596,0.8383838383838385,0.14838805347958278
-0.9393939393939394,0.8383838383838385,0.24619164415738629
-0.9191919191919192,0.8383838383838385,0.4931888243108875
-0.898989898989899,0.8383838383838385,-0.19777815101317714
-0.8787878787878788,0.8383838383838385,-0.0011374154184840973
-0.8585858585858586,0.8383838383838385,0.10224925471645827
-0.8383838383838383,0.8383838383838385,-0.5758235587522427
-0.8181818181818181,0.8383838383838385,0.27586743705450817
-0.797979797979798,0.8383838383838385,-0.06662410384373994
-0.7777777777777778,0.8383838383838385,-0.24840751065530395
-0.7575757575757576,0.8383838383838385,-0.12971551502948633
-0.7373737373737373,0.8383838383838385,-0.04433279939593798
-0.7171717171717171,0.8383838383838385,-0.009594639847949171
-0.696969696969697,0.8383838383838385,-0.2886184966521422
-0.6767676767676767,0.8383838383838385,-0.2847670292946073
-0.6565656565656566,0.8383838383838385,-0.2292700406924417
-0.6363636363636364,0.8383838383838385,-0.013910981003555423
-0.6161616161616161,0.8383838383838385,-0.36234776500791527
-0.5959595959595959,0.8383838383838385,-0.29325799379105255
-0.5757575757575757,0.8383838383838385,-0.4932691213335042
-0.5555555555555556,0.8383838383838385,-0.8069936242470227
-0.5353535353535352,0.8383838383838385,-0.6181003101810991
-0.5151515151515151,0.8383838383838385,-0.29488211329158986
-0.4949494949494949,0.8383838383838385,-0.3757629526219636
-0.4747474747474747,0.8383838383838385,-0.40288913654663805
-0.4545454545454545,0.8383838383838385,-0.18613796252480136
-0.43434343434343425,0.8383838383838385,-0.7677602758956967
-0.41414141414141414,0.8383838383838385,-0.6071361518469672
-0.3939393939393939,0.8383838383838385,-0.09915275433466186
-0.3737373737373737,0.8383838383838385,-0.8266757841986963
-0.3535353535353535,0.8383838383838385,-0.5804408043517878
-0.33333333333333326,0.8383838383838385,-0.8133483850296347
-0.31313131313131304,0.8383838383838385,-0.3653615177753172
-0.2929292929292928,0.8383838383838385,-0.4106481034705985
-0.2727272727272727,0.8383838383838385,-0.6719223365015954
-0.2525252525252525,0.8383838383838385,-0.747293313657301
-0.23232323232323226,0.8383838383838385,-0.26640758859542474
-0.21212121212121204,0.8383838383838385,-0.9627809738551952
-0.19191919191919182,0.8383838383838385,-0.4335402461968959
-0.1717171717171716,0.8383838383838385,-0.7327125791145788
-0.1515151515151515,0.8383838383838385,-0.6342467948241106
-0.13131313131313127,0.8383838383838385,-0.7581423028115061
-0.11111111111111105,0.8383838383838385,-0.754802334208005
-0.09090909090909083,0.8383838383838385,-0.5399153353399022
-0.07070707070707061,0.8383838383838385,-0.892147880662915
-0.050505050505050386,0.8383838383838385,-0.5923111929722471
-0.030303030303030276,0.8383838383838385,-0.9671597919228823
-0.010101010101010055,0.8383838383838385,-0.8865337964156454
0.010101010101010166,0.8383838383838385,-0.6996383353852246
0.030303030303030498,0.8383838383838385,-0.6736191570818559
0.05050505050505061,0.8383838383838385,-0.48090968674443735
0.07070707070707072,0.8383838383838385,-0.9160944365135492
0.09090909090909105,0.8383838383838385,-0.638085363786178
0.11111111111111116,0.8383838383838385,-0.5218596522635727
0.1313131313131315,0.8383838383838385,-0.7755078193666091
0.1515151515151516,0.8383838383838385,-0.6632218575832579
0.1717171717171717,0.8383838383838385,-0.6511320813156133
0.19191919191919204,0.8383838383838385,-0.43804507918815516
0.21212121212121215,0.8383838383838385,-0.5445714631103001
0.2323232323232325,0.8383838383838385,-0.708705392549625
0.2525252525252526,0.8383838383838385,-0.6554787807529462
0.27272727272727293,0.8383838383838385,-0.6519757765246461
0.29292929292929304,0.8383838383838385,-0.8041312203596167
0.31313131313131315,0.8383838383838385,-0.36205028842860587
0.3333333333333335,0.8383838383838385,-0.6812447029391617
0.3535353535353536,0.8383838383838385,-0.512348980697152
0.3737373737373739,0.8383838383838385,-0.36902596046820746
0.39393939393939403,0.8383838383838385,-0.7105600243361723
0.41414141414141437,0.8383838383838385,-0.7154365743015878
0.4343434343434345,0.8383838383838385,-0.6526747865409064
0.4545454545454546,0.8383838383838385,-0.1871564511269851
0.4747474747474749,0.8383838383838385,-0.9063593720157072
0.49494949494949503,0.8383838383838385,-0.46658714992498734
0.5151515151515154,0.8383838383838385,-0.7799865095615819
0.5353535353535355,0.8383838383838385,-0.3254982472386973
0.5555555555555556,0.8383838383838385,-0.5815777872675015
0.5757575757575759,0.8383838383838385,-0.7054748951776617
0.595959595959596,0.8383838383838385,-0.2915203723431392
0.6161616161616164,0.8383838383838385,-0.32472514691000853
0.6363636363636365,0.8383838383838385,0.1067668358316663
0.6565656565656568,0.8383838383838385,-0.22798065796952363
0.6767676767676769,0.8383838383838385,0.004334808705281634
0.696969696969697,0.8383838383838385,-0.35748890288126034
0.7171717171717173,0.8383838383838385,-0.19563194951744725
0.7373737373737375,0.8383838383838385,-0.46283488437584147
0.7575757575757578,0.8383838383838385,-0.14089606818109623
0.7777777777777779,0.8383838383838385,-0.1325292643496946
0.7979797979797982,0.8383838383838385,-0.3297380354240465
0.8181818181818183,0.8383838383838385,0.19738714523108405
0.8383838383838385,0.8383838383838385,-0.02774062952454978
0.8585858585858588,0.8383838383838385,0.38566009442249616
0.8787878787878789,0.8383838383838385,0.34374427905670557
0.8989898989898992,0.8383838383838385,0.006897840030211877
0.9191919191919193,0.8383838383838385,-0.034357227285960634
0.9393939393939394,0.8383838383838385,-0.44007300462541166
0.9595959595959598,0.8383838383838385,0.3530070982371367
0.9797979797979799,0.8383838383838385,0.3314502702450579
1.0,0.8383838383838385,0.053408761740809496
-1.0,0.8585858585858588,0.14148279813300513
-0.9797979797979798,0.8585858585858588,0.4128162261543321
-0.9595959595959596,0.8585858585858588,0.22542888324916235
-0.9393939393939394,0.8585858585858588,0.03373145103483281
-0.9191919191919192,0.8585858585858588,0.16642134512692344
-0.898989898989899,0.8585858585858588,0.22545235706905672
-0.8787878787878788,0.8585858585858588,-0.09714805589825484
-0.8585858585858586,0.8585858585858588,-0.09964793293254307
-0.8383838383838383,0.8585858585858588,-0.08594909854557811
-0.8181818181818181,0.8585858585858588,0.022591475392726657
-0.797979797979798,0.8585858585858588,-0.24681319274830646
-0.7777777777777778,0.8585858585858588,-0.07391562967532042
-0.7575757575757576,0.8585858585858588,0.02186232886926176
-0.7373737373737373,0.8585858585858588,-0.09148638443708096
-0.7171717171717171,0.8585858585858588,0.08629106657030178
-0.696969696969697,0.8585858585858588,-0.46005569859561246
-0.6767676767676767,0.8585858585858588,-0.1568247868240672
-0.6565656565656566,0.8585858585858588,-0.10493381847743685
-0.6363636363636364,0.8585858585858588,-0.03259431210421304
-0.6161616161616161,0.8585858585858588,-0.43050371377635605
-0.5959595959595959,0.8585858585858588,-0.1396777744978573
-0.5757575757575757,0.8585858585858588,-0.41481675021432146
-0.5555555555555556,0.8585858585858588,-0.33246839457443556
-0.5353535353535352,0.8585858585858588,-0.6904183052532643
-0.5151515151515151,0.8585858585858588,-0.6473522995202659
-0.4949494949494949,0.8585858585858588,-0.08743555177767948
-0.4747474747474747,0.8585858585858588,-0.20125324673635975
-0.4545454545454545,0.8585858585858588,-0.7047472785654015
-0.43434343434343425,0.8585858585858588,-0.5230992257415698
-0.41414141414141414,0.8585858585858588,-0.5235321267838766
-0.3939393939393939,0.8585858585858588,-0.5990910681352324
-0.3737373737373737,0.8585858585858588,-0.5091963310080598
-0.3535353535353535,0.8585858585858588,-0.3949474899856914
-0.33333333333333326,0.8585858585858588,-0.5603392096396927
-0.31313131313131304,0.8585858585858588,-0.24161160894532296
-0.2929292929292928,0.8585858585858588,-0.7565611685610008
-0.2727272727272727,0.8585858585858588,-0.7676675850462663
-0.2525252525252525,0.8585858585858588,-0.37817802820580215
-0.23232323232323226,0.8585858585858588,-0.5516659215429437
-0.21212121212121204,0.8585858585858588,-0.65453185982553
-0.19191919191919182,0.8585858585858588,-0.34376517179466015
-0.1717171717171716,0.8585858585858588,-0.7052540084112097
-0.1515151515151515,0.8585858585858588,-0.5482310788323456
-0.13131313131313127,0.8585858585858588,-0.9152188122047183
-0.11111111111111105,0.8585858585858588,-0.748509679360472
-0.09090909090909083,0.8585858585858588,-0.8325452374441539
-0.07070707070707061,0.8585858585858588,-0.5593380893546056
-0.050505050505050386,0.8585858585858588,-0.6743939419751396
-0.030303030303030276,0.8585858585858588,-0.7412962687703253
-0.010101010101010055,0.8585858585858588,-0.8509929798501558
0.010101010101010166,0.8585858585858588,-0.7981840936091791
0.030303030303030498,0.8585858585858588,-0.42832209379123987
0.05050505050505061,0.8585858585858588,-0.5711239439008385
0.07070707070707072,0.8585858585858588,-1.0527955415662043
0.09090909090909105,0.8585858585858588,-0.9287555191571721
0.11111111111111116,0.8585858585858588,-0.7241982823500445
0.1313131313131315,0.8585858585858588,-0.5729771832344043
0.1515151515151516,0.8585858585858588,-0.3048900090057999
0.1717171717171717,0.8585858585858588,-0.9071537603326618
0.19191919191919204,0.8585858585858588,-0.7926384266749752
0.21212121212121215,0.8585858585858588,-0.8127150507665386
0.2323232323232325,0.8585858585858588,-0.7360938507870874
0.2525252525252526,0.8585858585858588,-0.838450354029252
0.27272727272727293,0.8585858585858588,-0.8848501906184056
0.29292929292929304,0.8585858585858588,-0.6996326107770905
0.31313131313131315,0.8585858585858588,-0.5501987168163147
0.3333333333333335,0.8585858585858588,-0.5808697191947686
0.3535353535353536,0.8585858585858588,-0.7414452247445558
0.3737373737373739,0.8585858585858588,-0.4124611600241467
0.39393939393939403,0.8585858585858588,-0.8855238519580267
0.41414141414141437,0.8585858585858588,-0.5101882488491944
0.4343434343434345,0.8585858585858588,-0.6668258706178563
0.4545454545454546,0.8585858585858588,-0.19856460103500434
0.4747474747474749,0.8585858585858588,-0.5281421026302695
0.49494949494949503,0.8585858585858588,-0.698021800806185
0.5151515151515154,0.8585858585858588,-0.339494138901403
0.5353535353535355,0.8585858585858588,-0.4603798471027917
0.5555555555555556,0.8585858585858588,-0.5292982697764532
0.5757575757575759,0.8585858585858588,-0.6091507403271098
0.595959595959596,0.8585858585858588,-0.025606452216389575
0.6161616161616164,0.8585858585858588,-0.17416494097507126
0.6363636363636365,0.8585858585858588,-0.17808289698766502
0.6565656565656568,0.8585858585858588,-0.42949555581185084
0.6767676767676769,0.8585858585858588,-0.34960246902416
0.696969696969697,0.8585858585858588,-0.09379793831248845
0.7171717171717173,0.8585858585858588,-0.2906093522751065
0.7373737373737375,0.8585858585858588,-0.36822039262189354
0.7575757575757578,0.8585858585858588,0.007501158678621889
0.7777777777777779,0.8585858585858588,-0.09114087554057385
0.7979797979797982,0.8585858585858588,-0.32081188393830706
0.8181818181818183,0.8585858585858588,0.05885376856803931
0.8383838383838385,0.8585858585858588,0.40410656933029715
0.8585858585858588,0.8585858585858588,-0.39724294427386964
0.8787878787878789,0.8585858585858588,0.14619807430296883
0.8989898989898992,0.8585858585858588,-0.2433289068098196
0.9191919191919193,0.8585858585858588,-0.19518730071928436
0.9393939393939394,0.8585858585858588,-0.08890097377411416
0.9595959595959598,0.8585858585858588,-0.1064339828283059
0.9797979797979799,0.8585858585858588,0.37416602006704847
1.0,0.8585858585858588,0.36836095259472323
-1.0,0.8787878787878789,0.1409052562230846
-0.9797979797979798,0.8787878787878789,0.4959595969997206
-0.9595959595959596,0.8787878787878789,0.49645442147576024
-0.9393939393939394,0.8787878787878789,0.0801124474652288
-0.9191919191919192,0.8787878787878789,0.11143107039914488
-0.898989898989899,0.8787878787878789,0.4732691638283507
-0.8787878787878788,0.8787878787878789,0.21274625039687464
-0.8585858585858586,0.8787878787878789,0.34513988562614584
-0.8383838383838383,0.8787878787878789,0.14541676764482514
-0.8181818181818181,0.8787878787878789,0.04009027486484812
-0.797979797979798,0.8787878787878789,-0.1397491595583886
-0.7777777777777778,0.8787878787878789,-0.10144101149034408
-0.7575757575757576,0.8787878787878789,-0.31780298032655707
-0.7373737373737373,0.8787878787878789,-0.4056063092604389
-0.7171717171717171,0.8787878787878789,-0.257821666865813
-0.696969696969697,0.8787878787878789,-0.18494886354464052
-0.6767676767676767,0.8787878787878789,-0.3492506869151051
-0.6565656565656566,0.8787878787878789,-0.2656935994404854
-0.6363636363636364,0.8787878787878789,-0.07494800044281064
-0.6161616161616161,0.8787878787878789,-0.4477247701962365
-0.5959595959595959,0.8787878787878789,-0.23749565691637653
-0.5757575757575757,0.8787878787878789,-0.23195749034451252
-0.5555555555555556,0.8787878787878789,-0.48899855886806154
-0.5353535353535352,0.8787878787878789,-0.5729815176642128
-0.5151515151515151,0.8787878787878789,-0.47620316845424526
-0.4949494949494949,0.8787878787878789,-0.2106688567240726
-0.4747474747474747,0.8787878787878789,-0.7602643055208955
-0.4545454545454545,0.8787878787878789,-0.6664813026014726
-0.43434343434343425,0.8787878787878789,-0.7169255410315523
-0.41414141414141414,0.8787878787878789,-0.8182253698703102
-0.3939393939393939,0.8787878787878789,-0.6106493068120386
-0.3737373737373737,0.8787878787878789,-0.3523437558703204
-0.3535353535353535,0.8787878787878789,-0.8531093724176897
-0.33333333333333326,0.8787878787878789,-1.1475613876036908
-0.31313131313131304,0.8787878787878789,-0.6394752411299046
-0.2929292929292928,0.8787878787878789,-0.6423193254018985
-0.2727272727272727,0.8787878787878789,-0.6000736120674215
-0.2525252525252525,0.8787878787878789,-0.8727788543682
-0.23232323232323226,0.8787878787878789,-0.9722491202754409
-0.21212121212121204,0.8787878787878789,-0.8045154570354324
-0.19191919191919182,0.8787878787878789,-0.7028765488533337
-0.1717171717171716,0.8787878787878789,-0.7302919404586204
-0.1515151515151515,0.8787878787878789,-0.9565396353830772
-0.13131313131313127,0.8787878787878789,-0.935669779400473
-0.11111111111111105,0.8787878787878789,-0.5081373438467442
-0.09090909090909083,0.8787878787878789,-0.6044127152613573
-0.07070707070707061,0.8787878787878789,-0.809253212837066
-0.050505050505050386,0.8787878787878789,-0.699654606251988
-0.030303030303030276,0.8787878787878789,-0.7775468403252325
-0.010101010101010055,0.8787878787878789,-0.9503967660648147
0.010101010101010166,0.8787878787878789,-0.8071666606634125
0.030303030303030498,0.8787878787878789,-0.8294539692787682
0.05050505050505061,0.8787878787878789,-0.900417414777359
0.07070707070707072,0.8787878787878789,-0.6456027332147989
0.09090909090909105,0.8787878787878789,-0.9104869180236104
0.11111111111111116,0.8787878787878789,-0.7672478631837812
0.1313131313131315,0.8787878787878789,-0.7070568395506933
0.1515151515151516,0.8787878787878789,-0.588725046657456
0.1717171717171717,0.8787878787878789,-0.9215386856989972
0.19191919191919204,0.8787878787878789,-0.5569162064401966
0.21212121212121215,0.8787878787878789,-0.8403743783313918
0.2323232323232325,0.8787878787878789,-0.6587262334286176
0.2525252525252526,0.8787878787878789,-0.48633309498070987
0.27272727272727293,0.8787878787878789,-0.8773935166456034
0.29292929292929304,0.8787878787878789,-0.4062499953323209
0.31313131313131315,0.8787878787878789,-0.5644403916506625
0.3333333333333335,0.8787878787878789,-0.34240559880614563
0.3535353535353536,0.8787878787878789,-0.8387296943938097
0.3737373737373739,0.8787878787878789,-0.7132553517258466
0.39393939393939403,0.8787878787878789,-0.7597791379066714
0.41414141414141437,0.8787878787878789,-0.49565118696290156
0.4343434343434345,0.8787878787878789,-0.9538583569481437
0.4545454545454546,0.8787878787878789,-0.6393317526757689
0.4747474747474749,0.8787878787878789,-0.3423307329655092
0.49494949494949503,0.8787878787878789,-0.6970221856180137
0.5151515151515154,0.8787878787878789,-0.28158025612640103
0.5353535353535355,0.8787878787878789,-0.11930998514760993
0.5555555555555556,0.8787878787878789,-0.4728097574794399
0.5757575757575759,0.8787878787878789,-0.4863094374609252
0.595959595959596,0.8787878787878789,-0.38377714766460835
0.6161616161616164,0.8787878787878789,-0.4533407798879663
0.6363636363636365,0.8787878787878789,-0.12703136428059916
0.6565656565656568,0.8787878787878789,-0.19932787389722098
0.6767676767676769,0.8787878787878789,-0.161277665741317
0.696969696969697,0.8787878787878789,0.2751072544920016
0.7171717171717173,0.8787878787878789,-0.39604973364838014
0.7373737373737375,0.8787878787878789,0.1333998606511108
0.7575757575757578,0.8787878787878789,-0.10349133604780486
0.7777777777777779,0.8787878787878789,0.027906888526445156
0.7979797979797982,0.8787878787878789,-0.3815846833110278
0.8181818181818183,0.8787878787878789,0.014715198057875453
0.8383838383838385,0.8787878787878789,-0.09785850368674137
0.8585858585858588,0.8787878787878789,0.18350761425012807
0.8787878787878789,0.8787878787878789,-0.19742478121911422
0.8989898989898992,0.8787878787878789,-0.36411552564104427
0.9191919191919193,0.8787878787878789,0.08276694839240632
0.9393939393939394,0.8787878787878789,0.08126796851522268
0.9595959595959598,0.8787878787878789,0.18265686836071526
0.9797979797979799,0.8787878787878789,0.5797217955418674
1.0,0.8787878787878789,0.28556101513817483
-1.0,0.8989898989898992,0.36027526394873055
-0.9797979797979798,0.8989898989898992,0.17650931382994844
-0.9595959595959596,0.8989898989898992,-0.11096006897865651
-0.9393939393939394,0.8989898989898992,0.5299283332827597
-0.9191919191919192,0.8989898989898992,-0.4228464473032456
-0.898989898989899,0.8989898989898992,-0.5799129265426756
-0.8787878787878788,0.8989898989898992,-0.057913449256986035
-0.8585858585858586,0.8989898989898992,-0.23015354276503963
-0.8383838383838383,0.8989898989898992,-0.1011657483640889
-0.8181818181818181,0.8989898989898992,-0.29013227998967095
-0.797979797979798,0.8989898989898992,-0.17588961682078727
-0.7777777777777778,0.8989898989898992,0.03120165959844301
-0.7575757575757576,0.8989898989898992,-0.017853481522998566
-0.7373737373737373,0.8989898989898992,0.2780281296124977
-0.7171717171717171,0.8989898989898992,-0.4875679028842671
-0.696969696969697,0.8989898989898992,-0.6360507173973526
-0.6767676767676767,0.8989898989898992,-0.43616912944187125
-0.6565656565656566,0.8989898989898992,-0.49631612511754997
-0.6363636363636364,0.8989898989898992,-0.5139398916167337
-0.6161616161616161,0.8989898989898992,-0.2319475718914344
-0.5959595959595959,0.8989898989898992,-0.3902586831567951
-0.5757575757575757,0.8989898989898992,-0.6241762220604982
-0.5555555555555556,0.8989898989898992,-0.678937810696856
-0.5353535353535352,0.8989898989898992,-0.5994163402943553
-0.5151515151515151,0.8989898989898992,-0.5883578894844267
-0.4949494949494949,0.8989898989898992,-0.19198109780740336
-0.4747474747474747,0.8989898989898992,-0.5941551986688958
-0.4545454545454545,0.8989898989898992,-0.23585765725622237
-0.43434343434343425,0.8989898989898992,-0.7173036258064883
-0.41414141414141414,0.8989898989898992,-0.9146143385130485
-0.3939393939393939,0.8989898989898992,-0.8847889520625092
-0.3737373737373737,0.8989898989898992,-0.9308049986685666
-0.3535353535353535,0.8989898989898992,-0.29745078619861287
-0.33333333333333326,0.8989898989898992,-0.31827954622401744
-0.31313131313131304,0.8989898989898992,-1.0293050467807578
-0.2929292929292928,0.8989898989898992,-0.9281428510840007
-0.2727272727272727,0.8989898989898992,-1.2007266951201778
-0.2525252525252525,0.8989898989898992,-0.2979819038415051
-0.23232323232323226,0.8989898989898992,-0.46531394638095047
-0.21212121212121204,0.8989898989898992,-0.934304072024976
-0.19191919191919182,0.8989898989898992,-0.7667145562047502
-0.1717171717171716,0.8989898989898992,-0.8541447150897887
-0.1515151515151515,0.8989898989898992,-0.8342713318953352
-0.13131313131313127,0.8989898989898992,-0.6765446210576889
-0.11111111111111105,0.8989898989898992,-0.6593673560589288
-0.09090909090909083,0.8989898989898992,-1.0555478424237927
-0.07070707070707061,0.8989898989898992,-1.0135836718359417
-0.050505050505050386,0.8989898989898992,-0.7554754557998028
-0.030303030303030276,0.8989898989898992,-0.8501628713581267
-0.010101010101010055,0.8989898989898992,-0.7411128482023615
0.010101010101010166,0.8989898989898992,-0.5059753159084167
0.030303030303030498,0.8989898989898992,-0.9759835923538902
0.05050505050505061,0.8989898989898992,-0.9094386513584405
0.07070707070707072,0.8989898989898992,-0.7607318338053835
0.09090909090909105,0.8989898989898992,-0.937059648794171
0.11111111111111116,0.8989898989898992,-0.7246321706269857
0.1313131313131315,0.8989898989898992,-1.1497755992450864
0.1515151515151516,0.8989898989898992,-1.1856978814304195
0.1717171717171717,0.8989898989898992,-0.513492183986572
0.19191919191919204,0.8989898989898992,-0.9743938741813077
0.21212121212121215,0.8989898989898992,-0.602965784207123
0.2323232323232325,0.8989898989898992,-0.6548616004836469
0.2525252525252526,0.8989898989898992,-0.7864666206708367
0.27272727272727293,0.8989898989898992,-0.7989287253936233
0.29292929292929304,0.8989898989898992,-0.5214475422589313
0.31313131313131315,0.8989898989898992,-0.6304606143751234
0.3333333333333335,0.8989898989898992,-1.1512853779197674
0.3535353535353536,0.8989898989898992,-0.46181728827607504
0.3737373737373739,0.8989898989898992,-0.5069652118406978
0.39393939393939403,0.8989898989898992,-0.5235035682571726
0.41414141414141437,0.8989898989898992,-0.5398049271095379
0.4343434343434345,0.8989898989898992,-0.6330156870087444
0.4545454545454546,0.8989898989898992,-0.4805609864781054
0.4747474747474749,0.8989898989898992,-0.2433243767796872
0.49494949494949503,0.8989898989898992,-0.3820591138868266
0.5151515151515154,0.8989898989898992,-0.3848437307236602
0.5353535353535355,0.8989898989898992,-0.6637971587611109
0.5555555555555556,0.8989898989898992,-0.6553917565379971
0.5757575757575759,0.8989898989898992,-0.5451817548351363
0.595959595959596,0.8989898989898992,-0.6782641201084422
0.6161616161616164,0.8989898989898992,-0.32532780180871174
0.6363636363636365,0.8989898989898992,-0.4187363655455473
0.6565656565656568,0.8989898989898992,-0.7004815462625659
0.6767676767676769,0.8989898989898992,-0.5195077754636424
0.696969696969697,0.8989898989898992,-0.3616378678233446
0.7171717171717173,0.8989898989898992,-0.04551367240877621
0.7373737373737375,0.8989898989898992,0.046628325710504015
0.7575757575757578,0.8989898989898992,-0.4606914083102487
0.7777777777777779,0.8989898989898992,-0.06620151820555448
0.7979797979797982,0.8989898989898992,-0.22131873139694117
0.8181818181818183,0.8989898989898992,-0.16832304113407942
0.8383838383838385,0.8989898989898992,-0.03857421921035159
0.8585858585858588,0.8989898989898992,-0.01828814456533196
0.8787878787878789,0.8989898989898992,-0.07954763439023332
0.8989898989898992,0.8989898989898992,-0.0370752596958516
0.9191919191919193,0.8989898989898992,0.028216341145775425
0.9393939393939394,0.8989898989898992,0.12237977284706297
0.9595959595959598,0.8989898989898992,-0.007923311892849325
0.9797979797979799,0.8989898989898992,-0.2601571519644055
1.0,0.8989898989898992,0.4305718143533883
-1.0,0.9191919191919193,-0.03321092889399421
-0.9797979797979798,0.9191919191919193,0.20066192471896643
-0.9595959595959596,0.9191919191919193,-0.0606108290684991
-0.9393939393939394,0.9191919191919193,-0.08075999961160443
-0.9191919191919192,0.9191919191919193,-0.15334239035482092
-0.898989898989899,0.9191919191919193,0.15367688196530993
-0.8787878787878788,0.9191919191919193,-0.2480285055792204
-0.8585858585858586,0.9191919191919193,-0.27010544257931024
-0.8383838383838383,0.9191919191919193,0.1599024411329077
-0.8181818181818181,0.9191919191919193,-0.33081640198191414
-0.797979797979798,0.9191919191919193,-0.5884363926371596
-0.7777777777777778,0.9191919191919193,-0.1649021175363165
-0.7575757575757576,0.9191919191919193,-0.18933370765260887
-0.7373737373737373,0.9191919191919193,-0.12782169663336007
-0.7171717171717171,0.9191919191919193,-0.6814492494727808
-0.696969696969697,0.9191919191919193,-0.17894918121771117
-0.6767676767676767,0.9191919191919193,-0.042173874814083356
-0.6565656565656566,0.9191919191919193,-0.4532092632527019
-0.6363636363636364,0.9191919191919193,-0.43322624117768044
-0.6161616161616161,0.9191919191919193,-0.33554008614002606
-0.5959595959595959,0.9191919191919193,-0.3101127525608681
-0.5757575757575757,0.9191919191919193,-0.4909815510112332
-0.5555555555555556,0.9191919191919193,-0.4275748670409426
-0.5353535353535352,0.9191919191919193,-0.6840961942502569
-0.5151515151515151,0.9191919191919193,-0.5097138365960702
-0.4949494949494949,0.9191919191919193,-0.8741697677882341
-0.4747474747474747,0.9191919191919193,-0.7236190496336701
-0.4545454545454545,0.9191919191919193,-0.6681323321200614
-0.43434343434343425,0.9191919191919193,-0.3357719057499058
-0.41414141414141414,0.9191919191919193,-0.21187936208601355
-0.3939393939393939,0.9191919191919193,-0.6236561769591377
-0.3737373737373737,0.9191919191919193,-0.6635717776018091
-0.3535353535353535,0.9191919191919193,-0.6842575730708632
-0.33333333333333326,0.9191919191919193,-0.9111964460533716
-0.31313131313131304,0.9191919191919193,-0.7998421014149021
-0.2929292929292928,0.9191919191919193,-0.720022737717297
-0.2727272727272727,0.9191919191919193,-1.0351681213413961
-0.2525252525252525,0.9191919191919193,-0.9569319846355839
-0.23232323232323226,0.9191919191919193,-0.8679768822568668
-0.21212121212121204,0.9191919191919193,-0.7171448374197504
-0.19191919191919182,0.9191919191919193,-0.7327794345451445
-0.1717171717171716,0.9191919191919193,-0.5726338811854522
-0.1515151515151515,0.9191919191919193,-0.595694121633457
-0.13131313131313127,0.9191919191919193,-0.7091746420507522
-0.11111111111111105,0.9191919191919193,-0.927312251049424
-0.09090909090909083,0.9191919191919193,-0.7768958524452845
-0.07070707070707061,0.9191919191919193,-0.8944978293204668
-0.050505050505050386,0.9191919191919193,-1.0682084483569227
-0.030303030303030276,0.9191919191919193,-0.7722799061280613
-0.010101010101010055,0.9191919191919193,-0.8598390951709116
0.010101010101010166,0.9191919191919193,-0.5240575991948946
0.030303030303030498,0.9191919191919193,-0.8881174345248614
0.05050505050505061,0.9191919191919193,-1.2260237906228317
0.07070707070707072,0.9191919191919193,-0.9355533603012793
0.09090909090909105,0.9191919191919193,-0.8002137311974302
0.11111111111111116,0.9191919191919193,-0.7875979429635411
0.1313131313131315,0.9191919191919193,-0.6827866333762582
0.1515151515151516,0.9191919191919193,-1.0479708410293722
0.1717171717171717,0.9191919191919193,-0.5325399335912238
0.19191919191919204,0.9191919191919193,-0.6727435777820866
0.21212121212121215,0.9191919191919193,-0.6351085010536395
0.2323232323232325,0.9191919191919193,-1.0545075840340952
0.2525252525252526,0.9191919191919193,-0.9252577900840621
0.27272727272727293,0.9191919191919193,-0.7777779904475928
0.29292929292929304,0.9191919191919193,-0.8795374129393315
0.31313131313131315,0.9191919191919193,-0.9650401473358053
0.3333333333333335,0.9191919191919193,-0.7313681845808966
0.3535353535353536,0.9191919191919193,-1.082282759952477
0.3737373737373739,0.9191919191919193,-0.6262517402123764
0.39393939393939403,0.9191919191919193,-0.5348949276307847
0.41414141414141437,0.9191919191919193,-0.6780366423222249
0.4343434343434345,0.9191919191919193,-0.7239442794822833
0.4545454545454546,0.9191919191919193,-0.4881708820297358
0.4747474747474749,0.9191919191919193,-0.75652511777536
0.49494949494949503,0.9191919191919193,-0.7373357145109004
0.5151515151515154,0.9191919191919193,-0.5898419131167625
0.5353535353535355,0.9191919191919193,-0.19967809546340304
0.5555555555555556,0.9191919191919193,-0.36203511460286264
0.5757575757575759,0.9191919191919193,-0.23997728283162456
0.595959595959596,0.9191919191919193,-0.5903642077947636
0.6161616161616164,0.9191919191919193,-0.366985348758308
0.6363636363636365,0.9191919191919193,-0.20453244079740107
0.6565656565656568,0.9191919191919193,-0.3299435831863793
0.6767676767676769,0.9191919191919193,-0.21391253922638065
0.696969696969697,0.9191919191919193,-0.627974267759156
0.7171717171717173,0.9191919191919193,-0.8160556108787076
0.7373737373737375,0.9191919191919193,-0.10941124100703681
0.7575757575757578,0.9191919191919193,-0.18604441821358805
0.7777777777777779,0.9191919191919193,-0.7785831565043629
0.7979797979797982,0.9191919191919193,-0.0074317597941987446
0.8181818181818183,0.9191919191919193,-0.5471628527244167
0.8383838383838385,0.9191919191919193,-0.570325940565549
0.8585858585858588,0.9191919191919193,0.10112702601518594
0.8787878787878789,0.9191919191919193,-0.0911302768567111
0.8989898989898992,0.9191919191919193,-0.31760801754525253
0.9191919191919193,0.9191919191919193,0.20322118252317747
0.9393939393939394,0.9191919191919193,0.1382144509774244
0.9595959595959598,0.9191919191919193,0.5613850562626821
0.9797979797979799,0.9191919191919193,0.49257076722466464
1.0,0.9191919191919193,0.4781853106087278
-1.0,0.9393939393939394,0.09071306807242743
-0.9797979797979798,0.9393939393939394,0.2865772097772419
-0.9595959595959596,0.9393939393939394,-0.08480116124285349
-0.9393939393939394,0.9393939393939394,0.10939812374272868
-0.9191919191919192,0.9393939393939394,-0.26195591634594034
-0.898989898989899,0.9393939393939394,-0.3763253905551659
-0.8787878787878788,0.9393939393939394,0.2726672874845274
-0.8585858585858586,0.9393939393939394,-0.3918580764642429
-0.8383838383838383,0.9393939393939394,0.09703440484454717
-0.8181818181818181,0.9393939393939394,-0.4859381006585389
-0.797979797979798,0.9393939393939394,0.037155431922302196
-0.7777777777777778,0.9393939393939394,-0.4120984242249678
-0.7575757575757576,0.9393939393939394,-0.22411831431240364
-0.7373737373737373,0.9393939393939394,-0.4580626907391522
-0.7171717171717171,0.9393939393939394,-0.5973093480903164
-0.696969696969697,0.9393939393939394,-0.3645407118978449
-0.6767676767676767,0.9393939393939394,-0.5388783798018475
-0.6565656565656566,0.9393939393939394,-0.276401047696205
-0.6363636363636364,0.9393939393939394,-0.5774755087334386
-0.6161616161616161,0.9393939393939394,-0.46466660657005443
-0.5959595959595959,0.9393939393939394,-0.23400884382275838
-0.5757575757575757,0.9393939393939394,-0.6894109914176025
-0.5555555555555556,0.9393939393939394,-0.623675700911498
-0.5353535353535352,0.9393939393939394,-0.49961243648229836
-0.5151515151515151,0.9393939393939394,-0.5042358173172388
-0.4949494949494949,0.9393939393939394,-0.6751070201753319
-0.4747474747474747,0.9393939393939394,-0.7259219548577682
-0.4545454545454545,0.9393939393939394,-0.3971460826794357
-0.43434343434343425,0.9393939393939394,-0.7696260074213388
-0.41414141414141414,0.9393939393939394,-0.8055316692186729
-0.3939393939393939,0.9393939393939394,-0.6094937783803592
-0.3737373737373737,0.9393939393939394,-0.5690146192414726
-0.3535353535353535,0.9393939393939394,-0.3948580571580595
-0.33333333333333326,0.9393939393939394,-0.7499602908844215
-0.31313131313131304,0.9393939393939394,-0.858639027452396
-0.2929292929292928,0.9393939393939394,-0.8677511946565866
-0.2727272727272727,0.9393939393939394,-1.1401181019608246
-0.2525252525252525,0.9393939393939394,-0.5826618852527531
-0.23232323232323226,0.9393939393939394,-0.8445750952225075
-0.21212121212121204,0.9393939393939394,-0.574015202302921
-0.19191919191919182,0.9393939393939394,-1.0588303313795038
-0.1717171717171716,0.9393939393939394,-0.9058893774487229
-0.1515151515151515,0.9393939393939394,-0.9699115749345786
-0.13131313131313127,0.9393939393939394,-0.8166816848495149
-0.11111111111111105,0.9393939393939394,-0.33439336965076916
-0.09090909090909083,0.9393939393939394,-0.9555753853457976
-0.07070707070707061,0.9393939393939394,-1.1857281281719618
-0.050505050505050386,0.9393939393939394,-0.9800505896779824
-0.030303030303030276,0.9393939393939394,-0.9786989091086269
-0.010101010101010055,0.9393939393939394,-0.5930325920773512
0.010101010101010166,0.9393939393939394,-0.814795190190817
0.030303030303030498,0.9393939393939394,-0.6949205402439095
0.05050505050505061,0.9393939393939394,-0.5873374577962046
0.07070707070707072,0.9393939393939394,-1.1274206428191735
0.09090909090909105,0.9393939393939394,-0.6519617104479156
0.11111111111111116,0.9393939393939394,-0.6282228026810104
0.1313131313131315,0.9393939393939394,-0.5277519669983275
0.1515151515151516,0.9393939393939394,-0.757278941519724
0.1717171717171717,0.9393939393939394,-0.9114022836963929
0.19191919191919204,0.9393939393939394,-0.7597548966300068
0.21212121212121215,0.9393939393939394,-0.3963730874852869
0.2323232323232325,0.9393939393939394,-0.4806965249077946
0.2525252525252526,0.9393939393939394,-0.9770834078185069
0.27272727272727293,0.9393939393939394,-0.5498846170297305
0.29292929292929304,0.9393939393939394,-0.7843863531726317
0.31313131313131315,0.9393939393939394,-1.2811729103754275
0.3333333333333335,0.9393939393939394,-0.5310262480039412
0.3535353535353536,0.9393939393939394,-0.8830042741546688
0.3737373737373739,0.9393939393939394,-0.9537746588297078
0.39393939393939403,0.9393939393939394,-0.813608038452607
0.41414141414141437,0.9393939393939394,-0.7152598451462218
0.4343434343434345,0.9393939393939394,-0.7488320525375445
0.4545454545454546,0.9393939393939394,-0.3928381512894703
0.4747474747474749,0.9393939393939394,-0.4047764781736068
0.49494949494949503,0.9393939393939394,-0.4358810837439986
0.5151515151515154,0.9393939393939394,-0.3401981929331027
0.5353535353535355,0.9393939393939394,-0.7018548345165792
0.5555555555555556,0.9393939393939394,-0.33022748354420667
0.5757575757575759,0.9393939393939394,-0.5684714108427279
0.595959595959596,0.9393939393939394,-0.7183535147151077
0.6161616161616164,0.9393939393939394,-0.5291393855463725
0.6363636363636365,0.9393939393939394,-0.34190299497574606
0.6565656565656568,0.9393939393939394,-0.6311768271988248
0.6767676767676769,0.9393939393939394,-0.6297460297005657
0.696969696969697,0.9393939393939394,-0.35920689841294656
0.7171717171717173,0.9393939393939394,-0.09420120418178435
0.7373737373737375,0.9393939393939394,-0.6442313397285206
0.7575757575757578,0.9393939393939394,-0.16103091861243432
0.7777777777777779,0.9393939393939394,-0.07830249102559195
0.7979797979797982,0.9393939393939394,-0.4059285016888954
0.8181818181818183,0.9393939393939394,-0.24657726899089383
0.8383838383838385,0.9393939393939394,-0.6231026853979997
0.8585858585858588,0.9393939393939394,-0.2814821879265079
0.8787878787878789,0.9393939393939394,0.0032625744655433025
0.8989898989898992,0.9393939393939394,0.15688998671491716
0.9191919191919193,0.9393939393939394,0.25770991222778367
0.9393939393939394,0.9393939393939394,-0.00219318399947323
0.9595959595959598,0.9393939393939394,0.22828594424935258
0.9797979797979799,0.9393939393939394,-0.02731439408832191
1.0,0.9393939393939394,-0.11281809708699031
-1.0,0.9595959595959598,-0.03782225978847163
-0.9797979797979798,0.9595959595959598,-0.44113343994612125
-0.9595959595959596,0.9595959595959598,-0.33623231371694884
-0.9393939393939394,0.9595959595959598,0.25747561843641004
-0.9191919191919192,0.9595959595959598,-0.15875200400223347
-0.898989898989899,0.9595959595959598,0.13575524164920827
-0.8787878787878788,0.9595959595959598,-0.07571938086998684
-0.8585858585858586,0.9595959595959598,-0.2646667960761584
-0.8383838383838383,0.9595959595959598,-0.23542446638953396
-0.8181818181818181,0.9595959595959598,-0.16753744465109516
-0.797979797979798,0.9595959595959598,-0.6548972330998775
-0.7777777777777778,0.9595959595959598,-0.2624661009360433
-0.7575757575757576,0.9595959595959598,-0.435720301265289
-0.7373737373737373,0.9595959595959598,-0.5822694033553721
-0.7171717171717171,0.9595959595959598,-0.5250706596220407
-0.696969696969697,0.9595959595959598,-0.3156955674873378
-0.6767676767676767,0.9595959595959598,-0.5690092383460954
-0.6565656565656566,0.9595959595959598,-0.6247739918455402
-0.6363636363636364,0.9595959595959598,-0.5245828828140618
-0.6161616161616161,0.9595959595959598,-0.6001484774189122
-0.5959595959595959,0.9595959595959598,-0.5543971709792153
-0.5757575757575757,0.9595959595959598,-0.605132949286576
-0.5555555555555556,0.9595959595959598,-0.42979034965473495
-0.5353535353535352,0.9595959595959598,-0.763139739369695
-0.5151515151515151,0.9595959595959598,-0.38218967217882094
-0.4949494949494949,0.9595959595959598,-0.7997056467469305
-0.4747474747474747,0.9595959595959598,-0.8090016074135344
-0.4545454545454545,0.9595959595959598,-0.8903375649286588
-0.43434343434343425,0.9595959595959598,-0.6605255620829774
-0.41414141414141414,0.9595959595959598,-0.7575325949371748
-0.3939393939393939,0.9595959595959598,-0.30538741376405854
-0.3737373737373737,0.9595959595959598,-0.8748776764730445
-0.3535353535353535,0.9595959595959598,-0.7916519895729668
-0.33333333333333326,0.9595959595959598,-1.0804644053559491
-0.31313131313131304,0.9595959595959598,-0.622876991881752
-0.2929292929292928,0.9595959595959598,-0.7864045774776576
-0.2727272727272727,0.9595959595959598,-0.8268141259956256
-0.2525252525252525,0.9595959595959598,-0.740010330303464
-0.23232323232323226,0.9595959595959598,-0.8780534840587704
-0.21212121212121204,0.9595959595959598,-0.9490028398048066
-0.19191919191919182,0.9595959595959598,-0.83144548336616
-0.1717171717171716,0.9595959595959598,-1.0539164208162093
-0.1515151515151515,0.9595959595959598,-1.0638754805622104
-0.13131313131313127,0.9595959595959598,-0.9073751533147245
-0.11111111111111105,0.9595959595959598,-0.9924264641926039
-0.09090909090909083,0.9595959595959598,-1.0646499162414833
-0.07070707070707061,0.9595959595959598,-0.9929465510609577
-0.050505050505050386,0.9595959595959598,-0.840515978096943
-0.030303030303030276,0.9595959595959598,-1.1489915629875997
-0.010101010101010055,0.9595959595959598,-0.770318985809578
0.010101010101010166,0.9595959595959598,-1.3070180396646547
0.030303030303030498,0.9595959595959598,-0.7230411515789237
0.05050505050505061,0.9595959595959598,-0.8192330737646096
0.07070707070707072,0.9595959595959598,-0.6431502498802495
0.09090909090909105,0.9595959595959598,-0.9203137915692736
0.11111111111111116,0.9595959595959598,-1.1284105783418255
0.1313131313131315,0.9595959595959598,-0.8090400052115501
0.1515151515151516,0.9595959595959598,-0.62267214505658
0.1717171717171717,0.9595959595959598,-0.9876902839465416
0.19191919191919204,0.9595959595959598,-0.7381375911033615
0.21212121212121215,0.9595959595959598,-1.246312244522238
0.2323232323232325,0.9595959595959598,-0.8163213278587258
0.2525252525252526,0.9595959595959598,-0.5882163593671869
0.27272727272727293,0.9595959595959598,-0.9862208409205047
0.29292929292929304,0.9595959595959598,-0.8987026443412144
0.31313131313131315,0.9595959595959598,-0.7216676713849327
0.3333333333333335,0.9595959595959598,-0.8557717482078505
0.3535353535353536,0.9595959595959598,-0.8321133500999646
0.3737373737373739,0.9595959595959598,-0.8552301131814185
0.39393939393939403,0.9595959595959598,-0.4821720137817603
0.41414141414141437,0.9595959595959598,-0.8568355626812225
0.4343434343434345,0.9595959595959598,-0.5965648682653556
0.4545454545454546,0.9595959595959598,-0.6203528898340688
0.4747474747474749,0.9595959595959598,-0.8783665423445187
0.49494949494949503,0.9595959595959598,-0.4377056834260142
0.5151515151515154,0.9595959595959598,-0.6934716208648629
0.5353535353535355,0.9595959595959598,-0.7722055991495258
0.5555555555555556,0.9595959595959598,-0.1785105529605417
0.5757575757575759,0.9595959595959598,-0.710978633201389
0.595959595959596,0.9595959595959598,-0.6472830903840481
0.6161616161616164,0.9595959595959598,-0.752431029686769
0.6363636363636365,0.9595959595959598,-0.43555638434243904
0.6565656565656568,0.9595959595959598,-0.3066411408715918
0.6767676767676769,0.9595959595959598,-0.2926094166599854
0.696969696969697,0.9595959595959598,-0.4465476205574964
0.7171717171717173,0.9595959595959598,-0.1877225753715399
0.7373737373737375,0.9595959595959598,-0.40630006573243677
0.7575757575757578,0.9595959595959598,-0.4546500693814781
0.7777777777777779,0.9595959595959598,-0.189932072702237
0.7979797979797982,0.9595959595959598,-0.29261469626745795
0.8181818181818183,0.9595959595959598,-0.4335547864904874
0.8383838383838385,0.9595959595959598,-0.3532501542545271
0.8585858585858588,0.9595959595959598,-0.158490382138266
0.8787878787878789,0.9595959595959598,0.1793833939619558
0.8989898989898992,0.9595959595959598,0.02792745200047675
0.9191919191919193,0.9595959595959598,-0.4733429720460755
0.9393939393939394,0.9595959595959598,-0.019809181679918575
0.9595959595959598,0.9595959595959598,0.015267865055689923
0.9797979797979799,0.9595959595959598,0.31613662680162413
1.0,0.9595959595959598,0.21551285927326233
-1.0,0.9797979797979799,0.3809063444581572
-0.9797979797979798,0.9797979797979799,-0.3607136608376974
-0.9595959595959596,0.9797979797979799,0.24793003737530261
-0.9393939393939394,0.9797979797979799,-0.3003669128875289
-0.9191919191919192,0.9797979797979799,-0.21648539467464029
-0.898989898989899,0.9797979797979799,-0.23939733867905516
-0.8787878787878788,0.9797979797979799,-0.22208714749868994
-0.8585858585858586,0.9797979797979799,-0.24695678399737847
-0.8383838383838383,0.9797979797979799,-0.009729076304788226
-0.8181818181818181,0.9797979797979799,-0.40956853479808686
-0.797979797979798,0.9797979797979799,-0.5967743273013222
-0.7777777777777778,0.9797979797979799,-0.5811181923537297
-0.7575757575757576,0.9797979797979799,-0.5243046894172823
-0.7373737373737373,0.9797979797979799,-0.24994143510133107
-0.7171717171717171,0.9797979797979799,-0.21375458486796078
-0.696969696969697,0.9797979797979799,-0.6326985632569199
-0.6767676767676767,0.9797979797979799,-0.3446464300730534
-0.6565656565656566,0.9797979797979799,-0.6335837103495919
-0.6363636363636364,0.9797979797979799,-0.5098782116447214
-0.6161616161616161,0.9797979797979799,-0.42881639321956666
-0.5959595959595959,0.9797979797979799,-0.5350232212202022
-0.5757575757575757,0.9797979797979799,-0.6004642599824715
-0.5555555555555556,0.9797979797979799,-0.49177901003524127
-0.5353535353535352,0.9797979797979799,-0.6830621084584035
-0.5151515151515151,0.9797979797979799,-0.8868616225275191
-0.4949494949494949,0.9797979797979799,-0.8554271925550647
-0.4747474747474747,0.9797979797979799,-0.4591855603928025
-0.4545454545454545,0.9797979797979799,-0.7454383007474957
-0.43434343434343425,0.9797979797979799,-1.1082300992639587
-0.41414141414141414,0.9797979797979799,-0.7073752295753527
-0.3939393939393939,0.9797979797979799,-0.7866734835700613
-0.3737373737373737,0.9797979797979799,-0.6963737742726346
-0.3535353535353535,0.9797979797979799,-0.4523017401122274
-0.33333333333333326,0.9797979797979799,-0.8061540542798269
-0.31313131313131304,0.9797979797979799,-0.9126511809221484
-0.2929292929292928,0.9797979797979799,-0.5716478062794292
-0.2727272727272727,0.9797979797979799,-0.7832241595581567
-0.2525252525252525,0.9797979797979799,-1.1030878690410046
-0.23232323232323226,0.9797979797979799,-0.9396350979419118
-0.21212121212121204,0.9797979797979799,-0.6863288498145518
-0.19191919191919182,0.9797979797979799,-1.0533182763501503
-0.1717171717171716,0.9797979797979799,-1.1203217295361036
-0.1515151515151515,0.9797979797979799,-0.62792827530668
-0.13131313131313127,0.9797979797979799,-0.720464229352031
-0.11111111111111105,0.9797979797979799,-0.8086378608183914
-0.09090909090909083,0.9797979797979799,-0.9703189346300626
-0.07070707070707061,0.9797979797979799,-0.7745015063112002
-0.050505050505050386,0.9797979797979799,-1.2790383963469552
-0.030303030303030276,0.9797979797979799,-1.4461178022243004
-0.010101010101010055,0.9797979797979799,-1.0610096681000807
0.010101010101010166,0.9797979797979799,-0.964897561126174
0.030303030303030498,0.9797979797979799,-0.5685561803129946
0.05050505050505061,0.9797979797979799,-0.9418502210593884
0.07070707070707072,0.9797979797979799,-0.7386762225299596
0.09090909090909105,0.9797979797979799,-1.177163812815339
0.11111111111111116,0.9797979797979799,-0.9794808411709394
0.1313131313131315,0.9797979797979799,-1.1609182094528299
0.1515151515151516,0.9797979797979799,-0.9245843546683736
0.1717171717171717,0.9797979797979799,-1.2901663711980755
0.19191919191919204,0.9797979797979799,-1.0830599779948271
0.21212121212121215,0.9797979797979799,-0.9556348687705079
0.2323232323232325,0.9797979797979799,-0.9976505414356792
0.2525252525252526,0.9797979797979799,-0.7525302217631711
0.27272727272727293,0.9797979797979799,-0.7211900353176783
0.29292929292929304,0.9797979797979799,-0.9588570136958895
0.31313131313131315,0.9797979797979799,-0.8747097975305126
0.3333333333333335,0.9797979797979799,-0.5964768714906146
0.3535353535353536,0.9797979797979799,-1.0672681359689025
0.3737373737373739,0.9797979797979799,-0.9328477109527762
0.39393939393939403,0.9797979797979799,-0.8177960010037085
0.41414141414141437,0.9797979797979799,-0.3863977355474839
0.4343434343434345,0.9797979797979799,-1.0190888152219835
0.4545454545454546,0.9797979797979799,-1.1333463630150218
0.4747474747474749,0.9797979797979799,-0.8917856485305532
0.49494949494949503,0.9797979797979799,-0.7324421164973711
0.5151515151515154,0.9797979797979799,-0.4539990693367737
0.5353535353535355,0.9797979797979799,-0.6286295580711314
0.5555555555555556,0.9797979797979799,-0.5554127222501104
0.5757575757575759,0.9797979797979799,-0.7941502063375628
0.595959595959596,0.9797979797979799,-0.37518008698369043
0.6161616161616164,0.9797979797979799,-0.9752200454444748
0.6363636363636365,0.9797979797979799,-0.41488996276963647
0.6565656565656568,0.9797979797979799,-0.18879477787744048
0.6767676767676769,0.9797979797979799,-0.7362979532625673
0.696969696969697,0.9797979797979799,-0.43484442323285166
0.7171717171717173,0.9797979797979799,-0.5996705551749615
0.7373737373737375,0.9797979797979799,-0.7357280510747681
0.7575757575757578,0.9797979797979799,-0.37812349831137965
0.7777777777777779,0.9797979797979799,-0.34641294501049974
0.7979797979797982,0.9797979797979799,-0.29050134759521945
0.8181818181818183,0.9797979797979799,-0.554795256629283
0.8383838383838385,0.9797979797979799,-0.16719847203308735
0.8585858585858588,0.9797979797979799,-0.17180185839335826
0.8787878787878789,0.9797979797979799,0.06845436047578035
0.8989898989898992,0.9797979797979799,-0.044872316598248016
0.9191919191919193,0.9797979797979799,0.12628636543234026
0.9393939393939394,0.9797979797979799,-0.24679400021063383
0.9595959595959598,0.9797979797979799,0.12428859374813278
0.9797979797979799,0.9797979797979799,-0.15663497910534277
1.0,0.9797979797979799,0.24475314090463907
-1.0,1.0,0.22829944266461447
-0.9797979797979798,1.0,-0.26958032694751766
-0.9595959595959596,1.0,0.055400584045999096
-0.9393939393939394,1.0,-0.18726406326201203
-0.9191919191919192,1.0,-0.061436905577468046
-0.898989898989899,1.0,-0.15487976864269226
-0.8787878787878788,1.0,-0.16227252415420432
-0.8585858585858586,1.0,-0.25094312122650997
-0.8383838383838383,1.0,-0.16685318575892763
-0.8181818181818181,1.0,-0.4385063726072341
-0.797979797979798,1.0,-0.6720189914027968
-0.7777777777777778,1.0,-0.2475766205058139
-0.7575757575757576,1.0,-0.5077757738025563
-0.7373737373737373,1.0,-0.19629224458593358
-0.7171717171717171,1.0,-0.5892917603148433
-0.696969696969697,1.0,-0.7430767581102384
-0.6767676767676767,1.0,-0.6613887754871037
-0.6565656565656566,1.0,-0.5886351302747452
-0.6363636363636364,1.0,-0.5953929715673235
-0.6161616161616161,1.0,-0.6104709061898999
-0.5959595959595959,1.0,-0.9809774888296792
-0.5757575757575757,1.0,-0.5743718775310314
-0.5555555555555556,1.0,-0.7367277697653126
-0.5353535353535352,1.0,-0.7913614238677295
-0.5151515151515151,1.0,-1.0483008990115792
-0.4949494949494949,1.0,-0.5487628874047432
-0.4747474747474747,1.0,-0.6349242631604177
-0.4545454545454545,1.0,-0.5649873067220827
-0.43434343434343425,1.0,-0.9197586431951318
-0.41414141414141414,1.0,-1.0135560887182402
-0.3939393939393939,1.0,-1.295609966598782
-0.3737373737373737,1.0,-0.7485905179142671
-0.3535353535353535,1.0,-0.6814862104104982
-0.33333333333333326,1.0,-0.6027825661209365
-0.31313131313131304,1.0,-0.7466789782877754
-0.2929292929292928,1.0,-0.9485665958583873
-0.2727272727272727,1.0,-1.1830460016107507
-0.2525252525252525,1.0,-0.5477644794806358
-0.23232323232323226,1.0,-0.8415511519911029
-0.21212121212121204,1.0,-0.9202358872936253
-0.19191919191919182,1.0,-0.5412704964365148
-0.1717171717171716,1.0,-0.9878423667544641
-0.1515151515151515,1.0,-0.9705040331392029
-0.13131313131313127,1.0,-1.1232598298133736
-0.11111111111111105,1.0,-1.0328957531895284
-0.09090909090909083,1.0,-1.2040500421697646
-0.07070707070707061,1.0,-0.9620501214201931
-0.050505050505050386,1.0,-1.0222375726937194
-0.030303030303030276,1.0,-1.0245551487485858
-0.010101010101010055,1.0,-0.5520952790826378
0.010101010101010166,1.0,-0.9084273600016846
0.030303030303030498,1.0,-1.1801677697954822
0.05050505050505061,1.0,-0.8386147752940176
0.07070707070707072,1.0,-1.1556399453530632
0.09090909090909105,1.0,-1.09233391903026
0.11111111111111116,1.0,-1.1094787336985206
0.1313131313131315,1.0,-0.778441846916497
0.1515151515151516,1.0,-1.1370340730882007
0.1717171717171717,1.0,-0.6717794636915073
0.19191919191919204,1.0,-0.796175767484265
0.21212121212121215,1.0,-1.1570852674858156
0.2323232323232325,1.0,-0.917517707942634
0.2525252525252526,1.0,-0.6932314439696321
0.27272727272727293,1.0,-1.052429813879598
0.29292929292929304,1.0,-1.1143983886819404
0.31313131313131315,1.0,-0.7816830281957038
0.3333333333333335,1.0,-0.5187644999953878
0.3535353535353536,1.0,-1.0198657767365513
0.3737373737373739,1.0,-1.0449481166442927
0.39393939393939403,1.0,-0.8075607700766714
0.41414141414141437,1.0,-0.7561425187776757
0.4343434343434345,1.0,-0.9511666681894901
0.4545454545454546,1.0,-0.7915639657228196
0.4747474747474749,1.0,-0.5977052054895285
0.49494949494949503,1.0,-0.9887131689316143
0.5151515151515154,1.0,-0.7668903124832834
0.5353535353535355,1.0,-0.4872338983108072
0.5555555555555556,1.0,-0.6870263491981301
0.5757575757575759,1.0,-0.9447813889227861
0.595959595959596,1.0,-0.6593142458985636
0.6161616161616164,1.0,-0.7470823618993288
0.6363636363636365,1.0,-0.7063584105988432
0.6565656565656568,1.0,-0.2706943177211875
0.6767676767676769,1.0,-0.4779173711235857
0.696969696969697,1.0,-0.6502379824926618
0.7171717171717173,1.0,-0.6482313888107583
0.7373737373737375,1.0,-0.4582303967920145
0.7575757575757578,1.0,-0.5423343988713274
0.7777777777777779,1.0,-0.873568291986236
0.7979797979797982,1.0,-0.29822414162216637
0.8181818181818183,1.0,-0.030894171401932402
0.8383838383838385,1.0,-0.22179343282848457
0.8585858585858588,1.0,-0.24095212382073383
0.8787878787878789,1.0,-0.2053250733978247
0.8989898989898992,1.0,-0.31817825254563753
0.9191919191919193,1.0,-0.055192782295094944
0.9393939393939394,1.0,-0.17016886514512392
0.9595959595959598,1.0,0.3341272476039956
0.9797979797979799,1.0,-0.38428176763069816
1.0,1.0,-0.1636017102593648
